CustomerID,recency_days,purchase_frequency,historical_revenue,total_quantity,unique_products,customer_tenure_days,average_order_value,avg_quantity_per_order,orders_per_month,revenue_90d,revenue_30d,previous_90d_revenue,spending_trend,future_revenue,country
12346,133,1,77183.6,74215,1,133,77183.6,74215.0,0.18404907975460122,0.0,0.0,77183.6,-77183.6,0.0,United Kingdom
12347,54,3,1823.43,1117,63,175,607.8100000000001,372.3333333333333,0.43902439024390244,636.25,0.0,1187.18,-550.9300000000001,2486.57,Iceland
12348,56,3,1487.24,2124,22,166,495.74666666666667,708.0,0.45918367346938777,367.0,0.0,1120.24,-753.24,310.0,Finland
12350,118,1,334.40000000000003,197,17,118,334.40000000000003,197.0,0.2027027027027027,0.0,0.0,334.40000000000003,-334.40000000000003,0.0,Norway
12352,70,5,1561.81,254,26,104,312.36199999999997,50.8,1.1194029850746268,280.66,0.0,1281.15,-1000.49,944.23,Norway
12353,12,1,89.0,20,4,12,89.0,20.0,0.7142857142857143,89.0,89.0,0.0,89.0,0.0,Bahrain
12354,40,1,1079.4,530,58,40,1079.4,530.0,0.4285714285714286,1079.4,0.0,0.0,1079.4,0.0,Spain
12355,22,1,459.40000000000003,240,13,22,459.40000000000003,240.0,0.5769230769230769,459.40000000000003,459.40000000000003,0.0,459.40000000000003,0.0,Bahrain
12356,53,2,2753.08,1586,53,133,1376.54,793.0,0.36809815950920244,481.46000000000004,0.0,2271.62,-1790.1599999999999,58.349999999999994,Portugal
12359,113,2,2386.41,609,93,139,1193.205,304.5,0.35502958579881655,0.0,0.0,2386.41,-2386.41,3986.17,Cyprus
12360,8,1,1083.58,434,45,8,1083.58,434.0,0.7894736842105263,1083.58,1083.58,0.0,1083.58,1578.48,Austria
12361,95,1,189.9,91,10,95,189.9,91.0,0.24000000000000005,0.0,0.0,189.9,-189.9,0.0,Belgium
12362,33,2,974.34,504,52,103,487.17,252.0,0.45112781954887216,495.24,0.0,479.1,16.139999999999986,4251.89,Belgium
12363,50,1,299.1,282,16,50,299.1,282.0,0.37499999999999994,299.1,0.0,0.0,299.1,252.9,Unspecified
12365,99,2,641.38,174,22,99,320.69,87.0,0.46511627906976744,0.0,0.0,641.38,-641.38,0.0,Cyprus
12370,82,3,2806.41,1973,125,168,935.4699999999999,657.6666666666666,0.4545454545454546,938.39,0.0,1868.02,-929.63,739.28,Cyprus
12372,20,2,914.9200000000001,592,32,104,457.46000000000004,296.0,0.44776119402985076,515.7,515.7,399.22,116.48000000000002,383.12,Denmark
12373,119,1,364.6,197,14,119,364.6,197.0,0.20134228187919462,0.0,0.0,364.6,-364.6,0.0,Austria
12377,123,2,1628.1200000000001,944,72,162,814.0600000000001,472.0,0.3125,0.0,0.0,1628.1200000000001,-1628.1200000000001,0.0,Switzerland
12383,46,4,1751.11,1512,82,160,437.7775,378.0,0.6315789473684211,499.23,0.0,1251.88,-752.6500000000001,99.45,Belgium
12386,145,2,401.9,354,10,174,200.95,177.0,0.29411764705882354,0.0,0.0,401.9,-401.9,0.0,Australia
12388,83,3,766.25,331,23,134,255.41666666666666,110.33333333333333,0.5487804878048781,210.9,0.0,555.35,-344.45000000000005,2014.41,Australia
12393,53,3,1061.1000000000001,522,33,140,353.70000000000005,174.0,0.5294117647058824,421.6,0.0,639.5,-217.89999999999998,521.5,Australia
12394,25,1,381.08,182,21,25,381.08,182.0,0.5454545454545454,381.08,381.08,0.0,381.08,891.4000000000001,Belgium
12395,19,6,1569.72,1491,59,179,261.62,248.5,0.8612440191387559,658.29,331.79,911.43,-253.14,1448.91,Belgium
12399,21,2,768.9499999999999,858,33,69,384.47499999999997,429.0,0.6060606060606061,768.9499999999999,480.9,0.0,768.9499999999999,339.7,Belgium
12401,111,1,84.3,11,5,111,84.3,11.0,0.2127659574468085,0.0,0.0,84.3,-84.3,0.0,Belgium
12402,131,1,225.60000000000002,94,11,131,225.60000000000002,94.0,0.1863354037267081,0.0,0.0,225.60000000000002,-225.60000000000002,0.0,Belgium
12407,43,2,495.96,419,23,72,247.98,209.5,0.5882352941176471,495.96,0.0,0.0,495.96,1212.16,Belgium
12408,68,2,837.59,356,36,68,418.795,178.0,0.6122448979591837,837.59,0.0,0.0,837.59,2050.96,Belgium
12410,116,2,693.33,211,26,116,346.665,105.5,0.410958904109589,0.0,0.0,693.33,-693.33,0.0,Switzerland
12413,44,2,563.9,205,25,145,281.95,102.5,0.34285714285714286,84.65,0.0,479.25,-394.6,194.20000000000002,France
12414,25,3,562.4100000000001,300,16,118,187.47000000000003,100.0,0.6081081081081081,408.65000000000003,165.85000000000002,153.76,254.89000000000004,0.0,Austria
12415,11,7,50883.9,31999,217,145,7269.128571428571,4571.285714285715,1.2,29768.0,12691.16,21115.9,8652.099999999999,74030.63,Australia
12417,33,4,1461.08,561,65,165,365.27,140.25,0.6153846153846154,846.3,0.0,614.78,231.51999999999998,2188.02,Belgium
12421,127,1,157.45,104,11,127,157.45,104.0,0.19108280254777069,0.0,0.0,157.45,-157.45,649.59,Spain
12422,132,1,238.5,113,13,132,238.5,113.0,0.18518518518518517,0.0,0.0,238.5,-238.5,565.0600000000001,Australia
12423,8,5,1366.77,930,78,161,273.354,186.0,0.7853403141361257,936.53,333.82,430.24,506.28999999999996,492.54,Belgium
12426,2,1,582.73,258,30,2,582.73,258.0,0.9375,582.73,582.73,0.0,582.73,0.0,Germany
12427,179,1,303.5,79,10,179,303.5,79.0,0.14354066985645933,0.0,0.0,303.5,-303.5,522.3,Germany
12428,50,6,6310.54,2773,228,91,1051.7566666666667,462.1666666666667,1.4876033057851241,1341.32,0.0,4969.22,-3627.9000000000005,1645.92,Finland
12429,35,2,1719.48,652,39,173,859.74,326.0,0.2955665024630542,437.98,0.0,1281.5,-843.52,2030.92,Austria
12431,8,7,3158.53,1274,107,181,451.21857142857147,182.0,0.9952606635071091,947.25,947.25,1853.03,-905.78,3328.92,Australia
12433,174,2,3787.12,3582,79,181,1893.56,1791.0,0.2843601895734597,0.0,0.0,1867.98,-1867.98,9588.75,Norway
12434,68,1,286.25,77,16,68,286.25,77.0,0.30612244897959184,286.25,0.0,0.0,286.25,519.89,Australia
12435,75,1,3978.9900000000002,879,19,75,3978.9900000000002,879.0,0.2857142857142857,3978.9900000000002,0.0,0.0,3978.9900000000002,3850.9000000000005,Denmark
12437,6,8,1975.09,1284,50,139,246.88625,160.5,1.4201183431952662,992.13,635.32,982.9599999999999,9.170000000000073,2976.32,France
12441,174,1,173.55,121,11,174,173.55,121.0,0.14705882352941177,0.0,0.0,173.55,-173.55,0.0,France
12447,51,1,476.49,190,26,51,476.49,190.0,0.37037037037037035,476.49,0.0,0.0,476.49,0.0,Belgium
12451,26,2,5307.82,4105,162,132,2653.91,2052.5,0.37037037037037035,2388.31,2388.31,2919.5099999999998,-531.1999999999998,3727.7,Switzerland
12455,103,2,1698.9,1523,42,104,849.45,761.5,0.44776119402985076,0.0,0.0,1698.9,-1698.9,767.96,Cyprus
12456,62,1,940.1700000000001,445,41,62,940.1700000000001,445.0,0.32608695652173914,940.1700000000001,0.0,0.0,940.1700000000001,2240.87,Switzerland
12457,41,3,1067.25,397,23,47,355.75,132.33333333333334,1.168831168831169,1067.25,0.0,0.0,1067.25,1295.98,Switzerland
12458,92,1,441.92,270,19,92,441.92,270.0,0.24590163934426232,0.0,0.0,441.92,-441.92,505.48,Switzerland
12462,111,1,762.11,287,40,111,762.11,287.0,0.2127659574468085,0.0,0.0,762.11,-762.11,427.48,Spain
12463,14,2,647.95,357,32,49,323.975,178.5,0.759493670886076,647.95,297.38,0.0,647.95,696.83,Belgium
12464,8,4,544.85,54,6,117,136.2125,13.5,0.8163265306122448,181.0,181.0,363.85,-182.85000000000002,667.2,Belgium
12468,124,1,220.59,127,12,124,220.59,127.0,0.1948051948051948,0.0,0.0,220.59,-220.59,508.95000000000005,Germany
12471,18,13,8397.32,3049,82,172,645.9476923076923,234.53846153846155,1.9306930693069306,2433.81,881.1999999999999,5963.51,-3529.7000000000003,11426.73,Germany
12472,75,3,3048.84,1825,116,177,1016.2800000000001,608.3333333333334,0.43478260869565216,592.1800000000001,0.0,2456.66,-1864.4799999999998,3523.27,Germany
12474,8,8,2719.13,1662,117,137,339.89125,207.75,1.437125748502994,1831.75,768.08,887.38,944.37,4656.66,Germany
12476,26,5,2445.1,828,71,169,489.02,165.6,0.7537688442211055,1722.87,311.2,722.23,1000.6399999999999,4371.32,Germany
12477,47,2,4576.97,1367,97,109,2288.485,683.5,0.43165467625899284,2221.02,0.0,2355.9500000000003,-134.9300000000003,8642.77,Germany
12480,75,2,1587.27,762,67,144,793.635,381.0,0.3448275862068966,771.02,0.0,816.25,-45.23000000000002,1694.36,Germany
12481,12,7,3100.55,1944,104,173,442.9357142857143,277.7142857142857,1.0344827586206897,1706.12,873.78,1394.43,311.6899999999998,2495.77,Germany
12483,13,4,994.6600000000001,441,24,147,248.66500000000002,110.25,0.6779661016949152,447.1,124.10000000000001,547.56,-100.45999999999992,1490.3200000000002,Sweden
12484,144,1,1138.67,630,98,144,1138.67,630.0,0.1724137931034483,0.0,0.0,1138.67,-1138.67,3403.05,Spain
12489,144,1,334.93,105,15,144,334.93,105.0,0.1724137931034483,0.0,0.0,334.93,-334.93,0.0,France
12490,22,2,1195.72,712,51,137,597.86,356.0,0.3592814371257485,331.5,331.5,864.22,-532.72,4222.21,France
12493,5,1,232.5,88,12,5,232.5,88.0,0.8571428571428571,232.5,232.5,0.0,232.5,201.24,France
12494,4,4,715.64,285,34,173,178.91,71.25,0.5911330049261084,403.09000000000003,403.09000000000003,312.55,90.54000000000002,530.46,France
12500,74,4,1210.2,908,9,141,302.55,227.0,0.7017543859649122,491.28,0.0,718.92,-227.64,3047.62,Germany
12501,144,1,2169.39,1783,149,144,2169.39,1783.0,0.1724137931034483,0.0,0.0,2169.39,-2169.39,0.0,Germany
12502,25,3,1842.65,434,61,117,614.2166666666667,144.66666666666666,0.6122448979591836,1225.4,522.6,617.25,608.1500000000001,1881.22,Spain
12506,40,1,73.5,23,23,40,73.5,23.0,0.4285714285714286,73.5,0.0,0.0,73.5,0.0,France
12507,106,1,446.16,219,13,106,446.16,219.0,0.22058823529411764,0.0,0.0,446.16,-446.16,858.65,Spain
12509,92,1,176.5,55,7,92,176.5,55.0,0.24590163934426232,0.0,0.0,176.5,-176.5,0.0,France
12510,133,1,681.05,294,29,133,681.05,294.0,0.18404907975460122,0.0,0.0,681.05,-681.05,301.52,Spain
12514,75,1,1017.6800000000001,440,51,75,1017.6800000000001,440.0,0.2857142857142857,1017.6800000000001,0.0,0.0,1017.6800000000001,0.0,Italy
12515,161,1,383.7,131,16,161,383.7,131.0,0.15706806282722513,0.0,0.0,383.7,-383.7,0.0,Italy
12520,12,3,1697.56,945,94,81,565.8533333333334,315.0,0.8108108108108107,1697.56,463.6,0.0,1697.56,936.7,Germany
12523,60,4,500.19,271,30,139,125.0475,67.75,0.7100591715976331,253.84,0.0,246.35,7.490000000000009,1289.58,France
12524,12,5,2833.38,2123,83,141,566.676,424.6,0.8771929824561403,1970.6499999999999,400.88,862.73,1107.9199999999998,1652.3400000000001,Germany
12527,102,2,284.92,221,15,133,142.46,110.5,0.36809815950920244,0.0,0.0,284.92,-284.92,63.79,Germany
12528,84,2,771.66,358,38,120,385.83,179.0,0.4,278.13,0.0,493.53,-215.39999999999998,1161.82,Germany
12530,41,2,805.0,327,25,144,402.5,163.5,0.3448275862068966,417.6,0.0,387.40000000000003,30.19999999999999,857.28,Germany
12539,70,3,4517.69,1621,125,141,1505.8966666666665,540.3333333333334,0.5263157894736842,1085.99,0.0,3431.7,-2345.71,1050.66,Spain
12540,0,6,6144.53,2835,125,169,1024.0883333333334,472.5,0.9045226130653266,3827.36,2686.6,2317.17,1510.19,7255.71,Spain
12541,88,1,312.4,288,17,88,312.4,288.0,0.2542372881355932,312.4,0.0,0.0,312.4,668.78,Spain
12545,67,1,628.15,346,34,67,628.15,346.0,0.30927835051546393,628.15,0.0,0.0,628.15,372.24,Spain
12547,5,2,207.8,134,7,88,103.9,67.0,0.5084745762711864,207.8,48.4,0.0,207.8,0.0,Spain
12551,165,1,168.0,100,10,165,168.0,100.0,0.15384615384615385,0.0,0.0,168.0,-168.0,0.0,Spain
12553,12,5,1734.6200000000001,978,73,137,346.92400000000004,195.6,0.8982035928143713,1028.01,352.85,706.61,321.4,1957.66,France
12557,64,3,4854.62,1958,9,179,1618.2066666666667,652.6666666666666,0.43062200956937796,817.5,0.0,4037.1200000000003,-3219.6200000000003,7136.34,Spain
12559,118,2,561.71,283,21,127,280.855,141.5,0.38216560509554137,0.0,0.0,561.71,-561.71,0.0,Germany
12561,110,1,238.85,177,16,110,238.85,177.0,0.2142857142857143,0.0,0.0,238.85,-238.85,0.0,Germany
12562,6,1,444.96000000000004,183,21,6,444.96000000000004,183.0,0.8333333333333334,444.96000000000004,444.96000000000004,0.0,444.96000000000004,3336.78,France
12564,69,1,456.90000000000003,133,21,69,456.90000000000003,133.0,0.30303030303030304,456.90000000000003,0.0,0.0,456.90000000000003,0.0,France
12565,96,1,145.92000000000002,80,9,96,145.92000000000002,80.0,0.23809523809523808,0.0,0.0,145.92000000000002,-145.92000000000002,0.0,Saudi Arabia
12567,9,4,3884.32,1629,163,177,971.08,407.25,0.5797101449275363,705.21,705.21,3179.11,-2473.9,5516.96,France
12569,26,5,1164.32,492,29,60,232.86399999999998,98.4,1.6666666666666667,1164.32,367.92,0.0,1164.32,2960.37,Germany
12573,35,1,160.54000000000002,84,26,35,160.54000000000002,84.0,0.46153846153846145,160.54000000000002,0.0,0.0,160.54000000000002,0.0,France
12574,123,1,218.45000000000002,61,11,123,218.45000000000002,61.0,0.19607843137254904,0.0,0.0,218.45000000000002,-218.45000000000002,0.0,France
12576,26,2,421.65000000000003,315,30,112,210.82500000000002,157.5,0.4225352112676056,154.8,154.8,266.85,-112.05000000000001,894.1800000000001,Poland
12577,167,1,195.89,134,67,167,195.89,134.0,0.15228426395939088,0.0,0.0,195.89,-195.89,461.91,France
12578,138,1,1608.66,748,70,138,1608.66,748.0,0.17857142857142858,0.0,0.0,1608.66,-1608.66,1185.85,Italy
12580,54,1,415.7,238,24,54,415.7,238.0,0.35714285714285715,415.7,0.0,0.0,415.7,0.0,Germany
12582,46,2,511.36,300,21,96,255.68,150.0,0.47619047619047616,306.2,0.0,205.16,101.03999999999999,0.0,Finland
12583,8,5,3042.39,2025,62,181,608.478,405.0,0.7109004739336493,1134.81,421.96000000000004,1051.72,83.08999999999992,4238.99,France
12584,88,1,463.63,84,18,88,463.63,84.0,0.2542372881355932,463.63,0.0,0.0,463.63,1874.52,Italy
12585,42,2,2040.1,1279,77,159,1020.05,639.5,0.31746031746031744,777.25,0.0,1262.85,-485.5999999999999,0.0,Germany
12590,19,2,9864.26,4283,68,19,4932.13,2141.5,1.2244897959183674,9864.26,9864.26,0.0,9864.26,0.0,Germany
12591,125,1,452.84999999999997,228,26,125,452.84999999999997,228.0,0.1935483870967742,0.0,0.0,452.84999999999997,-452.84999999999997,0.0,Italy
12592,21,1,231.8,165,9,21,231.8,165.0,0.5882352941176471,231.8,231.8,0.0,231.8,205.8,Germany
12593,26,1,236.0,100,11,26,236.0,100.0,0.5357142857142857,236.0,236.0,0.0,236.0,182.1,France
12594,0,6,1764.99,895,40,130,294.165,149.16666666666666,1.125,1167.99,587.45,597.0,570.99,1573.23,Italy
12596,50,1,269.95,156,15,50,269.95,156.0,0.37499999999999994,269.95,0.0,0.0,269.95,348.32,Spain
12597,76,1,516.15,230,30,76,516.15,230.0,0.2830188679245283,516.15,0.0,0.0,516.15,3295.07,Spain
12598,28,3,1285.74,686,40,92,428.58,228.66666666666666,0.7377049180327869,564.88,564.88,720.86,-155.98000000000002,1737.34,France
12599,16,3,463.86,428,22,112,154.62,142.66666666666666,0.6338028169014085,151.4,151.4,312.46,-161.05999999999997,568.72,France
12600,12,6,1315.96,336,16,179,219.32666666666668,56.0,0.8612440191387559,613.22,202.26,702.74,-89.51999999999998,1283.08,Germany
12601,12,4,508.96000000000004,222,18,140,127.24000000000001,55.5,0.7058823529411764,251.60000000000002,140.6,257.36,-5.759999999999991,68.1,Germany
12604,69,1,178.5,137,10,69,178.5,137.0,0.30303030303030304,178.5,0.0,0.0,178.5,75.67999999999999,France
12609,126,1,287.93,223,16,126,287.93,223.0,0.1923076923076923,0.0,0.0,287.93,-287.93,838.9200000000001,Germany
12613,5,4,1462.52,759,65,70,365.63,189.75,1.2,1462.52,640.86,0.0,1462.52,1881.8600000000001,Germany
12614,85,1,315.6,76,20,85,315.6,76.0,0.2608695652173913,315.6,0.0,0.0,315.6,0.0,Germany
12616,105,1,255.60000000000002,98,11,105,255.60000000000002,98.0,0.2222222222222222,0.0,0.0,255.60000000000002,-255.60000000000002,457.7,France
12619,42,2,631.66,512,11,61,315.83,256.0,0.6593406593406593,631.66,0.0,0.0,631.66,3009.58,Germany
12620,12,1,561.66,434,33,12,561.66,434.0,0.7142857142857143,561.66,561.66,0.0,561.66,777.75,France
12621,8,10,7355.82,3818,151,173,735.582,381.8,1.477832512315271,4436.93,2267.13,2918.89,1518.0400000000004,6333.85,Germany
12622,40,1,180.1,69,11,40,180.1,69.0,0.4285714285714286,180.1,0.0,0.0,180.1,0.0,Germany
12623,84,1,305.1,191,18,84,305.1,191.0,0.2631578947368421,305.1,0.0,0.0,305.1,0.0,Germany
12625,19,2,2683.82,1612,73,127,1341.91,806.0,0.38216560509554137,967.2,967.2,1716.6200000000001,-749.4200000000001,0.0,Germany
12626,124,2,1274.1000000000001,460,57,134,637.0500000000001,230.0,0.36585365853658536,0.0,0.0,1274.1000000000001,-1274.1000000000001,5346.38,Germany
12633,4,2,1729.55,931,61,95,864.775,465.5,0.4800000000000001,716.73,716.73,1012.8199999999999,-296.0899999999999,434.43,Germany
12637,47,4,2391.75,1085,120,131,597.9375,271.25,0.7453416149068324,875.07,0.0,1516.68,-641.61,3630.15,France
12639,46,1,486.1,201,22,46,486.1,201.0,0.39473684210526316,486.1,0.0,0.0,486.1,0.0,Sweden
12643,28,3,1411.92,894,9,140,470.64000000000004,298.0,0.5294117647058824,540.72,540.72,871.1999999999999,-330.4799999999999,1932.72,France
12645,27,2,798.9,475,33,124,399.45,237.5,0.3896103896103896,429.6,429.6,369.3,60.30000000000001,976.28,Germany
12647,7,7,2302.31,762,51,177,328.90142857142854,108.85714285714286,1.0144927536231882,1108.71,293.25,1193.6,-84.88999999999987,1420.51,Germany
12649,20,1,375.0,204,17,20,375.0,204.0,0.6000000000000001,375.0,375.0,0.0,375.0,248.51000000000002,Germany
12651,142,1,114.0,78,9,142,114.0,78.0,0.1744186046511628,0.0,0.0,114.0,-114.0,0.0,France
12652,139,1,919.98,505,48,139,919.98,505.0,0.17751479289940827,0.0,0.0,919.98,-919.98,0.0,France
12653,104,1,779.1,286,16,104,779.1,286.0,0.22388059701492538,0.0,0.0,779.1,-779.1,1430.75,Israel
12654,5,3,337.75,151,19,103,112.58333333333333,50.333333333333336,0.6766917293233082,171.15,171.15,166.6,4.550000000000011,264.23,Germany
12656,11,2,1659.6,673,24,41,829.8,336.5,0.8450704225352113,1659.6,1118.4,0.0,1659.6,2391.57,France
12662,47,4,1344.4,738,59,181,336.1,184.5,0.5687203791469194,746.22,0.0,336.70000000000005,409.52,2505.38,Germany
12664,40,2,1303.58,317,5,130,651.79,158.5,0.375,642.0,0.0,661.58,-19.58000000000004,3578.3,Finland
12665,132,1,63.0,37,3,132,63.0,37.0,0.18518518518518517,0.0,0.0,63.0,-63.0,0.0,Germany
12668,67,3,2924.4700000000003,1334,104,163,974.8233333333334,444.6666666666667,0.46632124352331605,1444.8000000000002,0.0,1479.67,-34.86999999999989,882.6800000000001,Germany
12669,56,2,2272.6,849,70,64,1136.3,424.5,0.6382978723404256,2272.6,0.0,0.0,2272.6,471.43,France
12670,7,2,1026.39,488,28,40,513.195,244.0,0.8571428571428572,1026.39,393.34000000000003,0.0,1026.39,1969.66,France
12672,137,1,225.9,78,10,137,225.9,78.0,0.17964071856287425,0.0,0.0,225.9,-225.9,0.0,France
12673,134,1,220.9,171,23,134,220.9,171.0,0.18292682926829268,0.0,0.0,220.9,-220.9,389.62,Germany
12674,15,1,586.74,222,17,15,586.74,222.0,0.6666666666666666,586.74,586.74,0.0,586.74,1383.8600000000001,France
12676,68,2,707.4,357,17,119,353.7,178.5,0.40268456375838924,197.9,0.0,509.5,-311.6,623.99,Sweden
12678,57,5,3951.84,2512,51,161,790.368,502.4,0.7853403141361257,3377.13,0.0,574.71,2802.42,13676.619999999999,France
12679,13,2,906.38,407,43,91,453.19,203.5,0.49586776859504134,112.32000000000001,112.32000000000001,794.0600000000001,-681.74,206.64000000000001,France
12681,6,12,8044.93,4502,201,175,670.4108333333334,375.1666666666667,1.7560975609756098,2962.4,984.02,5082.53,-2120.1299999999997,5742.61,France
12682,0,11,5277.29,2224,117,179,479.75363636363636,202.1818181818182,1.5789473684210527,2365.15,1300.2,2912.14,-546.9899999999998,7010.93,France
12683,19,9,4417.57,2608,118,173,490.8411111111111,289.77777777777777,1.3300492610837438,2270.15,1014.27,2147.42,122.73000000000002,4059.0,France
12684,5,3,917.1,888,32,21,305.7,296.0,1.7647058823529411,917.1,917.1,0.0,917.1,1366.53,France
12686,179,1,89.14,107,7,179,89.14,107.0,0.14354066985645933,0.0,0.0,89.14,-89.14,0.0,France
12690,13,1,389.01,106,16,13,389.01,106.0,0.6976744186046512,389.01,389.01,0.0,389.01,0.0,France
12691,126,3,406.2,151,13,165,135.4,50.333333333333336,0.46153846153846156,0.0,0.0,406.2,-406.2,629.5999999999999,France
12693,19,3,630.77,221,30,127,210.25666666666666,73.66666666666667,0.5732484076433121,468.72,228.87,162.05,306.67,225.14,Germany
12695,18,1,89.25,33,6,18,89.25,33.0,0.625,89.25,89.25,0.0,89.25,492.85,France
12700,23,1,1092.43,779,62,23,1092.43,779.0,0.5660377358490566,1092.43,1092.43,0.0,1092.43,3847.56,France
12701,50,1,337.08000000000004,246,21,50,337.08000000000004,246.0,0.37499999999999994,337.08000000000004,0.0,0.0,337.08000000000004,460.63,Germany
12705,9,3,3164.1,1736,127,165,1054.7,578.6666666666666,0.46153846153846156,2306.1,984.85,858.0,1448.1,3704.19,Germany
12707,99,1,603.42,256,33,99,603.42,256.0,0.23255813953488372,0.0,0.0,603.42,-603.42,0.0,France
12708,8,5,1338.17,755,54,176,267.634,151.0,0.7281553398058253,857.11,371.95,481.06,376.05,1374.74,Germany
12709,25,7,3927.87,1409,43,174,561.1242857142857,201.28571428571428,1.0294117647058825,732.78,246.07999999999998,3195.09,-2462.3100000000004,5808.65,Germany
12710,9,1,718.96,386,44,9,718.96,386.0,0.7692307692307692,718.96,718.96,0.0,718.96,430.06,Germany
12712,8,8,2267.48,622,48,179,283.435,77.75,1.1483253588516746,1232.05,712.05,1035.43,196.6199999999999,2128.65,Germany
12714,14,2,1761.92,1232,96,102,880.96,616.0,0.45454545454545453,793.62,793.62,968.3,-174.67999999999995,2946.94,France
12717,53,1,609.74,262,31,53,609.74,262.0,0.3614457831325301,609.74,0.0,0.0,609.74,421.24,Greece
12720,0,10,2341.77,1911,118,177,234.177,191.1,1.4492753623188406,1236.44,444.88,1105.33,131.11000000000013,3439.96,Germany
12721,54,3,1107.82,669,61,162,369.2733333333333,223.0,0.46875,366.2,0.0,741.62,-375.42,1548.31,France
12724,140,1,154.9,115,11,140,154.9,115.0,0.1764705882352941,0.0,0.0,154.9,-154.9,876.51,France
12725,179,1,427.8,164,24,179,427.8,164.0,0.14354066985645933,0.0,0.0,427.8,-427.8,0.0,Italy
12726,22,4,1111.28,1497,35,165,277.82,374.25,0.6153846153846154,539.42,223.4,571.86,-32.440000000000055,1497.82,France
12727,89,4,2007.32,1245,79,128,501.83,311.25,0.759493670886076,573.16,0.0,1434.16,-861.0000000000001,1973.38,France
12728,65,3,617.31,256,29,140,205.76999999999998,85.33333333333333,0.5294117647058824,164.05,0.0,453.26,-289.21,219.02,France
12731,20,6,8230.09,4087,73,172,1371.6816666666666,681.1666666666666,0.8910891089108911,3983.76,1381.3,4246.33,-262.5699999999997,10665.82,France
12733,42,1,383.95,137,22,42,383.95,137.0,0.4166666666666667,383.95,0.0,0.0,383.95,0.0,USA
12734,160,1,110.39999999999999,88,4,160,110.39999999999999,88.0,0.15789473684210528,0.0,0.0,110.39999999999999,-110.39999999999999,0.0,France
12735,123,2,779.5699999999999,368,38,145,389.78499999999997,184.0,0.34285714285714286,0.0,0.0,779.5699999999999,-779.5699999999999,0.0,France
12736,140,1,234.0,173,4,140,234.0,173.0,0.1764705882352941,0.0,0.0,234.0,-234.0,0.0,France
12738,180,1,155.35,148,11,180,155.35,148.0,0.14285714285714285,0.0,0.0,0.0,0.0,0.0,Germany
12744,56,4,10262.65,2480,96,126,2565.6625,620.0,0.7692307692307692,8209.58,0.0,2053.07,6156.51,11016.64,Singapore
12747,6,6,2091.4,708,33,177,348.56666666666666,118.0,0.8695652173913043,771.3100000000001,771.3100000000001,1320.09,-548.7799999999999,2104.61,United Kingdom
12748,0,86,9550.78,5871,881,181,111.05558139534884,68.26744186046511,12.227488151658768,4514.24,2232.4,5027.34,-513.1000000000004,24168.95,United Kingdom
12749,21,1,859.1,262,43,21,859.1,262.0,0.5882352941176471,859.1,859.1,0.0,859.1,3231.78,United Kingdom
12753,56,4,12940.51,7003,87,170,3235.1275,1750.75,0.6,3599.38,0.0,9341.13,-5741.749999999999,8488.88,Japan
12754,43,3,3010.74,6481,49,116,1003.5799999999999,2160.3333333333335,0.6164383561643835,2965.17,0.0,45.57,2919.6,0.0,Japan
12755,88,2,3811.9500000000003,1491,4,173,1905.9750000000001,745.5,0.2955665024630542,17.549999999999997,0.0,3794.4,-3776.85,0.0,Japan
12757,8,5,4202.2300000000005,315,75,19,840.4460000000001,63.0,3.061224489795918,4202.2300000000005,4202.2300000000005,0.0,4202.2300000000005,3654.87,Portugal
12758,84,1,1570.19,1109,56,84,1570.19,1109.0,0.2631578947368421,1570.19,0.0,0.0,1570.19,1221.4,Portugal
12759,83,1,444.8,277,27,83,444.8,277.0,0.26548672566371684,444.8,0.0,0.0,444.8,1086.64,Netherlands
12763,177,1,320.08,196,16,177,320.08,196.0,0.14492753623188406,0.0,0.0,320.08,-320.08,174.0,Japan
12764,124,1,1693.88,386,45,124,1693.88,386.0,0.1948051948051948,0.0,0.0,1693.88,-1693.88,0.0,Lebanon
12766,48,4,4015.71,1870,143,174,1003.9275,467.5,0.5882352941176471,1206.29,0.0,2809.42,-1603.13,2973.92,Portugal
12769,46,1,1143.6,356,32,46,1143.6,356.0,0.39473684210526316,1143.6,0.0,0.0,1143.6,0.0,Brazil
12770,18,1,1351.45,743,12,18,1351.45,743.0,0.625,1351.45,1351.45,0.0,1351.45,0.0,Japan
12775,11,3,744.88,411,29,119,248.29333333333332,137.0,0.6040268456375839,530.4300000000001,294.72,214.45,315.9800000000001,641.16,Netherlands
12778,67,3,408.06,373,24,120,136.02,124.33333333333333,0.6,273.58,0.0,134.48,139.1,414.17,Netherlands
12779,6,6,2974.41,1381,68,179,495.73499999999996,230.16666666666666,0.8612440191387559,1775.83,752.21,1198.58,577.25,1006.95,Poland
12781,92,1,549.26,346,15,92,549.26,346.0,0.24590163934426232,0.0,0.0,549.26,-549.26,277.48,Czech Republic
12782,61,3,1562.95,604,57,165,520.9833333333333,201.33333333333334,0.46153846153846156,415.52000000000004,0.0,1147.43,-731.9100000000001,767.97,Portugal
12785,172,1,311.95,131,14,172,311.95,131.0,0.1485148514851485,0.0,0.0,311.95,-311.95,0.0,Portugal
12787,0,1,158.1,65,8,0,158.1,65.0,1.0,158.1,158.1,0.0,158.1,305.56,Netherlands
12790,0,1,324.92,166,21,0,324.92,166.0,1.0,324.92,324.92,0.0,324.92,0.0,Netherlands
12791,181,1,192.60000000000002,97,2,181,192.60000000000002,97.0,0.14218009478672985,0.0,0.0,0.0,0.0,0.0,Netherlands
12792,64,1,400.54,217,25,64,400.54,217.0,0.3191489361702128,400.54,0.0,0.0,400.54,0.0,Portugal
12793,142,2,545.48,295,21,179,272.74,147.5,0.28708133971291866,0.0,0.0,545.48,-545.48,0.0,Portugal
12797,173,1,254.03,118,13,173,254.03,118.0,0.1477832512315271,0.0,0.0,254.03,-254.03,0.0,Portugal
12808,176,1,129.4,53,7,176,129.4,53.0,0.14563106796116507,0.0,0.0,129.4,-129.4,354.25,Portugal
12811,68,3,514.85,230,27,92,171.61666666666667,76.66666666666667,0.7377049180327869,274.6,0.0,240.25,34.35000000000002,0.0,Portugal
12815,6,1,615.36,239,31,6,615.36,239.0,0.8333333333333334,615.36,615.36,0.0,615.36,448.1,Poland
12817,89,1,166.04000000000002,53,4,89,166.04000000000002,53.0,0.25210084033613445,166.04000000000002,0.0,0.0,166.04000000000002,0.0,Austria
12818,69,1,1542.08,929,14,69,1542.08,929.0,0.30303030303030304,1542.08,0.0,0.0,1542.08,0.0,Austria
12820,134,1,170.46,146,11,134,170.46,146.0,0.18292682926829268,0.0,0.0,170.46,-170.46,771.88,United Kingdom
12821,22,1,92.72,70,6,22,92.72,70.0,0.5769230769230769,92.72,92.72,0.0,92.72,0.0,United Kingdom
12823,62,3,994.5,130,1,104,331.5,43.333333333333336,0.6716417910447761,459.0,0.0,535.5,-76.5,765.0,United Kingdom
12826,124,3,697.1,613,45,173,232.36666666666667,204.33333333333334,0.4433497536945813,0.0,0.0,697.1,-697.1,777.62,United Kingdom
12829,144,2,293.0,376,9,168,146.5,188.0,0.30303030303030304,0.0,0.0,293.0,-293.0,0.0,United Kingdom
12831,70,1,215.05,135,9,70,215.05,135.0,0.3,215.05,0.0,0.0,215.05,0.0,United Kingdom
12834,90,1,312.38,110,18,90,312.38,110.0,0.25,0.0,0.0,312.38,-312.38,0.0,United Kingdom
12836,27,2,1661.4,703,96,119,830.7,351.5,0.40268456375838924,814.71,814.71,846.69,-31.980000000000018,951.46,United Kingdom
12838,181,1,390.79,228,59,181,390.79,228.0,0.14218009478672985,0.0,0.0,0.0,0.0,292.34000000000003,United Kingdom
12839,6,4,1395.89,936,47,175,348.9725,234.0,0.5853658536585367,306.88,306.88,1089.01,-782.13,4195.53,United Kingdom
12840,22,2,1577.97,863,58,34,788.985,431.5,0.9375,1577.97,723.9,0.0,1577.97,1148.8,United Kingdom
12841,30,12,1961.26,1235,131,179,163.43833333333333,102.91666666666667,1.7224880382775118,548.34,0.0,1412.92,-864.58,2061.09,United Kingdom
12842,116,1,310.73,157,14,116,310.73,157.0,0.2054794520547945,0.0,0.0,310.73,-310.73,808.26,United Kingdom
12843,21,3,627.0600000000001,303,37,72,209.02,101.0,0.8823529411764706,627.0600000000001,533.66,0.0,627.0600000000001,1075.2,United Kingdom
12845,75,4,354.09000000000003,204,26,98,88.52250000000001,51.0,0.9375,289.0,0.0,65.09,223.91,0.0,United Kingdom
12849,76,1,704.5,514,33,76,704.5,514.0,0.2830188679245283,704.5,0.0,0.0,704.5,346.39,United Kingdom
12852,102,1,311.55,149,17,102,311.55,149.0,0.22727272727272727,0.0,0.0,311.55,-311.55,0.0,United Kingdom
12853,47,3,885.0,326,36,123,295.0,108.66666666666667,0.5882352941176471,457.6,0.0,427.40000000000003,30.19999999999999,1072.1,United Kingdom
12854,49,2,810.37,422,71,126,405.185,211.0,0.3846153846153846,420.46999999999997,0.0,389.9,30.569999999999993,514.13,United Kingdom
12855,180,1,38.1,30,3,180,38.1,30.0,0.14285714285714285,0.0,0.0,0.0,0.0,0.0,United Kingdom
12857,18,2,1106.4,343,37,110,553.2,171.5,0.4285714285714286,304.8,304.8,801.6,-496.8,0.0,United Kingdom
12866,91,1,559.12,171,26,91,559.12,171.0,0.24793388429752067,0.0,0.0,559.12,-559.12,0.0,Belgium
12867,22,4,1738.54,2009,159,168,434.635,502.25,0.6060606060606061,951.59,451.25,786.95,164.64,2298.28,United Kingdom
12868,26,5,1359.0,822,68,181,271.8,164.4,0.7109004739336493,685.7900000000001,437.52000000000004,469.91,215.88000000000005,248.06,United Kingdom
12871,15,1,132.0,80,4,15,132.0,80.0,0.6666666666666666,132.0,132.0,0.0,132.0,248.64,United Kingdom
12872,134,2,599.97,319,58,173,299.985,159.5,0.2955665024630542,0.0,0.0,599.97,-599.97,0.0,United Kingdom
12873,90,1,374.0,128,4,90,374.0,128.0,0.25,0.0,0.0,374.0,-374.0,0.0,United Kingdom
12875,170,1,293.76000000000005,1728,1,170,293.76000000000005,1728.0,0.15,0.0,0.0,293.76000000000005,-293.76000000000005,49.470000000000006,United Kingdom
12876,4,1,726.43,651,34,4,726.43,651.0,0.8823529411764706,726.43,726.43,0.0,726.43,1491.5900000000001,Belgium
12877,8,7,682.0400000000001,388,21,166,97.43428571428572,55.42857142857143,1.0714285714285714,352.58000000000004,182.32000000000002,329.46000000000004,23.120000000000005,853.73,United Kingdom
12878,44,2,854.99,547,38,74,427.495,273.5,0.5769230769230769,854.99,0.0,0.0,854.99,0.0,United Kingdom
12881,83,1,298.0,21,7,83,298.0,21.0,0.26548672566371684,298.0,0.0,0.0,298.0,0.0,United Kingdom
12886,27,1,775.0,416,47,27,775.0,416.0,0.5263157894736842,775.0,775.0,0.0,775.0,603.4,United Kingdom
12888,22,2,354.12,76,4,63,177.06,38.0,0.6451612903225806,354.12,81.36,0.0,354.12,0.0,United Kingdom
12891,28,2,246.00000000000003,700,2,100,123.00000000000001,350.0,0.46153846153846145,204.00000000000003,204.00000000000003,42.0,162.00000000000003,85.0,United Kingdom
12897,12,2,216.5,110,3,109,108.25,55.0,0.43165467625899284,87.7,87.7,128.8,-41.10000000000001,0.0,United Kingdom
12901,8,11,7785.56,8101,21,78,707.7781818181819,736.4545454545455,3.0555555555555554,7785.56,3147.08,0.0,7785.56,9868.98,United Kingdom
12902,72,1,138.68,66,10,72,138.68,66.0,0.29411764705882354,138.68,0.0,0.0,138.68,0.0,United Kingdom
12908,120,1,318.0,600,1,120,318.0,600.0,0.2,0.0,0.0,318.0,-318.0,432.0,United Kingdom
12909,9,3,1528.37,786,55,61,509.45666666666665,262.0,0.989010989010989,1528.37,624.92,0.0,1528.37,650.3000000000001,United Kingdom
12910,5,3,1142.5,654,26,49,380.8333333333333,218.0,1.139240506329114,1142.5,422.28000000000003,0.0,1142.5,1932.54,United Kingdom
12913,90,3,866.39,345,12,176,288.7966666666667,115.0,0.4368932038834952,0.0,0.0,866.39,-866.39,1617.24,United Kingdom
12915,180,1,199.65,41,13,180,199.65,41.0,0.14285714285714285,0.0,0.0,0.0,0.0,164.0,United Kingdom
12916,9,3,2312.78,856,43,128,770.9266666666667,285.3333333333333,0.569620253164557,1464.93,815.15,847.85,617.08,693.37,United Kingdom
12921,20,13,5514.4400000000005,3486,133,181,424.1876923076924,268.15384615384613,1.8483412322274881,2341.06,1277.19,2850.98,-509.9200000000001,11072.65,United Kingdom
12924,6,3,655.27,285,10,135,218.42333333333332,95.0,0.5454545454545454,597.08,367.28,58.190000000000005,538.89,278.43,United Kingdom
12928,49,2,780.04,486,35,167,390.02,243.0,0.30456852791878175,387.7,0.0,392.34000000000003,-4.640000000000043,1282.66,United Kingdom
12929,119,1,117.85,37,8,119,117.85,37.0,0.20134228187919462,0.0,0.0,117.85,-117.85,0.0,United Kingdom
12931,11,7,3920.7000000000003,3270,5,165,560.1,467.14285714285717,1.0769230769230769,2047.3000000000002,496.8,1873.4,173.9000000000001,38135.26,United Kingdom
12933,91,1,110.75,65,7,91,110.75,65.0,0.24793388429752067,0.0,0.0,110.75,-110.75,496.78000000000003,United Kingdom
12935,11,2,866.23,628,42,127,433.115,314.0,0.38216560509554137,434.6,434.6,431.63,2.9700000000000273,1294.47,United Kingdom
12937,5,2,428.23,268,27,75,214.115,134.0,0.5714285714285714,428.23,210.8,0.0,428.23,1076.04,United Kingdom
12939,81,3,7228.32,2824,20,142,2409.44,941.3333333333334,0.5232558139534884,1919.04,0.0,5309.28,-3390.24,4353.48,United Kingdom
12942,5,2,396.52000000000004,104,23,173,198.26000000000002,52.0,0.2955665024630542,137.77,137.77,258.75,-120.97999999999999,287.38,United Kingdom
12944,162,1,286.95,145,14,162,286.95,145.0,0.15625,0.0,0.0,286.95,-286.95,317.56,United Kingdom
12945,96,1,462.95,165,23,96,462.95,165.0,0.23809523809523808,0.0,0.0,462.95,-462.95,0.0,United Kingdom
12947,42,3,1035.27,897,62,181,345.09,299.0,0.4265402843601896,429.57,0.0,301.66,127.90999999999997,568.72,United Kingdom
12948,22,3,886.26,388,46,72,295.42,129.33333333333334,0.8823529411764706,886.26,357.3,0.0,886.26,1178.69,United Kingdom
12949,14,3,2250.7,1279,108,60,750.2333333333332,426.3333333333333,1.0,2250.7,716.4,0.0,2250.7,1916.52,United Kingdom
12951,12,4,624.88,273,32,138,156.22,68.25,0.7142857142857143,318.79,163.60000000000002,306.09000000000003,12.699999999999989,439.19,United Kingdom
12955,11,3,697.42,548,27,75,232.47333333333333,182.66666666666666,0.8571428571428571,697.42,223.6,0.0,697.42,4059.7400000000002,United Kingdom
12956,114,1,108.07,34,19,114,108.07,34.0,0.20833333333333334,0.0,0.0,108.07,-108.07,0.0,United Kingdom
12957,12,3,1128.77,1028,70,147,376.25666666666666,342.6666666666667,0.5084745762711864,715.09,384.58,413.68,301.41,2888.77,United Kingdom
12963,173,1,365.8,172,16,173,365.8,172.0,0.1477832512315271,0.0,0.0,365.8,-365.8,1490.83,United Kingdom
12967,166,2,1660.9,438,19,179,830.45,219.0,0.28708133971291866,0.0,0.0,1660.9,-1660.9,0.0,United Kingdom
12970,130,2,23.8,8,8,130,11.9,4.0,0.375,0.0,0.0,23.8,-23.8,428.44,United Kingdom
12971,4,39,4638.22,3376,60,180,118.92871794871796,86.56410256410257,5.571428571428571,2800.85,608.01,1792.25,1008.5999999999999,6551.6900000000005,United Kingdom
12974,5,1,144.8,24,8,5,144.8,24.0,0.8571428571428571,144.8,144.8,0.0,144.8,0.0,United Kingdom
12976,19,1,738.6,561,22,19,738.6,561.0,0.6122448979591837,738.6,738.6,0.0,738.6,0.0,United Kingdom
12980,18,6,4566.360000000001,412,5,166,761.0600000000001,68.66666666666667,0.9183673469387755,892.62,892.62,3673.7400000000002,-2781.1200000000003,2808.54,United Kingdom
12982,50,1,390.54,288,28,50,390.54,288.0,0.37499999999999994,390.54,0.0,0.0,390.54,0.0,United Kingdom
12987,5,1,304.3,108,14,5,304.3,108.0,0.8571428571428571,304.3,304.3,0.0,304.3,254.4,United Kingdom
12988,100,1,535.32,136,75,100,535.32,136.0,0.23076923076923073,0.0,0.0,535.32,-535.32,0.0,United Kingdom
12989,8,7,3327.94,1470,14,172,475.42,210.0,1.0396039603960396,1413.8400000000001,698.88,1914.1,-500.25999999999976,3596.17,United Kingdom
12990,118,1,97.5,50,3,118,97.5,50.0,0.2027027027027027,0.0,0.0,97.5,-97.5,312.0,United Kingdom
12993,15,2,175.3,92,12,106,87.65,46.0,0.4411764705882353,72.4,72.4,102.9,-30.5,239.46,United Kingdom
12994,76,1,352.6,166,22,76,352.6,166.0,0.2830188679245283,352.6,0.0,0.0,352.6,621.82,United Kingdom
12997,44,2,608.47,300,30,125,304.235,150.0,0.3870967741935484,302.92,0.0,305.55,-2.6299999999999955,618.42,United Kingdom
12999,4,3,455.88,342,25,53,151.96,114.0,1.0843373493975903,455.88,135.6,0.0,455.88,0.0,United Kingdom
13000,67,2,458.53000000000003,307,29,172,229.26500000000001,153.5,0.297029702970297,256.78000000000003,0.0,201.75,55.03000000000003,76.32000000000001,United Kingdom
13001,25,9,7343.85,4170,147,134,815.9833333333333,463.3333333333333,1.646341463414634,3842.21,1264.0800000000002,3501.6400000000003,340.5699999999997,2474.97,United Kingdom
13002,126,1,120.95,73,7,126,120.95,73.0,0.1923076923076923,0.0,0.0,120.95,-120.95,0.0,United Kingdom
13003,22,1,59.050000000000004,31,4,22,59.050000000000004,31.0,0.5769230769230769,59.050000000000004,59.050000000000004,0.0,59.050000000000004,90.0,United Kingdom
13004,22,7,2448.02,2186,146,165,349.71714285714285,312.2857142857143,1.0769230769230769,855.98,404.2,1592.04,-736.06,3207.89,United Kingdom
13005,54,1,321.65,135,18,54,321.65,135.0,0.35714285714285715,321.65,0.0,0.0,321.65,192.05,United Kingdom
13008,131,1,229.47,175,14,131,229.47,175.0,0.1863354037267081,0.0,0.0,229.47,-229.47,0.0,United Kingdom
13011,180,1,50.550000000000004,13,3,180,50.550000000000004,13.0,0.14285714285714285,0.0,0.0,0.0,0.0,0.0,United Kingdom
13012,21,3,707.39,313,34,102,235.79666666666665,104.33333333333333,0.6818181818181818,330.12,330.12,377.27000000000004,-47.150000000000034,954.45,United Kingdom
13013,20,4,2372.29,1234,100,179,593.0725,308.5,0.5741626794258373,843.95,194.63,1528.34,-684.3899999999999,2438.65,United Kingdom
13014,28,3,1328.03,389,29,89,442.6766666666667,129.66666666666666,0.7563025210084033,1328.03,494.84999999999997,0.0,1328.03,2138.25,United Kingdom
13015,5,4,1763.04,705,80,57,440.76,176.25,1.3793103448275863,1763.04,783.67,0.0,1763.04,1583.24,United Kingdom
13018,4,11,3673.96,2662,192,103,333.99636363636364,242.0,2.481203007518797,3031.51,1074.99,642.45,2389.0600000000004,3603.7400000000002,United Kingdom
13021,23,3,765.0,354,33,166,255.0,118.0,0.45918367346938777,607.65,348.3,157.35,450.29999999999995,1851.38,United Kingdom
13026,28,2,243.72000000000003,348,5,83,121.86000000000001,174.0,0.5309734513274337,243.72000000000003,159.36,0.0,243.72000000000003,731.64,United Kingdom
13027,41,3,3840.0,9600,6,162,1280.0,3200.0,0.46875,2400.0,0.0,1440.0,960.0,3072.0,United Kingdom
13029,161,1,382.5,30,1,161,382.5,30.0,0.15706806282722513,0.0,0.0,382.5,-382.5,865.0,United Kingdom
13030,176,1,427.74,204,50,176,427.74,204.0,0.14563106796116507,0.0,0.0,427.74,-427.74,371.74,United Kingdom
13033,165,1,190.55,83,11,165,190.55,83.0,0.15384615384615385,0.0,0.0,190.55,-190.55,0.0,United Kingdom
13034,177,1,165.86,116,11,177,165.86,116.0,0.14492753623188406,0.0,0.0,165.86,-165.86,476.91,United Kingdom
13035,68,1,333.0,212,12,68,333.0,212.0,0.30612244897959184,333.0,0.0,0.0,333.0,588.88,United Kingdom
13037,27,2,577.32,294,32,64,288.66,147.0,0.6382978723404256,577.32,326.90000000000003,0.0,577.32,303.75,United Kingdom
13038,98,1,395.1,186,15,98,395.1,186.0,0.234375,0.0,0.0,395.1,-395.1,513.36,United Kingdom
13043,81,1,516.42,254,13,81,516.42,254.0,0.27027027027027023,516.42,0.0,0.0,516.42,0.0,United Kingdom
13044,99,1,560.47,429,33,99,560.47,429.0,0.23255813953488372,0.0,0.0,560.47,-560.47,0.0,United Kingdom
13046,74,1,197.72,76,14,74,197.72,76.0,0.28846153846153844,197.72,0.0,0.0,197.72,431.59,United Kingdom
13047,27,6,1671.68,681,60,181,278.61333333333334,113.5,0.8530805687203792,846.1500000000001,419.0,458.9,387.2500000000001,1565.8600000000001,United Kingdom
13048,46,2,939.92,663,60,135,469.96,331.5,0.36363636363636365,462.31,0.0,477.61,-15.300000000000011,895.99,United Kingdom
13049,126,1,153.78000000000003,78,7,126,153.78000000000003,78.0,0.1923076923076923,0.0,0.0,153.78000000000003,-153.78000000000003,502.90000000000003,United Kingdom
13050,12,9,2873.96,1697,115,174,319.3288888888889,188.55555555555554,1.3235294117647058,744.4300000000001,343.08,2129.53,-1385.1000000000001,2962.9,United Kingdom
13052,20,1,348.15000000000003,222,18,20,348.15000000000003,222.0,0.6000000000000001,348.15000000000003,348.15000000000003,0.0,348.15000000000003,0.0,United Kingdom
13055,21,1,344.86,252,22,21,344.86,252.0,0.5882352941176471,344.86,344.86,0.0,344.86,869.55,United Kingdom
13059,57,1,183.4,35,8,57,183.4,35.0,0.3448275862068966,183.4,0.0,0.0,183.4,0.0,United Kingdom
13060,61,1,307.53000000000003,123,15,61,307.53000000000003,123.0,0.32967032967032966,307.53000000000003,0.0,0.0,307.53000000000003,0.0,United Kingdom
13064,135,1,203.3,60,8,135,203.3,60.0,0.18181818181818182,0.0,0.0,203.3,-203.3,916.19,United Kingdom
13065,181,1,205.86,74,14,181,205.86,74.0,0.14218009478672985,0.0,0.0,0.0,0.0,0.0,United Kingdom
13068,127,1,165.0,100,1,127,165.0,100.0,0.19108280254777069,0.0,0.0,165.0,-165.0,179.0,United Kingdom
13069,6,13,2531.54,2356,202,177,194.73384615384614,181.23076923076923,1.8840579710144927,1291.45,391.62,1240.09,51.36000000000013,1904.58,United Kingdom
13070,0,1,228.8,110,9,0,228.8,110.0,1.0,228.8,228.8,0.0,228.8,0.0,United Kingdom
13072,74,1,177.15,69,7,74,177.15,69.0,0.28846153846153844,177.15,0.0,0.0,177.15,0.0,United Kingdom
13077,98,3,577.44,607,61,174,192.48000000000002,202.33333333333334,0.4411764705882353,0.0,0.0,577.44,-577.44,151.83,United Kingdom
13078,8,10,4467.16,1440,67,174,446.716,144.0,1.4705882352941178,2472.85,486.7,1994.31,478.53999999999996,8160.78,United Kingdom
13081,25,7,14463.51,9576,365,179,2066.2157142857145,1368.0,1.0047846889952152,6995.9,4655.85,7467.610000000001,-471.71000000000095,13873.87,United Kingdom
13082,43,5,1960.18,2837,49,146,392.036,567.4,0.8522727272727273,1580.74,0.0,379.44,1201.3,1653.45,United Kingdom
13085,103,1,278.1,172,13,103,278.1,172.0,0.22556390977443608,0.0,0.0,278.1,-278.1,137.98,United Kingdom
13089,7,51,27939.94,14723,440,177,547.8419607843138,288.6862745098039,7.391304347826087,12382.32,4466.8,15557.62,-3175.300000000001,30885.89,United Kingdom
13090,46,7,3111.6,725,31,180,444.5142857142857,103.57142857142857,1.0,1315.4,0.0,1635.6,-320.1999999999998,5799.22,United Kingdom
13092,19,4,439.75,95,15,167,109.9375,23.75,0.6091370558375635,254.3,40.8,185.45000000000002,68.85,38.08,United Kingdom
13093,83,8,7832.47,3961,97,181,979.05875,495.125,1.1374407582938388,304.5,0.0,6728.57,-6424.07,0.0,United Kingdom
13094,13,7,940.44,804,4,176,134.34857142857143,114.85714285714286,1.0194174757281553,411.48,411.48,528.96,-117.48000000000002,986.88,United Kingdom
13097,41,5,3004.26,1263,140,168,600.8520000000001,252.6,0.7575757575757576,1338.96,0.0,1665.3,-326.3399999999999,3006.16,United Kingdom
13098,6,8,7203.61,3885,93,125,900.45125,485.625,1.5483870967741935,6310.01,3881.09,893.6,5416.41,21678.83,United Kingdom
13101,42,1,101.19,113,8,42,101.19,113.0,0.4166666666666667,101.19,0.0,0.0,101.19,0.0,United Kingdom
13102,6,15,3769.16,2499,95,173,251.27733333333333,166.6,2.2167487684729066,1887.36,636.72,1881.8,5.559999999999945,2654.93,United Kingdom
13104,75,2,213.72,132,3,162,106.86,66.0,0.3125,111.96000000000001,0.0,101.76,10.200000000000003,884.76,United Kingdom
13107,141,1,566.84,468,21,141,566.84,468.0,0.17543859649122806,0.0,0.0,566.84,-566.84,964.78,United Kingdom
13108,180,1,350.06,298,10,180,350.06,298.0,0.14285714285714285,0.0,0.0,0.0,0.0,0.0,United Kingdom
13110,65,3,732.49,205,65,119,244.16333333333333,68.33333333333333,0.6040268456375839,192.34,0.0,540.15,-347.80999999999995,756.1800000000001,United Kingdom
13113,0,16,8856.16,2065,79,174,553.51,129.0625,2.3529411764705883,6253.33,3846.4500000000003,2602.83,3650.5,3389.8,United Kingdom
13117,25,6,751.37,611,55,180,125.22833333333334,101.83333333333333,0.8571428571428571,251.44,95.56,297.81,-46.370000000000005,233.54000000000002,United Kingdom
13118,16,3,799.7,274,40,96,266.56666666666666,91.33333333333333,0.7142857142857143,608.77,185.22,190.93,417.84,398.11,United Kingdom
13120,46,1,30.6,12,1,46,30.6,12.0,0.39473684210526316,30.6,0.0,0.0,30.6,0.0,United Kingdom
13121,77,1,283.73,252,50,77,283.73,252.0,0.2803738317757009,283.73,0.0,0.0,283.73,0.0,United Kingdom
13122,48,1,903.6700000000001,537,54,48,903.6700000000001,537.0,0.3846153846153846,903.6700000000001,0.0,0.0,903.6700000000001,18.72,United Kingdom
13124,60,2,2574.12,1623,131,167,1287.06,811.5,0.30456852791878175,1317.8,0.0,1256.32,61.48000000000002,1292.21,United Kingdom
13126,61,5,1077.42,1062,61,174,215.484,212.4,0.7352941176470589,530.11,0.0,547.31,-17.199999999999932,1022.22,United Kingdom
13132,69,1,77.3,20,3,69,77.3,20.0,0.30303030303030304,77.3,0.0,0.0,77.3,0.0,United Kingdom
13133,81,2,109.8,32,7,112,54.9,16.0,0.4225352112676056,57.449999999999996,0.0,52.35,5.099999999999994,0.0,United Kingdom
13134,42,2,525.7,168,24,48,262.85,84.0,0.7692307692307692,525.7,0.0,0.0,525.7,1267.88,United Kingdom
13135,4,1,3096.0,4300,1,4,3096.0,4300.0,0.8823529411764706,3096.0,3096.0,0.0,3096.0,0.0,United Kingdom
13136,20,1,574.46,276,30,20,574.46,276.0,0.6000000000000001,574.46,574.46,0.0,574.46,2033.15,United Kingdom
13137,60,2,863.84,533,140,116,431.92,266.5,0.410958904109589,645.91,0.0,217.93,427.97999999999996,2786.57,United Kingdom
13138,48,2,386.85,197,20,180,193.425,98.5,0.2857142857142857,193.62,0.0,0.0,193.62,575.54,United Kingdom
13139,23,2,1170.02,458,34,67,585.01,229.0,0.6185567010309279,1170.02,760.52,0.0,1170.02,3894.92,United Kingdom
13140,174,1,159.51,75,15,174,159.51,75.0,0.14705882352941177,0.0,0.0,159.51,-159.51,264.21,United Kingdom
13141,22,4,1401.03,942,77,123,350.2575,235.5,0.7843137254901962,876.46,360.18,524.57,351.89,987.72,United Kingdom
13144,140,1,110.95,21,3,140,110.95,21.0,0.1764705882352941,0.0,0.0,110.95,-110.95,0.0,United Kingdom
13145,180,1,295.0,1,1,180,295.0,1.0,0.14285714285714285,0.0,0.0,0.0,0.0,323.52,United Kingdom
13148,40,6,1798.33,838,134,172,299.72166666666664,139.66666666666666,0.8910891089108911,710.67,0.0,1087.66,-376.9900000000001,1908.79,United Kingdom
13149,97,1,376.74,276,18,97,376.74,276.0,0.23622047244094488,0.0,0.0,376.74,-376.74,1299.32,United Kingdom
13151,103,1,1257.8700000000001,363,73,103,1257.8700000000001,363.0,0.22556390977443608,0.0,0.0,1257.8700000000001,-1257.8700000000001,0.0,United Kingdom
13155,134,2,569.2,262,55,176,284.6,131.0,0.29126213592233013,0.0,0.0,569.2,-569.2,402.56,United Kingdom
13157,49,2,497.94,474,21,106,248.97,237.0,0.4411764705882353,300.12,0.0,197.82,102.30000000000001,1243.28,United Kingdom
13158,126,1,256.40999999999997,135,19,126,256.40999999999997,135.0,0.1923076923076923,0.0,0.0,256.40999999999997,-256.40999999999997,944.6500000000001,United Kingdom
13161,121,1,112.75,29,8,121,112.75,29.0,0.19867549668874174,0.0,0.0,112.75,-112.75,0.0,United Kingdom
13162,41,2,1301.69,1395,58,142,650.845,697.5,0.3488372093023256,548.4300000000001,0.0,753.26,-204.82999999999993,386.6,United Kingdom
13165,159,1,354.64,496,13,159,354.64,496.0,0.15873015873015872,0.0,0.0,354.64,-354.64,666.8399999999999,United Kingdom
13166,91,1,417.2,216,39,91,417.2,216.0,0.24793388429752067,0.0,0.0,417.2,-417.2,0.0,United Kingdom
13168,7,3,972.66,557,94,126,324.21999999999997,185.66666666666666,0.5769230769230769,131.43,131.43,841.23,-709.8,346.53000000000003,United Kingdom
13169,60,1,505.2,96,6,60,505.2,96.0,0.3333333333333333,505.2,0.0,0.0,505.2,207.68,United Kingdom
13171,107,1,140.35,53,23,107,140.35,53.0,0.21897810218978103,0.0,0.0,140.35,-140.35,328.06,United Kingdom
13173,175,1,165.94,114,23,175,165.94,114.0,0.14634146341463417,0.0,0.0,165.94,-165.94,187.71,United Kingdom
13174,124,2,2108.27,970,178,177,1054.135,485.0,0.2898550724637681,0.0,0.0,2108.27,-2108.27,708.76,United Kingdom
13178,11,5,2719.2000000000003,1603,74,168,543.84,320.6,0.7575757575757576,1595.2,1112.2,1124.0,471.20000000000005,3006.27,United Kingdom
13183,16,3,1527.0800000000002,916,25,142,509.0266666666667,305.3333333333333,0.5232558139534884,902.0400000000001,388.20000000000005,625.04,277.0000000000001,2430.7000000000003,United Kingdom
13184,35,4,746.31,763,60,98,186.5775,190.75,0.9375,533.79,0.0,212.52,321.27,954.98,United Kingdom
13185,75,1,71.4,12,1,75,71.4,12.0,0.2857142857142857,71.4,0.0,0.0,71.4,0.0,United Kingdom
13187,145,1,236.02,95,37,145,236.02,95.0,0.17142857142857143,0.0,0.0,236.02,-236.02,0.0,United Kingdom
13192,13,1,464.32,298,33,13,464.32,298.0,0.6976744186046512,464.32,464.32,0.0,464.32,447.62,United Kingdom
13196,70,1,512.13,320,34,70,512.13,320.0,0.3,512.13,0.0,0.0,512.13,1285.65,United Kingdom
13198,57,3,2087.75,1680,137,169,695.9166666666666,560.0,0.4522613065326633,903.01,0.0,1184.74,-281.73,1313.49,United Kingdom
13199,5,16,3740.16,2876,28,174,233.76,179.75,2.3529411764705883,1865.12,681.96,1875.04,-9.920000000000073,6076.96,United Kingdom
13203,50,1,165.71,145,10,50,165.71,145.0,0.37499999999999994,165.71,0.0,0.0,165.71,703.75,United Kingdom
13208,14,3,700.21,485,84,117,233.40333333333334,161.66666666666666,0.6122448979591836,531.76,326.48,168.45,363.31,523.69,United Kingdom
13209,35,3,2362.44,1863,140,169,787.48,621.0,0.4522613065326633,1932.24,0.0,430.2,1502.04,3529.17,United Kingdom
13211,169,1,110.7,46,2,169,110.7,46.0,0.1507537688442211,0.0,0.0,110.7,-110.7,1086.72,United Kingdom
13213,7,2,415.28000000000003,206,23,7,207.64000000000001,103.0,1.6216216216216215,415.28000000000003,415.28000000000003,0.0,415.28000000000003,1105.3,United Kingdom
13216,75,1,333.74,297,5,75,333.74,297.0,0.2857142857142857,333.74,0.0,0.0,333.74,0.0,United Kingdom
13220,27,2,559.69,108,15,44,279.845,54.0,0.8108108108108107,559.69,476.29,0.0,559.69,259.6,United Kingdom
13221,48,2,847.41,244,62,167,423.705,122.0,0.30456852791878175,349.25,0.0,498.16,-148.91000000000003,0.0,United Kingdom
13223,8,2,163.2,88,5,40,81.6,44.0,0.8571428571428572,163.2,62.4,0.0,163.2,0.0,United Kingdom
13225,4,4,3741.88,1868,15,169,935.47,467.0,0.6030150753768844,1271.44,537.0,2470.44,-1199.0,2721.96,United Kingdom
13226,81,1,108.21000000000001,80,16,81,108.21000000000001,80.0,0.27027027027027023,108.21000000000001,0.0,0.0,108.21000000000001,0.0,United Kingdom
13227,9,1,257.7,99,9,9,257.7,99.0,0.7692307692307692,257.7,257.7,0.0,257.7,0.0,United Kingdom
13229,33,1,160.95,63,10,33,160.95,63.0,0.47619047619047616,160.95,0.0,0.0,160.95,0.0,United Kingdom
13230,9,9,1799.48,915,251,173,199.94222222222223,101.66666666666667,1.3300492610837438,987.83,184.55,811.65,176.18000000000006,1007.49,United Kingdom
13232,4,3,691.9,492,99,51,230.63333333333333,164.0,1.111111111111111,691.9,574.47,0.0,691.9,665.7,United Kingdom
13233,144,1,304.24,404,17,144,304.24,404.0,0.1724137931034483,0.0,0.0,304.24,-304.24,300.88,United Kingdom
13235,20,1,1031.07,441,53,20,1031.07,441.0,0.6000000000000001,1031.07,1031.07,0.0,1031.07,0.0,United Kingdom
13238,168,1,91.15,33,5,168,91.15,33.0,0.15151515151515152,0.0,0.0,91.15,-91.15,609.58,United Kingdom
13239,69,1,329.56,327,21,69,329.56,327.0,0.30303030303030304,329.56,0.0,0.0,329.56,0.0,United Kingdom
13240,65,2,442.41,205,42,173,221.205,102.5,0.2955665024630542,218.34,0.0,224.07,-5.72999999999999,221.24,United Kingdom
13242,21,2,104.0,50,5,21,52.0,25.0,1.1764705882352942,104.0,104.0,0.0,104.0,166.4,United Kingdom
13243,11,1,600.07,233,56,11,600.07,233.0,0.7317073170731707,600.07,600.07,0.0,600.07,0.0,United Kingdom
13246,14,4,1648.52,1337,82,138,412.13,334.25,0.7142857142857143,564.96,564.96,1083.56,-518.5999999999999,338.78,United Kingdom
13249,69,1,291.84,240,2,69,291.84,240.0,0.30303030303030304,291.84,0.0,0.0,291.84,419.57,United Kingdom
13253,147,1,476.48,624,16,147,476.48,624.0,0.1694915254237288,0.0,0.0,476.48,-476.48,553.92,United Kingdom
13255,181,1,225.7,110,6,181,225.7,110.0,0.14218009478672985,0.0,0.0,0.0,0.0,173.81,United Kingdom
13258,13,1,224.62,82,12,13,224.62,82.0,0.6976744186046512,224.62,224.62,0.0,224.62,473.96,United Kingdom
13261,76,2,944.1,210,8,93,472.05,105.0,0.48780487804878053,99.0,0.0,845.1,-746.1,0.0,United Kingdom
13262,71,1,200.29,125,11,71,200.29,125.0,0.297029702970297,200.29,0.0,0.0,200.29,0.0,United Kingdom
13263,6,14,3290.75,1948,296,133,235.05357142857142,139.14285714285714,2.576687116564417,3149.09,958.48,141.66,3007.4300000000003,4163.32,United Kingdom
13265,53,2,1124.88,882,39,81,562.44,441.0,0.5405405405405405,1124.88,0.0,0.0,1124.88,982.78,United Kingdom
13266,11,5,1510.57,1914,42,64,302.114,382.8,1.5957446808510638,1510.57,584.92,0.0,1510.57,2323.69,United Kingdom
13267,7,11,2210.14,936,60,174,200.92181818181817,85.0909090909091,1.6176470588235294,1276.17,329.45,933.97,342.20000000000005,2311.35,United Kingdom
13268,6,5,1837.78,2217,199,75,367.556,443.4,1.4285714285714286,1837.78,546.36,0.0,1837.78,1376.91,United Kingdom
13269,26,5,2048.23,1338,119,177,409.646,267.6,0.7246376811594203,1386.06,310.78,662.1700000000001,723.8899999999999,3298.0,United Kingdom
13270,174,1,590.0,200,1,174,590.0,200.0,0.14705882352941177,0.0,0.0,590.0,-590.0,0.0,United Kingdom
13280,124,2,699.36,452,65,145,349.68,226.0,0.34285714285714286,0.0,0.0,699.36,-699.36,115.5,United Kingdom
13282,28,1,344.70000000000005,84,14,28,344.70000000000005,84.0,0.5172413793103449,344.70000000000005,344.70000000000005,0.0,344.70000000000005,787.4399999999999,United Kingdom
13284,138,1,201.19,91,13,138,201.19,91.0,0.17857142857142858,0.0,0.0,201.19,-201.19,0.0,United Kingdom
13285,34,2,1173.27,914,82,98,586.635,457.0,0.46875,506.38,0.0,666.89,-160.51,1535.85,United Kingdom
13292,92,1,249.57,133,14,92,249.57,133.0,0.24590163934426232,0.0,0.0,249.57,-249.57,329.37,United Kingdom
13294,57,1,483.65,317,32,57,483.65,317.0,0.3448275862068966,483.65,0.0,0.0,483.65,390.09000000000003,United Kingdom
13295,167,1,201.20000000000002,82,10,167,201.20000000000002,82.0,0.15228426395939088,0.0,0.0,201.20000000000002,-201.20000000000002,0.0,United Kingdom
13299,76,1,142.5,30,5,76,142.5,30.0,0.2830188679245283,142.5,0.0,0.0,142.5,0.0,United Kingdom
13301,30,2,327.77,189,40,100,163.885,94.5,0.46153846153846145,153.86,0.0,173.91,-20.049999999999983,290.32,United Kingdom
13304,159,1,300.42,238,21,159,300.42,238.0,0.15873015873015872,0.0,0.0,300.42,-300.42,0.0,United Kingdom
13305,53,4,640.25,487,18,180,160.0625,121.75,0.5714285714285714,351.35,0.0,152.7,198.65000000000003,1360.61,United Kingdom
13308,11,1,814.95,519,26,11,814.95,519.0,0.7317073170731707,814.95,814.95,0.0,814.95,570.5600000000001,United Kingdom
13309,14,2,546.64,616,43,116,273.32,308.0,0.410958904109589,155.93,155.93,390.71,-234.77999999999997,910.15,United Kingdom
13310,14,2,817.65,395,50,132,408.825,197.5,0.37037037037037035,407.47,407.47,410.18,-2.7099999999999795,314.38,United Kingdom
13313,23,2,609.74,331,26,147,304.87,165.5,0.3389830508474576,302.44,302.44,307.3,-4.860000000000014,945.58,United Kingdom
13316,62,1,1622.48,2048,11,62,1622.48,2048.0,0.32608695652173914,1622.48,0.0,0.0,1622.48,4355.25,United Kingdom
13317,6,5,1313.98,500,56,166,262.796,100.0,0.7653061224489796,1075.93,631.3,238.05,837.8800000000001,959.7,United Kingdom
13319,15,11,4527.84,1898,112,173,411.6218181818182,172.54545454545453,1.625615763546798,1758.8000000000002,732.9200000000001,2769.04,-1010.2399999999998,6317.71,United Kingdom
13320,21,2,508.61,426,33,21,254.305,213.0,1.1764705882352942,508.61,508.61,0.0,508.61,1040.09,United Kingdom
13324,11,7,3798.99,2473,17,168,542.7128571428572,353.2857142857143,1.0606060606060606,2688.39,1361.52,1110.6,1577.79,3322.96,United Kingdom
13327,67,4,1421.95,572,38,173,355.4875,143.0,0.5911330049261084,474.05,0.0,947.9000000000001,-473.8500000000001,2205.82,United Kingdom
13328,124,1,1308.48,680,17,124,1308.48,680.0,0.1948051948051948,0.0,0.0,1308.48,-1308.48,0.0,United Kingdom
13329,174,1,304.2,175,7,174,304.2,175.0,0.14705882352941177,0.0,0.0,304.2,-304.2,484.79999999999995,United Kingdom
13330,123,1,335.82,198,13,123,335.82,198.0,0.19607843137254904,0.0,0.0,335.82,-335.82,805.11,United Kingdom
13334,113,1,1660.44,836,124,113,1660.44,836.0,0.2097902097902098,0.0,0.0,1660.44,-1660.44,1876.38,United Kingdom
13339,8,1,860.12,326,54,8,860.12,326.0,0.7894736842105263,860.12,860.12,0.0,860.12,0.0,United Kingdom
13340,84,1,3678.0299999999997,1605,51,84,3678.0299999999997,1605.0,0.2631578947368421,3678.0299999999997,0.0,0.0,3678.0299999999997,7058.45,United Kingdom
13341,68,1,775.85,301,42,68,775.85,301.0,0.30612244897959184,775.85,0.0,0.0,775.85,0.0,United Kingdom
13344,85,1,1656.15,599,68,85,1656.15,599.0,0.2608695652173913,1656.15,0.0,0.0,1656.15,887.57,United Kingdom
13345,95,1,389.5,141,20,95,389.5,141.0,0.24000000000000005,0.0,0.0,389.5,-389.5,0.0,United Kingdom
13357,65,1,609.95,322,85,65,609.95,322.0,0.31578947368421056,609.95,0.0,0.0,609.95,0.0,United Kingdom
13358,76,1,439.03000000000003,285,29,76,439.03000000000003,285.0,0.2830188679245283,439.03000000000003,0.0,0.0,439.03000000000003,0.0,United Kingdom
13362,53,2,1581.53,727,92,95,790.765,363.5,0.4800000000000001,768.83,0.0,812.7,-43.870000000000005,1509.21,United Kingdom
13365,25,1,700.6,404,39,25,700.6,404.0,0.5454545454545454,700.6,700.6,0.0,700.6,1524.77,United Kingdom
13368,64,2,623.4,327,29,145,311.7,163.5,0.34285714285714286,588.0,0.0,35.400000000000006,552.6,0.0,United Kingdom
13369,173,1,308.28000000000003,149,14,173,308.28000000000003,149.0,0.1477832512315271,0.0,0.0,308.28000000000003,-308.28000000000003,0.0,United Kingdom
13370,179,1,754.87,343,39,179,754.87,343.0,0.14354066985645933,0.0,0.0,754.87,-754.87,0.0,United Kingdom
13373,84,1,987.7,458,50,84,987.7,458.0,0.2631578947368421,987.7,0.0,0.0,987.7,2324.55,United Kingdom
13376,11,2,770.0,356,34,42,385.0,178.0,0.8333333333333334,770.0,394.0,0.0,770.0,249.76,United Kingdom
13381,15,2,1071.35,597,38,106,535.675,298.5,0.4411764705882353,655.24,655.24,416.11,239.13,2567.96,United Kingdom
13382,88,1,222.99,131,15,88,222.99,131.0,0.2542372881355932,222.99,0.0,0.0,222.99,0.0,United Kingdom
13385,137,1,534.57,281,35,137,534.57,281.0,0.17964071856287425,0.0,0.0,534.57,-534.57,0.0,United Kingdom
13389,40,1,257.89,115,18,40,257.89,115.0,0.4285714285714286,257.89,0.0,0.0,257.89,540.07,United Kingdom
13391,11,1,59.8,4,1,11,59.8,4.0,0.7317073170731707,59.8,59.8,0.0,59.8,0.0,United Kingdom
13394,22,3,935.33,719,50,117,311.7766666666667,239.66666666666666,0.6122448979591836,621.57,301.15000000000003,313.76,307.81000000000006,1584.69,United Kingdom
13396,127,1,387.27000000000004,139,15,127,387.27000000000004,139.0,0.19108280254777069,0.0,0.0,387.27000000000004,-387.27000000000004,973.72,United Kingdom
13397,102,2,601.77,191,13,147,300.885,95.5,0.3389830508474576,0.0,0.0,601.77,-601.77,942.36,United Kingdom
13398,0,1,457.34000000000003,281,26,0,457.34000000000003,281.0,1.0,457.34000000000003,457.34000000000003,0.0,457.34000000000003,0.0,United Kingdom
13402,180,1,308.28000000000003,190,17,180,308.28000000000003,190.0,0.14285714285714285,0.0,0.0,0.0,0.0,312.95,United Kingdom
13404,20,1,217.81,99,9,20,217.81,99.0,0.6000000000000001,217.81,217.81,0.0,217.81,34.68,United Kingdom
13405,12,2,557.45,163,24,125,278.725,81.5,0.3870967741935484,397.40000000000003,397.40000000000003,160.05,237.35000000000002,15.001,United Kingdom
13408,15,25,11107.11,6598,130,181,444.2844,263.92,3.5545023696682465,5442.1900000000005,1879.52,4640.24,801.9500000000007,17009.93,United Kingdom
13410,71,2,404.64,228,10,99,202.32,114.0,0.46511627906976744,154.4,0.0,250.24,-95.84,598.4200000000001,United Kingdom
13414,104,1,390.0,600,1,104,390.0,600.0,0.22388059701492538,0.0,0.0,390.0,-390.0,1000.5,United Kingdom
13417,13,1,236.0,72,10,13,236.0,72.0,0.6976744186046512,236.0,236.0,0.0,236.0,404.83,United Kingdom
13418,12,9,3340.6,1726,127,180,371.17777777777775,191.77777777777777,1.2857142857142858,1760.98,1398.74,956.38,804.6,2786.83,United Kingdom
13421,98,1,825.04,495,64,98,825.04,495.0,0.234375,0.0,0.0,825.04,-825.04,1026.04,United Kingdom
13425,102,1,401.57,282,27,102,401.57,282.0,0.22727272727272727,0.0,0.0,401.57,-401.57,1222.64,United Kingdom
13426,46,4,1285.02,902,53,167,321.255,225.5,0.6091370558375635,645.59,0.0,639.4300000000001,6.159999999999968,2356.3,United Kingdom
13427,23,1,214.5,130,9,23,214.5,130.0,0.5660377358490566,214.5,214.5,0.0,214.5,368.1,United Kingdom
13439,63,1,283.71,242,54,63,283.71,242.0,0.3225806451612903,283.71,0.0,0.0,283.71,0.0,United Kingdom
13448,26,4,1423.26,720,65,181,355.815,180.0,0.5687203791469194,593.72,593.72,385.58000000000004,208.14,2116.11,United Kingdom
13450,12,2,678.54,578,21,26,339.27,289.0,1.0714285714285714,678.54,678.54,0.0,678.54,1365.18,United Kingdom
13451,19,3,1652.3799999999999,1105,217,142,550.7933333333333,368.3333333333333,0.5232558139534884,1250.89,640.01,401.49,849.4000000000001,1323.77,United Kingdom
13452,67,2,590.0,2,1,78,295.0,1.0,0.5555555555555556,590.0,0.0,0.0,590.0,0.0,United Kingdom
13453,97,1,185.0,76,8,97,185.0,76.0,0.23622047244094488,0.0,0.0,185.0,-185.0,171.98,United Kingdom
13455,174,1,692.94,190,30,174,692.94,190.0,0.14705882352941177,0.0,0.0,692.94,-692.94,365.4,United Kingdom
13456,15,1,207.66,100,13,15,207.66,100.0,0.6666666666666666,207.66,207.66,0.0,207.66,1559.0600000000002,United Kingdom
13458,22,6,5629.62,3409,155,167,938.27,568.1666666666666,0.9137055837563453,1458.8,443.66,4170.82,-2712.0199999999995,4016.9500000000003,United Kingdom
13462,60,1,151.5,62,9,60,151.5,62.0,0.3333333333333333,151.5,0.0,0.0,151.5,0.0,United Kingdom
13468,9,21,3591.12,1484,130,181,171.00571428571428,70.66666666666667,2.985781990521327,1981.6200000000001,475.0,1249.45,732.1700000000001,2113.85,United Kingdom
13473,140,1,241.26,198,12,140,241.26,198.0,0.1764705882352941,0.0,0.0,241.26,-241.26,181.38,United Kingdom
13474,44,1,229.59,132,59,44,229.59,132.0,0.4054054054054054,229.59,0.0,0.0,229.59,0.0,United Kingdom
13475,25,3,1278.48,934,62,106,426.16,311.3333333333333,0.6617647058823529,961.36,371.96,317.12,644.24,153.3,United Kingdom
13476,89,1,727.6,164,29,89,727.6,164.0,0.25210084033613445,727.6,0.0,0.0,727.6,510.87,United Kingdom
13477,19,2,516.03,267,25,99,258.015,133.5,0.46511627906976744,330.63,330.63,185.4,145.23,938.55,United Kingdom
13479,8,2,300.95,134,14,42,150.475,67.0,0.8333333333333334,300.95,156.6,0.0,300.95,0.0,United Kingdom
13481,0,2,978.99,636,59,64,489.495,318.0,0.6382978723404256,978.99,313.71000000000004,0.0,978.99,825.57,United Kingdom
13482,40,1,184.64000000000001,116,11,40,184.64000000000001,116.0,0.4285714285714286,184.64000000000001,0.0,0.0,184.64000000000001,0.0,United Kingdom
13484,49,1,313.8,44,8,49,313.8,44.0,0.379746835443038,313.8,0.0,0.0,313.8,0.0,United Kingdom
13485,41,1,454.24,277,23,41,454.24,277.0,0.4225352112676056,454.24,0.0,0.0,454.24,0.0,United Kingdom
13487,21,2,408.8,213,21,161,204.4,106.5,0.31413612565445026,215.65000000000003,215.65000000000003,193.15,22.50000000000003,166.6,United Kingdom
13488,4,6,5530.43,2532,200,175,921.7383333333333,422.0,0.8780487804878049,2134.67,1420.72,3395.76,-1261.0900000000001,3437.88,United Kingdom
13489,97,2,235.68,352,6,102,117.84,176.0,0.45454545454545453,0.0,0.0,235.68,-235.68,213.84,United Kingdom
13491,55,8,1031.63,758,61,180,128.95375,94.75,1.1428571428571428,389.8,0.0,542.9300000000001,-153.13000000000005,184.19,United Kingdom
13492,22,1,315.3,114,15,22,315.3,114.0,0.5769230769230769,315.3,315.3,0.0,315.3,954.54,Switzerland
13493,83,2,618.63,380,6,95,309.315,190.0,0.4800000000000001,439.28,0.0,179.35,259.92999999999995,0.0,Switzerland
13494,119,1,316.26000000000005,162,18,119,316.26000000000005,162.0,0.20134228187919462,0.0,0.0,316.26000000000005,-316.26000000000005,0.0,United Kingdom
13495,40,3,1072.43,485,20,176,357.4766666666667,161.66666666666666,0.4368932038834952,207.0,0.0,865.4300000000001,-658.4300000000001,972.44,United Kingdom
13496,167,1,501.01,229,26,167,501.01,229.0,0.15228426395939088,0.0,0.0,501.01,-501.01,152.32,United Kingdom
13497,90,2,348.05,163,19,176,174.025,81.5,0.29126213592233013,0.0,0.0,348.05,-348.05,0.0,United Kingdom
13499,33,2,463.79,265,18,77,231.895,132.5,0.5607476635514018,463.79,0.0,0.0,463.79,695.3199999999999,United Kingdom
13501,96,1,1340.32,560,52,96,1340.32,560.0,0.23809523809523808,0.0,0.0,1340.32,-1340.32,0.0,Switzerland
13502,82,2,189.16000000000003,110,9,131,94.58000000000001,55.0,0.3726708074534162,74.56,0.0,114.60000000000001,-40.040000000000006,102.83999999999999,United Kingdom
13505,0,2,1916.0900000000001,853,90,40,958.0450000000001,426.5,0.8571428571428572,1916.0900000000001,906.4000000000001,0.0,1916.0900000000001,2477.54,Switzerland
13506,124,2,458.52,324,26,177,229.26,162.0,0.2898550724637681,0.0,0.0,458.52,-458.52,0.0,United Kingdom
13508,51,1,110.97,24,12,51,110.97,24.0,0.37037037037037035,110.97,0.0,0.0,110.97,0.0,United Kingdom
13509,62,3,650.02,766,23,92,216.67333333333332,255.33333333333334,0.7377049180327869,440.7,0.0,209.32,231.38,329.7,United Kingdom
13512,68,1,251.21,143,15,68,251.21,143.0,0.30612244897959184,251.21,0.0,0.0,251.21,0.0,United Kingdom
13515,55,1,203.4,180,13,55,203.4,180.0,0.35294117647058826,203.4,0.0,0.0,203.4,687.72,United Kingdom
13516,46,1,146.0,56,7,46,146.0,56.0,0.39473684210526316,146.0,0.0,0.0,146.0,1243.41,United Kingdom
13520,67,3,1479.3,656,30,179,493.09999999999997,218.66666666666666,0.43062200956937796,490.78000000000003,0.0,988.52,-497.73999999999995,2145.05,Switzerland
13523,7,3,2369.24,828,92,174,789.7466666666666,276.0,0.4411764705882353,1802.29,1802.29,566.95,1235.34,1595.64,United Kingdom
13524,27,1,159.20000000000002,100,9,27,159.20000000000002,100.0,0.5263157894736842,159.20000000000002,159.20000000000002,0.0,159.20000000000002,520.98,United Kingdom
13525,56,1,282.88,208,2,56,282.88,208.0,0.3488372093023256,282.88,0.0,0.0,282.88,345.9,United Kingdom
13527,9,2,585.64,230,45,134,292.82,115.0,0.36585365853658536,475.19,475.19,110.45,364.74,1701.8700000000001,United Kingdom
13529,12,1,181.1,30,7,12,181.1,30.0,0.7142857142857143,181.1,181.1,0.0,181.1,126.66000000000001,United Kingdom
13531,13,2,483.8,174,17,174,241.9,87.0,0.29411764705882354,178.35,178.35,305.45,-127.1,0.0,United Kingdom
13533,75,2,146.64,107,42,75,73.32,53.5,0.5714285714285714,146.64,0.0,0.0,146.64,124.14999999999999,United Kingdom
13534,7,16,2648.8,1341,76,166,165.55,83.8125,2.4489795918367347,1619.05,634.6,1029.75,589.3,3221.28,United Kingdom
13538,82,2,504.3,74,5,123,252.15,37.0,0.3921568627450981,337.5,0.0,166.8,170.7,776.55,United Kingdom
13539,48,2,315.65,231,21,117,157.825,115.5,0.4081632653061224,151.55,0.0,164.1,-12.549999999999983,315.69,United Kingdom
13544,48,1,122.91,75,42,48,122.91,75.0,0.3846153846153846,122.91,0.0,0.0,122.91,168.5,United Kingdom
13546,8,1,188.16,109,26,8,188.16,109.0,0.7894736842105263,188.16,188.16,0.0,188.16,438.83,United Kingdom
13548,51,1,281.01,164,59,51,281.01,164.0,0.37037037037037035,281.01,0.0,0.0,281.01,401.4,United Kingdom
13549,0,3,512.5500000000001,307,26,50,170.85000000000002,102.33333333333333,1.1249999999999998,512.5500000000001,329.05,0.0,512.5500000000001,405.65000000000003,United Kingdom
13551,127,1,91.80000000000001,12,4,127,91.80000000000001,12.0,0.19108280254777069,0.0,0.0,91.80000000000001,-91.80000000000001,0.0,United Kingdom
13552,13,5,1861.29,593,40,123,372.258,118.6,0.9803921568627452,1547.59,1078.54,313.70000000000005,1233.8899999999999,1878.78,United Kingdom
13555,9,2,1590.05,868,55,9,795.025,434.0,1.5384615384615383,1590.05,1590.05,0.0,1590.05,2559.23,United Kingdom
13557,88,1,240.68,224,16,88,240.68,224.0,0.2542372881355932,240.68,0.0,0.0,240.68,343.38,United Kingdom
13561,23,1,141.85999999999999,83,14,23,141.85999999999999,83.0,0.5660377358490566,141.85999999999999,141.85999999999999,0.0,141.85999999999999,0.0,United Kingdom
13562,53,1,603.27,233,24,53,603.27,233.0,0.3614457831325301,603.27,0.0,0.0,603.27,1196.06,United Kingdom
13564,162,2,1198.38,660,67,176,599.19,330.0,0.29126213592233013,0.0,0.0,1198.38,-1198.38,550.64,United Kingdom
13565,142,1,110.17999999999999,78,13,142,110.17999999999999,78.0,0.1744186046511628,0.0,0.0,110.17999999999999,-110.17999999999999,130.04,United Kingdom
13569,175,1,118.32,44,23,175,118.32,44.0,0.14634146341463417,0.0,0.0,118.32,-118.32,255.43,United Kingdom
13570,51,1,239.49,161,27,51,239.49,161.0,0.37037037037037035,239.49,0.0,0.0,239.49,0.0,United Kingdom
13571,0,3,392.6,275,49,61,130.86666666666667,91.66666666666667,0.989010989010989,392.6,120.59,0.0,392.6,1699.72,United Kingdom
13572,13,1,1384.25,534,32,13,1384.25,534.0,0.6976744186046512,1384.25,1384.25,0.0,1384.25,0.0,United Kingdom
13573,61,1,31.770000000000003,10,3,61,31.770000000000003,10.0,0.32967032967032966,31.770000000000003,0.0,0.0,31.770000000000003,262.63,United Kingdom
13576,27,7,2746.4,1067,34,181,392.34285714285716,152.42857142857142,0.9952606635071091,1059.36,302.88,1337.89,-278.5300000000002,3970.94,United Kingdom
13577,49,1,356.75,131,20,49,356.75,131.0,0.379746835443038,356.75,0.0,0.0,356.75,1330.8500000000001,United Kingdom
13579,177,1,164.7,46,9,177,164.7,46.0,0.14492753623188406,0.0,0.0,164.7,-164.7,302.34000000000003,United Kingdom
13581,117,1,118.0,30,10,117,118.0,30.0,0.2040816326530612,0.0,0.0,118.0,-118.0,0.0,United Kingdom
13584,114,1,142.4,37,24,114,142.4,37.0,0.20833333333333334,0.0,0.0,142.4,-142.4,0.0,United Kingdom
13588,63,1,113.30000000000001,48,8,63,113.30000000000001,48.0,0.3225806451612903,113.30000000000001,0.0,0.0,113.30000000000001,2365.65,United Kingdom
13590,7,3,912.03,811,38,111,304.01,270.3333333333333,0.6382978723404255,602.97,301.55,309.06,293.91,1069.89,United Kingdom
13591,12,2,776.23,263,36,74,388.115,131.5,0.5769230769230769,776.23,314.03,0.0,776.23,340.9,United Kingdom
13592,13,3,205.51,71,12,72,68.50333333333333,23.666666666666668,0.8823529411764706,205.51,128.79,0.0,205.51,42.45,United Kingdom
13593,71,3,1022.95,370,50,144,340.98333333333335,123.33333333333333,0.5172413793103449,463.1,0.0,559.85,-96.75,1014.13,United Kingdom
13599,6,7,2005.66,1218,60,174,286.52285714285716,174.0,1.0294117647058825,703.11,371.3,1302.55,-599.4399999999999,3148.01,United Kingdom
13600,120,1,219.52,324,19,120,219.52,324.0,0.2,0.0,0.0,219.52,-219.52,0.0,United Kingdom
13601,19,1,373.2,275,41,19,373.2,275.0,0.6122448979591837,373.2,373.2,0.0,373.2,320.12,United Kingdom
13606,51,2,250.42,243,37,119,125.21,121.5,0.40268456375838924,180.4,0.0,70.02,110.38000000000001,30.119999999999997,United Kingdom
13610,51,2,349.72,156,54,93,174.86,78.0,0.48780487804878053,110.55,0.0,239.17000000000002,-128.62,782.16,United Kingdom
13611,167,1,303.15000000000003,183,15,167,303.15000000000003,183.0,0.15228426395939088,0.0,0.0,303.15000000000003,-303.15000000000003,868.65,United Kingdom
13614,138,1,205.75,25,9,138,205.75,25.0,0.17857142857142858,0.0,0.0,205.75,-205.75,1404.71,United Kingdom
13615,126,1,417.69,189,23,126,417.69,189.0,0.1923076923076923,0.0,0.0,417.69,-417.69,0.0,United Kingdom
13623,18,4,551.92,150,61,105,137.98,37.5,0.8888888888888888,395.92,147.58,156.0,239.92000000000002,195.86,United Kingdom
13626,60,1,257.23,209,19,60,257.23,209.0,0.3333333333333333,257.23,0.0,0.0,257.23,0.0,United Kingdom
13627,12,2,605.92,439,41,165,302.96,219.5,0.3076923076923077,294.73,294.73,311.19,-16.45999999999998,1032.55,United Kingdom
13629,18,4,2888.0,1650,6,146,722.0,412.5,0.6818181818181819,1463.0,821.0,1425.0,38.0,4904.36,United Kingdom
13630,53,2,730.9200000000001,451,43,93,365.46000000000004,225.5,0.48780487804878053,431.78000000000003,0.0,299.14,132.64000000000004,1300.86,United Kingdom
13631,9,4,1330.0,188,3,75,332.5,47.0,1.1428571428571428,1330.0,1250.0,0.0,1330.0,1740.42,United Kingdom
13632,41,2,613.03,239,55,51,306.515,119.5,0.7407407407407407,613.03,0.0,0.0,613.03,1508.24,United Kingdom
13634,50,2,625.41,253,64,135,312.705,126.5,0.36363636363636365,263.41,0.0,362.0,-98.58999999999997,949.75,United Kingdom
13636,60,3,541.45,303,32,93,180.48333333333335,101.0,0.7317073170731708,386.95,0.0,154.5,232.45,407.67,United Kingdom
13637,34,1,422.6,215,60,34,422.6,215.0,0.46875,422.6,0.0,0.0,422.6,387.9,United Kingdom
13642,23,1,354.8,173,57,23,354.8,173.0,0.5660377358490566,354.8,354.8,0.0,354.8,0.0,United Kingdom
13647,42,1,424.64,267,23,42,424.64,267.0,0.4166666666666667,424.64,0.0,0.0,424.64,1253.48,United Kingdom
13649,64,2,346.6,139,23,174,173.3,69.5,0.29411764705882354,148.8,0.0,197.8,-49.0,0.0,United Kingdom
13650,15,2,745.5200000000001,284,33,75,372.76000000000005,142.0,0.5714285714285714,745.5200000000001,373.40000000000003,0.0,745.5200000000001,1090.82,United Kingdom
13652,64,2,638.24,290,33,176,319.12,145.0,0.29126213592233013,329.44,0.0,308.8,20.639999999999986,456.84000000000003,United Kingdom
13654,9,3,1172.84,809,65,81,390.94666666666666,269.6666666666667,0.8108108108108107,1172.84,374.59999999999997,0.0,1172.84,1534.49,United Kingdom
13655,49,1,383.65,115,21,49,383.65,115.0,0.379746835443038,383.65,0.0,0.0,383.65,549.32,United Kingdom
13656,145,1,162.70000000000002,113,31,145,162.70000000000002,113.0,0.17142857142857143,0.0,0.0,162.70000000000002,-162.70000000000002,216.95,United Kingdom
13657,9,1,152.34,132,9,9,152.34,132.0,0.7692307692307692,152.34,152.34,0.0,152.34,229.8,United Kingdom
13658,12,1,933.3,300,32,12,933.3,300.0,0.7142857142857143,933.3,933.3,0.0,933.3,1705.87,United Kingdom
13659,13,2,1573.2,894,92,128,786.6,447.0,0.379746835443038,527.8000000000001,527.8000000000001,1045.4,-517.6,0.0,United Kingdom
13662,20,2,532.94,363,33,67,266.47,181.5,0.6185567010309279,532.94,305.24,0.0,532.94,364.82,United Kingdom
13666,95,2,64.05,37,8,95,32.025,18.5,0.4800000000000001,0.0,0.0,64.05,-64.05,20.6,United Kingdom
13668,9,11,3758.07,2298,150,170,341.6427272727273,208.9090909090909,1.65,2008.99,797.02,1749.0800000000002,259.90999999999985,2605.52,United Kingdom
13672,109,2,186.39000000000001,57,4,140,93.19500000000001,28.5,0.3529411764705882,0.0,0.0,186.39000000000001,-186.39000000000001,0.0,United Kingdom
13675,92,1,308.44,204,15,92,308.44,204.0,0.24590163934426232,0.0,0.0,308.44,-308.44,178.38000000000002,United Kingdom
13680,145,2,2391.59,1195,69,147,1195.795,597.5,0.3389830508474576,0.0,0.0,2391.59,-2391.59,1330.83,United Kingdom
13684,93,1,67.23,39,29,93,67.23,39.0,0.24390243902439027,0.0,0.0,67.23,-67.23,0.0,United Kingdom
13692,21,2,871.58,735,32,44,435.79,367.5,0.8108108108108107,871.58,14.95,0.0,871.58,616.74,United Kingdom
13694,0,26,28199.35,27027,219,181,1084.5903846153847,1039.5,3.6966824644549763,17429.19,6391.68,9928.04,7501.149999999998,36840.27,United Kingdom
13695,21,4,285.48,188,9,67,71.37,47.0,1.2371134020618557,285.48,54.6,0.0,285.48,2218.65,United Kingdom
13700,48,5,943.66,1121,82,135,188.732,224.2,0.9090909090909091,787.65,0.0,156.01,631.64,1321.46,United Kingdom
13703,126,1,99.5,10,1,126,99.5,10.0,0.1923076923076923,0.0,0.0,99.5,-99.5,0.0,United Kingdom
13705,181,1,318.14,103,10,181,318.14,103.0,0.14218009478672985,0.0,0.0,0.0,0.0,393.72,United Kingdom
13706,110,1,330.79,189,20,110,330.79,189.0,0.2142857142857143,0.0,0.0,330.79,-330.79,0.0,United Kingdom
13707,75,2,806.41,351,48,123,403.205,175.5,0.3921568627450981,223.0,0.0,583.41,-360.40999999999997,0.0,United Kingdom
13708,79,1,296.88,306,49,79,296.88,306.0,0.27522935779816515,296.88,0.0,0.0,296.88,0.0,United Kingdom
13709,123,1,474.7,303,30,123,474.7,303.0,0.19607843137254904,0.0,0.0,474.7,-474.7,5853.35,United Kingdom
13711,26,2,252.06,140,11,26,126.03,70.0,1.0714285714285714,252.06,252.06,0.0,252.06,0.0,United Kingdom
13712,54,1,228.84,352,10,54,228.84,352.0,0.35714285714285715,228.84,0.0,0.0,228.84,0.0,United Kingdom
13715,89,5,1079.34,563,89,180,215.868,112.6,0.7142857142857143,137.49,0.0,669.2,-531.71,0.0,United Kingdom
13716,77,1,138.28,138,21,77,138.28,138.0,0.2803738317757009,138.28,0.0,0.0,138.28,0.0,United Kingdom
13717,48,2,570.59,693,35,106,285.295,346.5,0.4411764705882353,272.54,0.0,298.05,-25.50999999999999,874.42,United Kingdom
13718,54,2,306.55,173,9,103,153.275,86.5,0.45112781954887216,192.5,0.0,114.05000000000001,78.44999999999999,0.0,United Kingdom
13719,13,2,338.74,186,19,42,169.37,93.0,0.8333333333333334,338.74,205.84,0.0,338.74,702.9399999999999,United Kingdom
13720,46,2,432.1,250,26,62,216.05,125.0,0.6521739130434783,432.1,0.0,0.0,432.1,367.8,United Kingdom
13722,90,1,1463.47,958,46,90,1463.47,958.0,0.25,0.0,0.0,1463.47,-1463.47,911.94,United Kingdom
13723,25,1,199.85000000000002,43,6,25,199.85000000000002,43.0,0.5454545454545454,199.85000000000002,199.85000000000002,0.0,199.85000000000002,0.0,United Kingdom
13725,33,6,1751.6,696,83,116,291.93333333333334,116.0,1.232876712328767,299.67,0.0,1451.93,-1152.26,228.96,United Kingdom
13728,6,3,493.93,165,22,118,164.64333333333335,55.0,0.6081081081081081,335.35,152.35,158.58,176.77,522.21,United Kingdom
13731,27,2,610.59,278,36,54,305.295,139.0,0.7142857142857143,610.59,302.47,0.0,610.59,0.0,United Kingdom
13735,42,1,935.15,505,59,42,935.15,505.0,0.4166666666666667,935.15,0.0,0.0,935.15,1950.09,United Kingdom
13736,68,1,357.53,228,73,68,357.53,228.0,0.30612244897959184,357.53,0.0,0.0,357.53,374.37,United Kingdom
13737,8,1,339.6,125,29,8,339.6,125.0,0.7894736842105263,339.6,339.6,0.0,339.6,0.0,United Kingdom
13740,48,1,350.75,425,23,48,350.75,425.0,0.3846153846153846,350.75,0.0,0.0,350.75,0.0,United Kingdom
13741,25,1,162.96,76,8,25,162.96,76.0,0.5454545454545454,162.96,162.96,0.0,162.96,505.47,United Kingdom
13742,21,5,1642.48,682,132,128,328.496,136.4,0.949367088607595,471.15,298.43,1171.33,-700.18,1488.54,United Kingdom
13743,25,2,353.16,420,7,67,176.58,210.0,0.6185567010309279,353.16,211.44,0.0,353.16,988.4399999999999,United Kingdom
13744,100,1,893.16,995,44,100,893.16,995.0,0.23076923076923073,0.0,0.0,893.16,-893.16,263.2,United Kingdom
13747,181,1,79.6,8,1,181,79.6,8.0,0.14218009478672985,0.0,0.0,0.0,0.0,0.0,United Kingdom
13748,40,3,580.85,223,11,181,193.61666666666667,74.33333333333333,0.4265402843601896,376.85,0.0,0.0,376.85,367.4,United Kingdom
13750,104,2,688.8,240,7,144,344.4,120.0,0.3448275862068966,0.0,0.0,688.8,-688.8,958.46,United Kingdom
13751,96,1,296.25,152,9,96,296.25,152.0,0.23809523809523808,0.0,0.0,296.25,-296.25,0.0,United Kingdom
13752,16,3,724.67,562,51,54,241.55666666666664,187.33333333333334,1.0714285714285714,724.67,447.07,0.0,724.67,461.61,United Kingdom
13753,95,1,741.26,512,35,95,741.26,512.0,0.24000000000000005,0.0,0.0,741.26,-741.26,0.0,United Kingdom
13754,125,1,156.0,82,8,125,156.0,82.0,0.1935483870967742,0.0,0.0,156.0,-156.0,126.6,United Kingdom
13756,13,4,1403.6100000000001,585,31,175,350.90250000000003,146.25,0.5853658536585367,399.21000000000004,399.21000000000004,1004.4000000000001,-605.19,3785.9100000000003,United Kingdom
13758,9,5,2351.52,1493,87,181,470.304,298.6,0.7109004739336493,1210.27,893.37,778.8,431.47,839.03,United Kingdom
13760,64,1,135.09,96,28,64,135.09,96.0,0.3191489361702128,135.09,0.0,0.0,135.09,151.70000000000002,United Kingdom
13762,26,1,306.72,272,7,26,306.72,272.0,0.5357142857142857,306.72,306.72,0.0,306.72,0.0,United Kingdom
13764,145,1,499.89,282,69,145,499.89,282.0,0.17142857142857143,0.0,0.0,499.89,-499.89,1021.87,United Kingdom
13767,11,22,7241.29,3042,49,181,329.14954545454543,138.27272727272728,3.1279620853080567,3097.4700000000003,1575.83,3313.14,-215.66999999999962,9979.070000000002,United Kingdom
13769,15,5,1448.01,613,52,175,289.602,122.6,0.7317073170731707,821.69,318.06,626.32,195.37,1348.5,United Kingdom
13771,7,2,1464.8500000000001,825,65,55,732.4250000000001,412.5,0.7058823529411765,1464.8500000000001,593.25,0.0,1464.8500000000001,1169.6,United Kingdom
13772,47,1,228.42,86,36,47,228.42,86.0,0.38961038961038963,228.42,0.0,0.0,228.42,903.71,United Kingdom
13777,15,19,9916.65,5090,33,181,521.9289473684211,267.89473684210526,2.7014218009478674,1853.49,266.70000000000005,1478.0,375.49,16060.51,United Kingdom
13781,58,1,127.84,30,17,58,127.84,30.0,0.3409090909090909,127.84,0.0,0.0,127.84,0.0,United Kingdom
13782,42,2,361.3,156,45,135,180.65,78.0,0.36363636363636365,169.36,0.0,191.94,-22.579999999999984,550.7,United Kingdom
13784,26,5,772.47,1345,6,140,154.494,269.0,0.8823529411764706,442.83,346.08,329.64,113.19,1690.32,United Kingdom
13786,175,1,230.4,136,7,175,230.4,136.0,0.14634146341463417,0.0,0.0,230.4,-230.4,0.0,United Kingdom
13787,172,1,106.4,56,7,172,106.4,56.0,0.1485148514851485,0.0,0.0,106.4,-106.4,202.64,United Kingdom
13792,95,1,74.60000000000001,28,4,95,74.60000000000001,28.0,0.24000000000000005,0.0,0.0,74.60000000000001,-74.60000000000001,120.95,United Kingdom
13798,4,32,22292.52,13970,95,180,696.64125,436.5625,4.571428571428571,11291.12,4649.96,10593.4,697.7200000000012,14861.33,United Kingdom
13799,102,1,341.7,186,16,102,341.7,186.0,0.22727272727272727,0.0,0.0,341.7,-341.7,347.15999999999997,United Kingdom
13800,117,1,558.32,331,33,117,558.32,331.0,0.2040816326530612,0.0,0.0,558.32,-558.32,0.0,United Kingdom
13802,62,2,3131.06,1794,45,119,1565.53,897.0,0.40268456375838924,2161.32,0.0,969.74,1191.5800000000002,1468.3600000000001,United Kingdom
13803,63,1,277.07,121,17,63,277.07,121.0,0.3225806451612903,277.07,0.0,0.0,277.07,0.0,United Kingdom
13804,97,1,723.63,417,41,97,723.63,417.0,0.23622047244094488,0.0,0.0,723.63,-723.63,1912.16,United Kingdom
13807,175,1,112.6,36,7,175,112.6,36.0,0.14634146341463417,0.0,0.0,112.6,-112.6,0.0,United Kingdom
13809,113,1,155.05,29,11,113,155.05,29.0,0.2097902097902098,0.0,0.0,155.05,-155.05,0.0,Cyprus
13811,43,2,481.5,30,7,47,240.75,15.0,0.7792207792207793,481.5,0.0,0.0,481.5,333.0,Germany
13815,126,1,1012.01,608,53,126,1012.01,608.0,0.1923076923076923,0.0,0.0,1012.01,-1012.01,3015.35,Germany
13817,159,1,128.7,63,9,159,128.7,63.0,0.15873015873015872,0.0,0.0,128.7,-128.7,254.28,Germany
13819,109,3,1140.35,1109,26,127,380.1166666666666,369.6666666666667,0.5732484076433121,0.0,0.0,1140.35,-1140.35,0.0,United Kingdom
13821,69,1,270.15,110,42,69,270.15,110.0,0.30303030303030304,270.15,0.0,0.0,270.15,115.49,United Kingdom
13824,11,3,1232.98,518,20,118,410.99333333333334,172.66666666666666,0.6081081081081081,790.1,130.8,442.88,347.22,465.96,United Kingdom
13831,8,3,1097.99,395,53,177,365.99666666666667,131.66666666666666,0.43478260869565216,689.99,689.99,408.0,281.99,1105.0,United Kingdom
13835,23,1,328.45,157,21,23,328.45,157.0,0.5660377358490566,328.45,328.45,0.0,328.45,506.12,United Kingdom
13837,19,2,271.24,183,17,125,135.62,91.5,0.3870967741935484,157.54000000000002,157.54000000000002,113.7,43.84000000000002,0.0,United Kingdom
13838,177,1,238.11,83,48,177,238.11,83.0,0.14492753623188406,0.0,0.0,238.11,-238.11,453.62,United Kingdom
13841,60,1,85.0,100,1,60,85.0,100.0,0.3333333333333333,85.0,0.0,0.0,85.0,0.0,United Kingdom
13842,7,6,1828.47,729,87,174,304.745,121.5,0.8823529411764706,920.94,301.14,907.53,13.410000000000082,1557.15,United Kingdom
13846,50,2,663.9300000000001,345,43,168,331.96500000000003,172.5,0.30303030303030304,252.53,0.0,411.40000000000003,-158.87000000000003,201.13,United Kingdom
13848,105,2,935.0,2700,3,174,467.5,1350.0,0.29411764705882354,0.0,0.0,935.0,-935.0,320.0,United Kingdom
13851,96,1,246.32000000000002,150,17,96,246.32000000000002,150.0,0.23809523809523808,0.0,0.0,246.32000000000002,-246.32000000000002,2405.14,United Kingdom
13854,4,16,5159.54,1540,30,173,322.47125,96.25,2.3645320197044337,2890.34,1017.12,2269.2,621.1400000000003,2949.98,United Kingdom
13856,11,1,94.4,104,7,11,94.4,104.0,0.7317073170731707,94.4,94.4,0.0,94.4,294.1,United Kingdom
13859,134,1,201.16,129,27,134,201.16,129.0,0.18292682926829268,0.0,0.0,201.16,-201.16,0.0,United Kingdom
13862,40,3,852.31,603,46,140,284.1033333333333,201.0,0.5294117647058824,173.46,0.0,678.85,-505.39,1357.05,United Kingdom
13863,55,1,305.78,224,20,55,305.78,224.0,0.35294117647058826,305.78,0.0,0.0,305.78,0.0,United Kingdom
13865,97,1,123.30000000000001,42,7,97,123.30000000000001,42.0,0.23622047244094488,0.0,0.0,123.30000000000001,-123.30000000000001,378.26,United Kingdom
13867,26,1,138.85,31,8,26,138.85,31.0,0.5357142857142857,138.85,138.85,0.0,138.85,876.44,United Kingdom
13869,70,3,1584.96,728,122,165,528.32,242.66666666666666,0.46153846153846156,687.15,0.0,897.8100000000001,-210.66000000000008,1519.99,United Kingdom
13870,95,1,544.03,384,34,95,544.03,384.0,0.24000000000000005,0.0,0.0,544.03,-544.03,2226.91,United Kingdom
13871,14,5,2395.73,1052,77,116,479.146,210.4,1.0273972602739725,1939.68,631.49,456.05,1483.63,4007.52,United Kingdom
13873,26,2,230.4,66,13,117,115.2,33.0,0.4081632653061224,108.95,108.95,121.45,-12.5,159.20000000000002,United Kingdom
13874,166,1,540.45,180,18,166,540.45,180.0,0.15306122448979592,0.0,0.0,540.45,-540.45,0.0,United Kingdom
13875,65,2,683.68,470,34,109,341.84,235.0,0.43165467625899284,343.03000000000003,0.0,340.65,2.3800000000000523,1103.11,United Kingdom
13880,25,5,1026.63,595,47,175,205.32600000000002,119.0,0.7317073170731707,518.53,226.9,508.1,10.42999999999995,2193.14,United Kingdom
13881,21,4,3569.46,2540,40,119,892.365,635.0,0.8053691275167785,2544.12,1560.3400000000001,1025.34,1518.78,13590.06,United Kingdom
13883,26,4,1742.78,904,94,61,435.695,226.0,1.3186813186813187,1742.78,762.37,0.0,1742.78,931.7,United Kingdom
13884,85,3,196.25,65,10,91,65.41666666666667,21.666666666666668,0.7438016528925621,58.1,0.0,138.15,-80.05000000000001,591.35,United Kingdom
13885,8,1,399.15000000000003,159,23,8,399.15000000000003,159.0,0.7894736842105263,399.15000000000003,399.15000000000003,0.0,399.15000000000003,107.65,United Kingdom
13887,12,1,349.55,147,19,12,349.55,147.0,0.7142857142857143,349.55,349.55,0.0,349.55,0.0,United Kingdom
13888,26,1,239.52,78,19,26,239.52,78.0,0.5357142857142857,239.52,239.52,0.0,239.52,366.11,United Kingdom
13890,166,1,190.35000000000002,93,11,166,190.35000000000002,93.0,0.15306122448979592,0.0,0.0,190.35000000000002,-190.35000000000002,1693.46,United Kingdom
13892,54,1,54.519999999999996,140,3,54,54.519999999999996,140.0,0.35714285714285715,54.519999999999996,0.0,0.0,54.519999999999996,578.45,United Kingdom
13893,105,1,821.1,190,21,105,821.1,190.0,0.2222222222222222,0.0,0.0,821.1,-821.1,0.0,United Kingdom
13894,118,1,160.85,105,10,118,160.85,105.0,0.2027027027027027,0.0,0.0,160.85,-160.85,403.77,United Kingdom
13898,133,1,155.93,133,12,133,155.93,133.0,0.18404907975460122,0.0,0.0,155.93,-155.93,0.0,United Kingdom
13899,82,1,298.5,122,15,82,298.5,122.0,0.26785714285714285,298.5,0.0,0.0,298.5,90.02,United Kingdom
13900,0,2,732.45,429,41,70,366.225,214.5,0.6,732.45,374.87,0.0,732.45,8.5,United Kingdom
13901,64,2,648.3,308,34,126,324.15,154.0,0.3846153846153846,433.9,0.0,214.4,219.49999999999997,2218.9,United Kingdom
13904,102,1,201.12,223,17,102,201.12,223.0,0.22727272727272727,0.0,0.0,201.12,-201.12,131.52,United Kingdom
13908,22,2,831.11,558,49,84,415.555,279.0,0.5263157894736842,831.11,335.11,0.0,831.11,1538.44,United Kingdom
13911,5,6,1703.91,1465,92,116,283.985,244.16666666666666,1.232876712328767,1144.64,614.41,559.27,585.3700000000001,877.0,United Kingdom
13918,61,1,198.20000000000002,100,8,61,198.20000000000002,100.0,0.32967032967032966,198.20000000000002,0.0,0.0,198.20000000000002,1014.6400000000001,United Kingdom
13922,159,1,172.25,93,7,159,172.25,93.0,0.15873015873015872,0.0,0.0,172.25,-172.25,0.0,United Kingdom
13929,134,1,412.85,43,2,134,412.85,43.0,0.18292682926829268,0.0,0.0,412.85,-412.85,429.8,United Kingdom
13931,88,1,378.21000000000004,211,20,88,378.21000000000004,211.0,0.2542372881355932,378.21000000000004,0.0,0.0,378.21000000000004,859.32,United Kingdom
13932,102,1,307.4,72,16,102,307.4,72.0,0.22727272727272727,0.0,0.0,307.4,-307.4,0.0,United Kingdom
13934,71,1,922.1,390,31,71,922.1,390.0,0.297029702970297,922.1,0.0,0.0,922.1,0.0,United Kingdom
13939,119,1,184.5,202,12,119,184.5,202.0,0.20134228187919462,0.0,0.0,184.5,-184.5,384.05,United Kingdom
13941,105,2,2118.96,980,17,180,1059.48,490.0,0.2857142857142857,0.0,0.0,1023.8400000000001,-1023.8400000000001,2994.0,United Kingdom
13946,9,2,485.96999999999997,263,9,75,242.98499999999999,131.5,0.5714285714285714,485.96999999999997,276.12,0.0,485.96999999999997,75.6,United Kingdom
13948,168,1,102.0,40,3,168,102.0,40.0,0.15151515151515152,0.0,0.0,102.0,-102.0,0.0,United Kingdom
13950,54,1,179.31,81,7,54,179.31,81.0,0.35714285714285715,179.31,0.0,0.0,179.31,565.75,United Kingdom
13951,44,2,516.05,315,32,102,258.025,157.5,0.45454545454545453,303.49,0.0,212.56,90.93,158.4,United Kingdom
13952,25,2,3251.071,1431,120,46,1625.5355,715.5,0.7894736842105263,3251.071,1208.31,0.0,3251.071,0.0,United Kingdom
13953,18,3,1750.0,1400,1,160,583.3333333333334,466.6666666666667,0.4736842105263158,1250.0,750.0,500.0,750.0,1765.68,United Kingdom
13955,113,1,205.1,110,11,113,205.1,110.0,0.2097902097902098,0.0,0.0,205.1,-205.1,117.86,United Kingdom
13956,51,2,293.67,135,49,79,146.835,67.5,0.5504587155963303,293.67,0.0,0.0,293.67,732.75,United Kingdom
13959,89,2,337.44,198,31,170,168.72,99.0,0.3,122.7,0.0,214.74,-92.04,260.76,United Kingdom
13962,53,1,117.6,30,7,53,117.6,30.0,0.3614457831325301,117.6,0.0,0.0,117.6,51.95,United Kingdom
13963,116,4,664.54,460,35,175,166.135,115.0,0.5853658536585367,0.0,0.0,664.54,-664.54,0.0,United Kingdom
13969,26,6,1507.08,843,112,173,251.17999999999998,140.5,0.8866995073891626,844.25,443.01,662.83,181.41999999999996,7546.86,United Kingdom
13971,22,3,974.52,740,52,93,324.84,246.66666666666666,0.7317073170731708,641.04,331.7,333.48,307.55999999999995,1783.74,United Kingdom
13972,9,1,145.9,42,9,9,145.9,42.0,0.7692307692307692,145.9,145.9,0.0,145.9,44.349999999999994,United Kingdom
13973,95,1,264.7,109,11,95,264.7,109.0,0.24000000000000005,0.0,0.0,264.7,-264.7,0.0,United Kingdom
13975,23,2,961.61,571,116,84,480.805,285.5,0.5263157894736842,961.61,282.85,0.0,961.61,1564.67,United Kingdom
13976,14,1,357.98,154,10,14,357.98,154.0,0.6818181818181818,357.98,357.98,0.0,357.98,0.0,United Kingdom
13982,134,2,903.8,512,39,173,451.9,256.0,0.2955665024630542,0.0,0.0,903.8,-903.8,968.01,United Kingdom
13983,40,6,1545.3700000000001,674,60,174,257.56166666666667,112.33333333333333,0.8823529411764706,595.4300000000001,0.0,949.94,-354.51,1058.06,United Kingdom
13984,57,3,717.23,589,9,174,239.07666666666668,196.33333333333334,0.4411764705882353,432.48,0.0,284.75,147.73000000000002,203.28,United Kingdom
13985,22,2,640.8,314,28,72,320.4,157.0,0.5882352941176471,640.8,247.8,0.0,640.8,6419.33,United Kingdom
13988,8,2,1356.08,769,67,62,678.04,384.5,0.6521739130434783,1356.08,725.02,0.0,1356.08,2791.88,United Kingdom
13989,47,1,896.67,869,23,47,896.67,869.0,0.38961038961038963,896.67,0.0,0.0,896.67,369.41,United Kingdom
13990,21,1,311.3,190,16,21,311.3,190.0,0.5882352941176471,311.3,311.3,0.0,311.3,0.0,United Kingdom
13993,13,4,1492.82,405,50,138,373.205,101.25,0.7142857142857143,669.97,391.75,822.85,-152.88,1973.54,United Kingdom
13995,53,1,310.45,183,17,53,310.45,183.0,0.3614457831325301,310.45,0.0,0.0,310.45,1083.24,United Kingdom
13999,22,4,1246.82,901,58,169,311.705,225.25,0.6030150753768844,637.12,335.64,609.7,27.41999999999996,2654.9900000000002,United Kingdom
14000,19,1,635.66,710,15,19,635.66,710.0,0.6122448979591837,635.66,635.66,0.0,635.66,0.0,United Kingdom
14001,40,2,1309.14,632,21,181,654.57,316.0,0.2843601895734597,1007.9,0.0,0.0,1007.9,733.94,United Kingdom
14004,96,1,900.02,382,29,96,900.02,382.0,0.23809523809523808,0.0,0.0,900.02,-900.02,3682.62,United Kingdom
14005,23,1,187.16,240,14,23,187.16,240.0,0.5660377358490566,187.16,187.16,0.0,187.16,2687.56,United Kingdom
14006,49,2,662.09,447,20,120,331.045,223.5,0.4,357.65,0.0,304.44,53.20999999999998,300.1,United Kingdom
14009,6,2,695.61,365,42,13,347.805,182.5,1.3953488372093024,695.61,695.61,0.0,695.61,0.0,United Kingdom
14012,85,1,328.8,160,11,85,328.8,160.0,0.2608695652173913,328.8,0.0,0.0,328.8,0.0,United Kingdom
14013,83,1,118.5,90,8,83,118.5,90.0,0.26548672566371684,118.5,0.0,0.0,118.5,354.52,United Kingdom
14016,15,3,3364.63,1428,114,165,1121.5433333333333,476.0,0.46153846153846156,2610.89,1133.33,753.74,1857.1499999999999,976.58,EIRE
14021,19,2,501.7,152,18,64,250.85,76.0,0.6382978723404256,501.7,302.8,0.0,501.7,130.2,United Kingdom
14022,33,1,440.0,487,28,33,440.0,487.0,0.47619047619047616,440.0,0.0,0.0,440.0,0.0,United Kingdom
14023,58,1,273.14,162,16,58,273.14,162.0,0.3409090909090909,273.14,0.0,0.0,273.14,310.93,United Kingdom
14030,51,5,1435.02,650,117,174,287.004,130.0,0.7352941176470589,451.29,0.0,983.73,-532.44,925.07,United Kingdom
14031,4,11,7904.5599999999995,3026,83,180,718.5963636363635,275.09090909090907,1.5714285714285714,3910.1,1232.55,2280.21,1629.8899999999999,9382.3,United Kingdom
14032,14,5,1535.57,1089,41,174,307.114,217.8,0.7352941176470589,916.15,303.17,619.4200000000001,296.7299999999999,1440.02,United Kingdom
14035,75,2,700.58,374,16,105,350.29,187.0,0.4444444444444444,398.98,0.0,301.6,97.38,727.44,United Kingdom
14036,92,1,626.65,268,38,92,626.65,268.0,0.24590163934426232,0.0,0.0,626.65,-626.65,0.0,United Kingdom
14037,172,1,111.8,34,26,172,111.8,34.0,0.1485148514851485,0.0,0.0,111.8,-111.8,35.400000000000006,United Kingdom
14038,15,1,716.32,501,45,15,716.32,501.0,0.6666666666666666,716.32,716.32,0.0,716.32,844.0600000000001,United Kingdom
14040,23,5,1449.38,571,87,139,289.87600000000003,114.2,0.8875739644970414,535.33,364.23,914.05,-378.7199999999999,2165.54,United Kingdom
14041,74,1,141.41,94,21,74,141.41,94.0,0.28846153846153844,141.41,0.0,0.0,141.41,0.0,United Kingdom
14044,117,1,173.74,75,54,117,173.74,75.0,0.2040816326530612,0.0,0.0,173.74,-173.74,479.08,United Kingdom
14045,145,3,1251.75,487,4,181,417.25,162.33333333333334,0.4265402843601896,0.0,0.0,925.35,-925.35,408.0,United Kingdom
14046,92,1,154.99,460,14,92,154.99,460.0,0.24590163934426232,0.0,0.0,154.99,-154.99,0.0,United Kingdom
14047,7,3,635.92,210,15,180,211.97333333333333,70.0,0.42857142857142855,339.7,339.7,9.3,330.4,672.69,United Kingdom
14048,113,1,409.93,288,83,113,409.93,288.0,0.2097902097902098,0.0,0.0,409.93,-409.93,0.0,United Kingdom
14049,8,2,3058.46,2036,202,125,1529.23,1018.0,0.3870967741935484,2026.63,2026.63,1031.83,994.8000000000002,2623.26,United Kingdom
14051,21,11,5833.4800000000005,1600,42,174,530.3163636363637,145.45454545454547,1.6176470588235294,2707.12,632.2,3126.36,-419.24000000000024,9776.91,United Kingdom
14056,5,10,3301.98,1865,221,92,330.198,186.5,2.459016393442623,2703.02,1421.73,598.96,2104.06,4912.67,United Kingdom
14057,7,8,2676.5299999999997,2541,123,168,334.56624999999997,317.625,1.2121212121212122,1126.83,342.46,1549.7,-422.8700000000001,3541.43,United Kingdom
14059,74,1,183.6,128,8,74,183.6,128.0,0.28846153846153844,183.6,0.0,0.0,183.6,0.0,United Kingdom
14060,13,10,2957.1,2948,52,180,295.71,294.8,1.4285714285714286,1025.64,285.1,1591.6200000000001,-565.98,3183.32,United Kingdom
14062,47,6,4834.63,2719,52,172,805.7716666666666,453.1666666666667,0.8910891089108911,1738.2400000000002,0.0,3096.39,-1358.1499999999996,5630.22,United Kingdom
14064,19,3,842.16,1295,21,82,280.71999999999997,431.6666666666667,0.8035714285714286,842.16,281.65999999999997,0.0,842.16,511.58,United Kingdom
14066,74,1,152.55,45,7,74,152.55,45.0,0.28846153846153844,152.55,0.0,0.0,152.55,0.0,United Kingdom
14068,128,1,265.85,73,22,128,265.85,73.0,0.189873417721519,0.0,0.0,265.85,-265.85,0.0,United Kingdom
14071,68,2,356.81,295,22,72,178.405,147.5,0.5882352941176471,356.81,0.0,0.0,356.81,1082.01,United Kingdom
14075,69,1,307.92,270,18,69,307.92,270.0,0.30303030303030304,307.92,0.0,0.0,307.92,634.34,United Kingdom
14077,33,2,199.61,83,24,82,99.805,41.5,0.5357142857142857,199.61,0.0,0.0,199.61,299.81,United Kingdom
14078,21,4,583.98,164,28,181,145.995,41.0,0.5687203791469194,277.69,111.28999999999999,170.04999999999998,107.64000000000001,465.39,United Kingdom
14081,110,2,934.52,596,126,177,467.26,298.0,0.2898550724637681,0.0,0.0,934.52,-934.52,0.0,United Kingdom
14082,172,1,182.25,110,28,172,182.25,110.0,0.1485148514851485,0.0,0.0,182.25,-182.25,0.0,United Kingdom
14083,7,5,489.47,390,89,179,97.894,78.0,0.7177033492822966,29.58,15.18,459.89,-430.31,528.96,United Kingdom
14085,6,10,2812.41,1668,204,176,281.241,166.8,1.4563106796116505,824.5,311.5,1987.91,-1163.41,1636.13,United Kingdom
14088,130,1,7544.91,1927,93,130,7544.91,1927.0,0.1875,0.0,0.0,7544.91,-7544.91,42946.9,United Kingdom
14090,132,1,76.32000000000001,72,1,132,76.32000000000001,72.0,0.18518518518518517,0.0,0.0,76.32000000000001,-76.32000000000001,0.0,United Kingdom
14092,4,6,1797.47,899,72,166,299.5783333333333,149.83333333333334,0.9183673469387755,877.24,327.66,920.23,-42.99000000000001,2279.44,United Kingdom
14099,26,5,1321.46,1240,105,162,264.29200000000003,248.0,0.78125,502.73,258.6,818.73,-316.0,1782.71,United Kingdom
14101,5,4,4159.39,5850,15,134,1039.8475,1462.5,0.7317073170731707,2315.36,1090.76,1844.03,471.33000000000015,1817.4,United Kingdom
14105,47,1,1266.23,800,74,47,1266.23,800.0,0.38961038961038963,1266.23,0.0,0.0,1266.23,0.0,United Kingdom
14107,28,4,1475.08,1076,48,172,368.77,269.0,0.594059405940594,853.99,299.81,621.09,232.89999999999998,1228.15,United Kingdom
14110,28,2,1701.52,790,53,74,850.76,395.0,0.5769230769230769,1701.52,797.26,0.0,1701.52,3981.63,United Kingdom
14111,49,1,94.2,148,2,49,94.2,148.0,0.379746835443038,94.2,0.0,0.0,94.2,598.65,United Kingdom
14112,11,3,1152.5,672,66,83,384.1666666666667,224.0,0.7964601769911505,1152.5,535.4,0.0,1152.5,1762.65,United Kingdom
14113,162,1,433.5,102,2,162,433.5,102.0,0.15625,0.0,0.0,433.5,-433.5,1406.92,United Kingdom
14114,81,2,386.53,101,15,138,193.265,50.5,0.35714285714285715,191.39999999999998,0.0,195.13,-3.730000000000018,0.0,United Kingdom
14127,64,2,452.23,197,29,118,226.115,98.5,0.4054054054054054,137.6,0.0,314.63,-177.03,257.48,United Kingdom
14128,63,1,305.54,269,22,63,305.54,269.0,0.3225806451612903,305.54,0.0,0.0,305.54,331.96,United Kingdom
14129,68,1,358.90000000000003,164,16,68,358.90000000000003,164.0,0.30612244897959184,358.90000000000003,0.0,0.0,358.90000000000003,764.96,United Kingdom
14130,127,1,483.86,258,66,127,483.86,258.0,0.19108280254777069,0.0,0.0,483.86,-483.86,0.0,United Kingdom
14133,123,1,318.0,152,16,123,318.0,152.0,0.19607843137254904,0.0,0.0,318.0,-318.0,287.64,United Kingdom
14135,28,8,2121.26,2515,67,180,265.1575,314.375,1.1428571428571428,309.35,309.35,1326.66,-1017.3100000000001,2569.05,United Kingdom
14142,181,1,311.81,313,22,181,311.81,313.0,0.14218009478672985,0.0,0.0,0.0,0.0,0.0,United Kingdom
14145,25,1,1128.6,228,4,25,1128.6,228.0,0.5454545454545454,1128.6,1128.6,0.0,1128.6,2613.6,United Kingdom
14146,62,2,1903.73,811,62,165,951.865,405.5,0.3076923076923077,662.3,0.0,1241.43,-579.1300000000001,2287.27,United Kingdom
14147,93,1,182.8,40,2,93,182.8,40.0,0.24390243902439027,0.0,0.0,182.8,-182.8,300.6,United Kingdom
14148,41,1,157.2,16,3,41,157.2,16.0,0.4225352112676056,157.2,0.0,0.0,157.2,0.0,United Kingdom
14149,28,1,446.62,218,28,28,446.62,218.0,0.5172413793103449,446.62,446.62,0.0,446.62,0.0,United Kingdom
14150,167,1,306.18,262,12,167,306.18,262.0,0.15228426395939088,0.0,0.0,306.18,-306.18,352.46,United Kingdom
14152,42,1,314.51,369,29,42,314.51,369.0,0.4166666666666667,314.51,0.0,0.0,314.51,306.78000000000003,United Kingdom
14154,47,2,1345.62,465,52,47,672.81,232.5,0.7792207792207793,1345.62,0.0,0.0,1345.62,0.0,United Kingdom
14155,74,1,118.75,25,6,74,118.75,25.0,0.28846153846153844,118.75,0.0,0.0,118.75,0.0,United Kingdom
14156,15,18,43907.23,20212,358,179,2439.290555555556,1122.888888888889,2.583732057416268,15613.83,5412.18,28293.4,-12679.570000000002,73472.4,EIRE
14157,93,1,277.17,199,36,93,277.17,199.0,0.24390243902439027,0.0,0.0,277.17,-277.17,155.71,United Kingdom
14159,64,2,652.09,516,139,170,326.045,258.0,0.3,458.87,0.0,193.22,265.65,4040.92,United Kingdom
14161,23,3,1110.52,455,87,177,370.17333333333335,151.66666666666666,0.43478260869565216,827.37,564.33,283.15,544.22,0.0,United Kingdom
14162,100,1,177.68,110,13,100,177.68,110.0,0.23076923076923073,0.0,0.0,177.68,-177.68,111.68,United Kingdom
14163,7,2,749.79,281,20,47,374.895,140.5,0.7792207792207793,749.79,337.92,0.0,749.79,1696.12,United Kingdom
14165,83,1,122.53999999999999,54,23,83,122.53999999999999,54.0,0.26548672566371684,122.53999999999999,0.0,0.0,122.53999999999999,0.0,United Kingdom
14167,71,2,259.0,72,19,139,129.5,36.0,0.35502958579881655,110.65,0.0,148.35,-37.69999999999999,315.84,United Kingdom
14173,27,1,114.04,40,11,27,114.04,40.0,0.5263157894736842,114.04,114.04,0.0,114.04,336.8,United Kingdom
14175,137,1,322.58,146,16,137,322.58,146.0,0.17964071856287425,0.0,0.0,322.58,-322.58,2899.7200000000003,United Kingdom
14176,105,4,576.9000000000001,209,28,175,144.22500000000002,52.25,0.5853658536585367,0.0,0.0,576.9000000000001,-576.9000000000001,0.0,United Kingdom
14180,13,15,3284.47,484,94,180,218.96466666666666,32.266666666666666,2.142857142857143,1048.85,388.9,2033.8700000000001,-985.0200000000002,1464.05,United Kingdom
14185,139,1,197.65,6,3,139,197.65,6.0,0.17751479289940827,0.0,0.0,197.65,-197.65,0.0,United Kingdom
14188,22,2,760.9,413,17,118,380.45,206.5,0.4054054054054054,362.9,362.9,398.0,-35.10000000000002,1293.46,United Kingdom
14189,8,8,2156.07,1869,92,176,269.50875,233.625,1.1650485436893205,990.58,357.70000000000005,1165.49,-174.90999999999997,2498.01,United Kingdom
14191,7,2,429.1,309,26,28,214.55,154.5,1.0344827586206897,429.1,429.1,0.0,429.1,4255.66,United Kingdom
14193,77,1,422.54,250,23,77,422.54,250.0,0.2803738317757009,422.54,0.0,0.0,422.54,430.85,United Kingdom
14194,4,7,3407.87,1742,154,116,486.8385714285714,248.85714285714286,1.4383561643835614,2890.92,1828.45,516.95,2373.9700000000003,7941.650000000001,United Kingdom
14195,9,2,1012.0,760,7,60,506.0,380.0,0.6666666666666666,1012.0,183.6,0.0,1012.0,0.0,United Kingdom
14198,47,1,183.3,104,12,47,183.3,104.0,0.38961038961038963,183.3,0.0,0.0,183.3,518.1,United Kingdom
14199,26,1,185.39999999999998,28,2,26,185.39999999999998,28.0,0.5357142857142857,185.39999999999998,185.39999999999998,0.0,185.39999999999998,0.0,United Kingdom
14201,23,3,364.26,274,14,167,121.42,91.33333333333333,0.4568527918781726,297.02000000000004,187.98000000000002,67.24,229.78000000000003,383.18,United Kingdom
14205,72,1,222.9,126,14,72,222.9,126.0,0.29411764705882354,222.9,0.0,0.0,222.9,243.8,United Kingdom
14206,47,1,328.15999999999997,276,20,47,328.15999999999997,276.0,0.38961038961038963,328.15999999999997,0.0,0.0,328.15999999999997,0.0,United Kingdom
14209,21,3,1083.15,335,44,140,361.05,111.66666666666667,0.5294117647058824,735.2,314.6,347.95000000000005,387.25,990.28,United Kingdom
14210,5,5,1599.65,641,61,179,319.93,128.2,0.7177033492822966,622.26,316.8,977.3900000000001,-355.1300000000001,306.19,United Kingdom
14211,15,5,909.89,497,44,103,181.978,99.4,1.1278195488721805,444.79,150.4,465.1,-20.310000000000002,1331.21,United Kingdom
14214,85,1,638.65,313,37,85,638.65,313.0,0.2608695652173913,638.65,0.0,0.0,638.65,365.73,United Kingdom
14215,123,3,922.11,457,49,176,307.37,152.33333333333334,0.4368932038834952,0.0,0.0,922.11,-922.11,867.61,United Kingdom
14217,15,7,823.89,255,36,174,117.69857142857143,36.42857142857143,1.0294117647058825,445.09000000000003,202.24,378.8,66.29000000000002,1181.0900000000001,United Kingdom
14220,55,2,632.4000000000001,272,21,166,316.20000000000005,136.0,0.30612244897959184,319.42,0.0,312.98,6.439999999999998,0.0,United Kingdom
14221,14,2,863.98,378,36,147,431.99,189.0,0.3389830508474576,551.03,551.03,312.95,238.07999999999998,2568.82,United Kingdom
14223,72,1,304.9,130,18,72,304.9,130.0,0.29411764705882354,304.9,0.0,0.0,304.9,686.23,United Kingdom
14224,23,2,495.32,230,78,128,247.66,115.0,0.379746835443038,251.02,251.02,244.3,6.719999999999999,554.8000000000001,United Kingdom
14226,18,2,1709.4,1087,40,77,854.7,543.5,0.5607476635514018,1709.4,726.1,0.0,1709.4,522.7900000000001,United Kingdom
14227,4,7,2399.52,1279,104,92,342.7885714285714,182.71428571428572,1.7213114754098362,1662.8200000000002,1075.55,736.7,926.1200000000001,951.44,United Kingdom
14229,99,2,762.13,303,23,141,381.065,151.5,0.3508771929824561,0.0,0.0,762.13,-762.13,785.0699999999999,United Kingdom
14231,40,2,617.95,293,37,96,308.975,146.5,0.47619047619047616,309.0,0.0,308.95,0.05000000000001137,307.76,United Kingdom
14232,72,1,693.1800000000001,568,47,72,693.1800000000001,568.0,0.29411764705882354,693.1800000000001,0.0,0.0,693.1800000000001,1354.89,United Kingdom
14233,19,3,959.1,410,15,125,319.7,136.66666666666666,0.5806451612903225,328.15,328.15,630.95,-302.80000000000007,503.62,United Kingdom
14235,34,2,1264.55,856,45,68,632.275,428.0,0.6122448979591837,1264.55,0.0,0.0,1264.55,1880.31,United Kingdom
14236,180,1,189.3,38,3,180,189.3,38.0,0.14285714285714285,0.0,0.0,0.0,0.0,301.56,United Kingdom
14237,181,1,161.0,38,9,181,161.0,38.0,0.14218009478672985,0.0,0.0,0.0,0.0,0.0,United Kingdom
14238,134,1,146.85,111,8,134,146.85,111.0,0.18292682926829268,0.0,0.0,146.85,-146.85,0.0,United Kingdom
14239,8,6,1295.04,594,58,124,215.84,99.0,1.1688311688311688,499.56,354.61,795.48,-295.92,1085.81,United Kingdom
14240,33,1,226.85000000000002,79,10,33,226.85000000000002,79.0,0.47619047619047616,226.85000000000002,0.0,0.0,226.85000000000002,663.49,United Kingdom
14242,42,2,280.55,123,13,133,140.275,61.5,0.36809815950920244,142.2,0.0,138.35,3.8499999999999943,0.0,United Kingdom
14243,53,5,1513.07,657,69,173,302.614,131.4,0.7389162561576355,373.27,0.0,1139.8,-766.53,1075.7,United Kingdom
14245,27,2,1693.45,976,107,71,846.725,488.0,0.594059405940594,1693.45,688.35,0.0,1693.45,0.0,United Kingdom
14246,53,1,449.64,216,24,53,449.64,216.0,0.3614457831325301,449.64,0.0,0.0,449.64,1024.42,United Kingdom
14247,86,1,136.77,47,19,86,136.77,47.0,0.25862068965517243,136.77,0.0,0.0,136.77,0.0,United Kingdom
14248,126,1,302.58,102,8,126,302.58,102.0,0.1923076923076923,0.0,0.0,302.58,-302.58,0.0,United Kingdom
14256,68,2,969.0600000000001,414,51,172,484.53000000000003,207.0,0.297029702970297,445.20000000000005,0.0,523.86,-78.65999999999997,0.0,United Kingdom
14257,126,1,620.14,424,39,126,620.14,424.0,0.1923076923076923,0.0,0.0,620.14,-620.14,2479.58,United Kingdom
14258,7,6,7607.82,4638,43,145,1267.97,773.0,1.0285714285714287,3321.6400000000003,1541.16,4286.18,-964.54,5062.16,United Kingdom
14262,48,1,240.0,196,16,48,240.0,196.0,0.3846153846153846,240.0,0.0,0.0,240.0,2378.23,United Kingdom
14264,53,1,115.7,18,5,53,115.7,18.0,0.3614457831325301,115.7,0.0,0.0,115.7,218.27,United Kingdom
14267,68,2,836.36,280,15,68,418.18,140.0,0.6122448979591837,836.36,0.0,0.0,836.36,679.88,United Kingdom
14270,139,1,492.65000000000003,197,29,139,492.65000000000003,197.0,0.17751479289940827,0.0,0.0,492.65000000000003,-492.65000000000003,0.0,United Kingdom
14271,33,1,112.32000000000001,88,10,33,112.32000000000001,88.0,0.47619047619047616,112.32000000000001,0.0,0.0,112.32000000000001,0.0,United Kingdom
14272,62,1,132.09,87,8,62,132.09,87.0,0.32608695652173914,132.09,0.0,0.0,132.09,305.87,United Kingdom
14273,25,2,218.70000000000002,109,10,50,109.35000000000001,54.5,0.7499999999999999,218.70000000000002,105.9,0.0,218.70000000000002,341.27,United Kingdom
14276,97,1,341.2,216,19,97,341.2,216.0,0.23622047244094488,0.0,0.0,341.2,-341.2,778.54,United Kingdom
14277,20,1,1637.43,859,71,20,1637.43,859.0,0.6000000000000001,1637.43,1637.43,0.0,1637.43,2578.77,France
14280,4,1,134.04,52,8,4,134.04,52.0,0.8823529411764706,134.04,134.04,0.0,134.04,0.0,United Kingdom
14282,11,5,1809.18,1241,44,175,361.836,248.2,0.7317073170731707,1238.18,807.6,571.0,667.1800000000001,1920.16,United Kingdom
14286,50,1,2050.08,1998,141,50,2050.08,1998.0,0.37499999999999994,2050.08,0.0,0.0,2050.08,2578.67,United Kingdom
14287,6,2,83.28,216,4,6,41.64,108.0,1.6666666666666667,83.28,83.28,0.0,83.28,93.35,United Kingdom
14288,21,1,426.6,188,16,21,426.6,188.0,0.5882352941176471,426.6,426.6,0.0,426.6,0.0,United Kingdom
14289,7,3,594.22,214,30,97,198.07333333333335,71.33333333333333,0.7086614173228346,271.98,124.68,322.24,-50.25999999999999,317.04,United Kingdom
14290,169,1,777.5600000000001,220,23,169,777.5600000000001,220.0,0.1507537688442211,0.0,0.0,777.5600000000001,-777.5600000000001,1537.09,United Kingdom
14291,18,3,1613.46,874,77,83,537.82,291.3333333333333,0.7964601769911505,1613.46,628.58,0.0,1613.46,2269.79,United Kingdom
14292,12,2,1125.21,463,39,90,562.605,231.5,0.5,662.21,662.21,463.0,199.21000000000004,3746.72,United Kingdom
14293,113,2,508.02,262,22,176,254.01,131.0,0.29126213592233013,0.0,0.0,508.02,-508.02,538.5400000000001,United Kingdom
14297,82,1,232.6,78,11,82,232.6,78.0,0.26785714285714285,232.6,0.0,0.0,232.6,1072.73,United Kingdom
14298,27,26,26808.63,32416,480,168,1031.101153846154,1246.7692307692307,3.9393939393939394,14984.73,2805.2799999999997,11823.9,3160.83,24718.67,United Kingdom
14299,126,4,1565.94,342,20,173,391.485,85.5,0.5911330049261084,0.0,0.0,1565.94,-1565.94,2399.68,United Kingdom
14304,30,1,383.45,139,17,30,383.45,139.0,0.5,383.45,0.0,0.0,383.45,0.0,United Kingdom
14307,27,3,1694.98,1179,93,181,564.9933333333333,393.0,0.4265402843601896,424.42,424.42,487.45000000000005,-63.03000000000003,1300.74,United Kingdom
14309,42,4,935.88,624,39,166,233.97,156.0,0.6122448979591837,347.49,0.0,588.39,-240.89999999999998,1416.65,United Kingdom
14311,50,1,310.26,146,20,50,310.26,146.0,0.37499999999999994,310.26,0.0,0.0,310.26,0.0,United Kingdom
14312,81,3,594.02,240,29,145,198.00666666666666,80.0,0.5142857142857143,157.65,0.0,436.37,-278.72,1017.57,United Kingdom
14315,74,1,530.4,256,27,74,530.4,256.0,0.28846153846153844,530.4,0.0,0.0,530.4,1950.73,United Kingdom
14320,14,2,477.79,325,29,140,238.895,162.5,0.3529411764705882,125.28,125.28,352.51,-227.23,0.0,United Kingdom
14321,141,1,326.82,645,29,141,326.82,645.0,0.17543859649122806,0.0,0.0,326.82,-326.82,1203.93,United Kingdom
14323,46,1,299.82,222,19,46,299.82,222.0,0.39473684210526316,299.82,0.0,0.0,299.82,305.24,United Kingdom
14326,50,1,183.85,103,8,50,183.85,103.0,0.37499999999999994,183.85,0.0,0.0,183.85,0.0,United Kingdom
14329,81,2,2125.6,1120,110,137,1062.8,560.0,0.3592814371257485,578.02,0.0,1547.58,-969.56,2889.2400000000002,United Kingdom
14334,11,5,1678.23,1147,86,166,335.646,229.4,0.7653061224489796,1005.66,370.45,672.57,333.0899999999999,873.98,United Kingdom
14336,6,3,1114.39,989,53,84,371.46333333333337,329.6666666666667,0.7894736842105263,1114.39,579.97,0.0,1114.39,500.52000000000004,United Kingdom
14338,4,1,579.97,334,30,4,579.97,334.0,0.8823529411764706,579.97,579.97,0.0,579.97,8.25,United Kingdom
14339,50,1,309.52000000000004,168,14,50,309.52000000000004,168.0,0.37499999999999994,309.52000000000004,0.0,0.0,309.52000000000004,0.0,United Kingdom
14340,26,1,134.7,58,6,26,134.7,58.0,0.5357142857142857,134.7,134.7,0.0,134.7,0.0,United Kingdom
14341,23,4,703.15,418,41,126,175.7875,104.5,0.7692307692307692,367.52,367.52,335.63,31.889999999999986,1479.13,United Kingdom
14342,18,1,309.6,102,7,18,309.6,102.0,0.625,309.6,309.6,0.0,309.6,358.96,United Kingdom
14344,14,6,645.88,333,39,176,107.64666666666666,55.5,0.8737864077669903,290.23,61.5,355.65000000000003,-65.42000000000002,244.05,United Kingdom
14346,105,1,262.44,104,17,105,262.44,104.0,0.2222222222222222,0.0,0.0,262.44,-262.44,759.14,United Kingdom
14348,68,1,409.57,183,18,68,409.57,183.0,0.30612244897959184,409.57,0.0,0.0,409.57,0.0,United Kingdom
14350,82,1,282.93,183,18,82,282.93,183.0,0.26785714285714285,282.93,0.0,0.0,282.93,0.0,United Kingdom
14352,42,2,845.32,410,35,81,422.66,205.0,0.5405405405405405,845.32,0.0,0.0,845.32,233.64000000000001,United Kingdom
14353,23,1,90.6,64,6,23,90.6,64.0,0.5660377358490566,90.6,90.6,0.0,90.6,0.0,United Kingdom
14355,173,1,174.4,92,11,173,174.4,92.0,0.1477832512315271,0.0,0.0,174.4,-174.4,0.0,United Kingdom
14364,8,2,1117.2,600,11,19,558.6,300.0,1.2244897959183674,1117.2,1117.2,0.0,1117.2,2600.15,United Kingdom
14367,20,6,2829.11,1344,134,84,471.5183333333334,224.0,1.5789473684210527,2829.11,909.69,0.0,2829.11,6432.41,United Kingdom
14368,127,1,155.0,36,8,127,155.0,36.0,0.19108280254777069,0.0,0.0,155.0,-155.0,0.0,United Kingdom
14371,103,1,100.5,34,4,103,100.5,34.0,0.22556390977443608,0.0,0.0,100.5,-100.5,0.0,United Kingdom
14373,166,1,76.55,17,4,166,76.55,17.0,0.15306122448979592,0.0,0.0,76.55,-76.55,0.0,United Kingdom
14377,70,1,314.6,124,4,70,314.6,124.0,0.3,314.6,0.0,0.0,314.6,302.45,United Kingdom
14379,103,1,110.98,128,17,103,110.98,128.0,0.22556390977443608,0.0,0.0,110.98,-110.98,237.12,United Kingdom
14386,104,1,142.4,54,7,104,142.4,54.0,0.22388059701492538,0.0,0.0,142.4,-142.4,0.0,United Kingdom
14388,11,3,1173.19,745,58,180,391.06333333333333,248.33333333333334,0.42857142857142855,860.39,458.94,0.0,860.39,2039.65,United Kingdom
14390,19,3,1036.08,430,75,180,345.35999999999996,143.33333333333334,0.42857142857142855,812.38,309.05,0.0,812.38,3616.7400000000002,United Kingdom
14393,26,1,67.95,13,5,26,67.95,13.0,0.5357142857142857,67.95,67.95,0.0,67.95,0.0,United Kingdom
14395,30,5,1625.94,826,102,180,325.188,165.2,0.7142857142857143,936.58,0.0,380.68,555.9000000000001,1881.77,United Kingdom
14396,179,1,110.35000000000001,39,34,179,110.35000000000001,39.0,0.14354066985645933,0.0,0.0,110.35000000000001,-110.35000000000001,377.64,United Kingdom
14397,6,2,242.24,224,11,21,121.12,112.0,1.1764705882352942,242.24,242.24,0.0,242.24,2370.72,United Kingdom
14401,123,2,552.12,468,20,167,276.06,234.0,0.30456852791878175,0.0,0.0,552.12,-552.12,3499.36,United Kingdom
14403,25,2,976.01,403,17,55,488.005,201.5,0.7058823529411765,976.01,185.31,0.0,976.01,499.8,United Kingdom
14404,67,3,723.58,305,34,177,241.19333333333336,101.66666666666667,0.43478260869565216,307.5,0.0,416.08,-108.57999999999998,750.74,United Kingdom
14407,13,2,1002.6800000000001,416,33,84,501.34000000000003,208.0,0.5263157894736842,1002.6800000000001,645.5,0.0,1002.6800000000001,1155.05,United Kingdom
14408,46,2,705.6400000000001,378,9,72,352.82000000000005,189.0,0.5882352941176471,705.6400000000001,0.0,0.0,705.6400000000001,1900.89,United Kingdom
14409,126,3,666.1,421,12,176,222.03333333333333,140.33333333333334,0.4368932038834952,0.0,0.0,666.1,-666.1,1393.3500000000001,United Kingdom
14410,14,6,778.8000000000001,350,93,113,129.8,58.333333333333336,1.2587412587412588,641.15,198.0,137.65,503.5,326.27,United Kingdom
14411,118,1,1063.0,196,14,118,1063.0,196.0,0.2027027027027027,0.0,0.0,1063.0,-1063.0,0.0,United Kingdom
14413,170,1,122.7,68,22,170,122.7,68.0,0.15,0.0,0.0,122.7,-122.7,0.0,United Kingdom
14414,166,1,217.2,146,8,166,217.2,146.0,0.15306122448979592,0.0,0.0,217.2,-217.2,1279.78,United Kingdom
14415,6,5,2399.25,1107,154,168,479.85,221.4,0.7575757575757576,784.24,387.1,1615.01,-830.77,3501.03,United Kingdom
14419,60,2,307.56,162,45,172,153.78,81.0,0.297029702970297,183.46,0.0,124.1,59.360000000000014,750.5,United Kingdom
14421,19,1,455.18,194,15,19,455.18,194.0,0.6122448979591837,455.18,455.18,0.0,455.18,357.93,United Kingdom
14422,75,1,401.31,175,21,75,401.31,175.0,0.2857142857142857,401.31,0.0,0.0,401.31,3862.33,United Kingdom
14423,26,1,265.2,120,3,26,265.2,120.0,0.5357142857142857,265.2,265.2,0.0,265.2,0.0,United Kingdom
14426,84,3,1495.58,842,94,120,498.52666666666664,280.6666666666667,0.6,794.41,0.0,701.17,93.24000000000001,2986.09,United Kingdom
14428,47,2,330.62,145,25,133,165.31,72.5,0.36809815950920244,127.07000000000001,0.0,203.55,-76.48,914.21,United Kingdom
14431,110,1,470.36,130,17,110,470.36,130.0,0.2142857142857143,0.0,0.0,470.36,-470.36,0.0,United Kingdom
14437,173,1,63.0,60,5,173,63.0,60.0,0.1477832512315271,0.0,0.0,63.0,-63.0,0.0,United Kingdom
14438,114,1,131.9,82,9,114,131.9,82.0,0.20833333333333334,0.0,0.0,131.9,-131.9,0.0,United Kingdom
14439,127,1,2661.24,526,32,127,2661.24,526.0,0.19108280254777069,0.0,0.0,2661.24,-2661.24,0.0,Greece
14440,124,2,1185.71,341,25,173,592.855,170.5,0.2955665024630542,0.0,0.0,1185.71,-1185.71,1171.97,United Kingdom
14441,63,1,356.84000000000003,108,13,63,356.84000000000003,108.0,0.3225806451612903,356.84000000000003,0.0,0.0,356.84000000000003,1356.05,United Kingdom
14442,12,2,1589.82,482,58,124,794.91,241.0,0.3896103896103896,914.24,914.24,675.58,238.65999999999997,0.0,Channel Islands
14443,118,2,608.4,347,36,176,304.2,173.5,0.29126213592233013,0.0,0.0,608.4,-608.4,811.8,United Kingdom
14446,54,1,303.04,318,83,54,303.04,318.0,0.35714285714285715,303.04,0.0,0.0,303.04,736.54,United Kingdom
14447,4,2,601.03,313,34,88,300.515,156.5,0.5084745762711864,601.03,336.03,0.0,601.03,562.2,United Kingdom
14448,172,1,102.35000000000001,44,18,172,102.35000000000001,44.0,0.1485148514851485,0.0,0.0,102.35000000000001,-102.35000000000001,273.0,United Kingdom
14449,54,2,401.3,336,98,180,200.65,168.0,0.2857142857142857,191.06,0.0,0.0,191.06,505.8,United Kingdom
14450,51,2,269.45,152,20,128,134.725,76.0,0.379746835443038,108.42,0.0,161.03,-52.61,213.8,United Kingdom
14451,2,1,360.0,204,52,2,360.0,204.0,0.9375,360.0,360.0,0.0,360.0,302.59000000000003,United Kingdom
14457,118,1,113.64,88,4,118,113.64,88.0,0.2027027027027027,0.0,0.0,113.64,-113.64,0.0,United Kingdom
14460,118,1,30.0,24,1,118,30.0,24.0,0.2027027027027027,0.0,0.0,30.0,-30.0,404.34,United Kingdom
14461,69,1,776.23,277,64,69,776.23,277.0,0.30303030303030304,776.23,0.0,0.0,776.23,1326.83,United Kingdom
14462,21,6,956.2,439,101,147,159.36666666666667,73.16666666666667,1.0169491525423728,499.68,251.29,456.52,43.160000000000025,1047.82,United Kingdom
14463,13,1,115.92000000000002,96,2,13,115.92000000000002,96.0,0.6976744186046512,115.92000000000002,115.92000000000002,0.0,115.92000000000002,413.7,United Kingdom
14465,54,3,1058.6200000000001,405,107,110,352.8733333333334,135.0,0.6428571428571429,461.32,0.0,597.3,-135.97999999999996,0.0,United Kingdom
14466,88,3,1035.65,315,17,180,345.2166666666667,105.0,0.42857142857142855,332.4,0.0,323.5,8.899999999999977,1236.75,United Kingdom
14467,120,1,131.7,37,15,120,131.7,37.0,0.2,0.0,0.0,131.7,-131.7,467.06,United Kingdom
14470,95,1,297.64,138,35,95,297.64,138.0,0.24000000000000005,0.0,0.0,297.64,-297.64,163.55,United Kingdom
14472,65,4,1328.18,796,127,163,332.045,199.0,0.6217616580310881,311.57,0.0,1016.61,-705.04,608.66,United Kingdom
14473,90,1,85.0,10,1,90,85.0,10.0,0.25,0.0,0.0,85.0,-85.0,149.34,United Kingdom
14475,112,1,306.55,131,16,112,306.55,131.0,0.2112676056338028,0.0,0.0,306.55,-306.55,619.3000000000001,United Kingdom
14476,65,1,215.7,132,17,65,215.7,132.0,0.31578947368421056,215.7,0.0,0.0,215.7,0.0,United Kingdom
14477,105,1,165.0,100,1,105,165.0,100.0,0.2222222222222222,0.0,0.0,165.0,-165.0,1144.6,United Kingdom
14479,61,2,316.25,117,18,173,158.125,58.5,0.2955665024630542,141.85,0.0,174.4,-32.55000000000001,0.0,United Kingdom
14481,95,1,302.86,234,12,95,302.86,234.0,0.24000000000000005,0.0,0.0,302.86,-302.86,333.65,United Kingdom
14482,47,1,238.1,111,15,47,238.1,111.0,0.38961038961038963,238.1,0.0,0.0,238.1,1830.05,United Kingdom
14483,89,1,137.1,97,9,89,137.1,97.0,0.25210084033613445,137.1,0.0,0.0,137.1,0.0,United Kingdom
14487,176,1,125.10000000000001,37,13,176,125.10000000000001,37.0,0.14563106796116507,0.0,0.0,125.10000000000001,-125.10000000000001,1071.23,United Kingdom
14489,15,1,463.38,299,30,15,463.38,299.0,0.6666666666666666,463.38,463.38,0.0,463.38,0.0,United Kingdom
14491,180,1,127.2,40,4,180,127.2,40.0,0.14285714285714285,0.0,0.0,0.0,0.0,213.73,United Kingdom
14496,119,2,538.8100000000001,159,16,181,269.40500000000003,79.5,0.2843601895734597,0.0,0.0,234.47,-234.47,0.0,United Kingdom
14497,117,1,475.37,235,29,117,475.37,235.0,0.2040816326530612,0.0,0.0,475.37,-475.37,0.0,United Kingdom
14498,169,1,166.22,70,13,169,166.22,70.0,0.1507537688442211,0.0,0.0,166.22,-166.22,1791.1,United Kingdom
14499,86,1,126.02000000000001,73,41,86,126.02000000000001,73.0,0.25862068965517243,126.02000000000001,0.0,0.0,126.02000000000001,689.3000000000001,United Kingdom
14501,127,1,66.93,45,4,127,66.93,45.0,0.19108280254777069,0.0,0.0,66.93,-66.93,184.28,United Kingdom
14502,42,6,1070.23,443,176,121,178.37166666666667,73.83333333333333,1.1920529801324504,616.64,0.0,453.59000000000003,163.04999999999995,1400.44,United Kingdom
14504,51,3,542.71,263,81,86,180.90333333333334,87.66666666666667,0.7758620689655172,542.71,0.0,0.0,542.71,130.55,United Kingdom
14505,12,5,3192.76,1347,319,170,638.552,269.4,0.75,1825.35,1243.46,1367.41,457.9399999999998,2712.88,United Kingdom
14506,91,2,566.86,219,70,177,283.43,109.5,0.2898550724637681,0.0,0.0,566.86,-566.86,1445.31,United Kingdom
14507,23,3,615.31,336,52,84,205.10333333333332,112.0,0.7894736842105263,615.31,236.46,0.0,615.31,767.87,United Kingdom
14512,40,1,126.32,50,14,40,126.32,50.0,0.4285714285714286,126.32,0.0,0.0,126.32,148.96,United Kingdom
14513,14,2,317.35,169,10,96,158.675,84.5,0.47619047619047616,298.6,298.6,18.75,279.85,138.24,United Kingdom
14514,9,2,403.11,173,36,139,201.555,86.5,0.35502958579881655,147.86,147.86,255.25,-107.38999999999999,652.24,United Kingdom
14515,26,1,425.4,177,16,26,425.4,177.0,0.5357142857142857,425.4,425.4,0.0,425.4,1676.69,United Kingdom
14520,98,1,165.0,100,1,98,165.0,100.0,0.234375,0.0,0.0,165.0,-165.0,105.60000000000001,United Kingdom
14522,6,1,278.63,168,7,6,278.63,168.0,0.8333333333333334,278.63,278.63,0.0,278.63,695.91,United Kingdom
14524,44,4,777.58,316,95,168,194.395,79.0,0.6060606060606061,502.13,0.0,275.45,226.68,1090.1,United Kingdom
14525,43,4,1249.87,805,40,169,312.4675,201.25,0.6030150753768844,522.92,0.0,726.95,-204.0300000000001,3082.33,United Kingdom
14527,7,26,3353.08,835,207,177,128.96461538461537,32.11538461538461,3.7681159420289854,1220.94,507.85,2132.14,-911.1999999999998,5155.74,United Kingdom
14530,70,2,1146.91,519,62,104,573.455,259.5,0.44776119402985076,448.65,0.0,698.26,-249.61,1779.0,United Kingdom
14532,44,4,932.85,284,45,160,233.2125,71.0,0.6315789473684211,140.55,0.0,792.3000000000001,-651.75,0.0,United Kingdom
14533,160,1,433.5,540,10,160,433.5,540.0,0.15789473684210528,0.0,0.0,433.5,-433.5,1516.22,United Kingdom
14534,7,8,1717.23,803,149,126,214.65375,100.375,1.5384615384615383,946.5,432.65,770.73,175.76999999999998,2729.82,United Kingdom
14535,56,1,853.97,462,92,56,853.97,462.0,0.3488372093023256,853.97,0.0,0.0,853.97,2010.22,United Kingdom
14536,67,1,171.8,40,18,67,171.8,40.0,0.30927835051546393,171.8,0.0,0.0,171.8,0.0,United Kingdom
14538,64,1,106.5,30,3,64,106.5,30.0,0.3191489361702128,106.5,0.0,0.0,106.5,281.75,United Kingdom
14540,117,1,195.9,122,11,117,195.9,122.0,0.2040816326530612,0.0,0.0,195.9,-195.9,800.36,United Kingdom
14541,22,6,1013.75,503,70,127,168.95833333333334,83.83333333333333,1.1464968152866242,173.1,38.3,840.65,-667.55,447.9,United Kingdom
14543,22,8,2221.8,449,29,172,277.725,56.125,1.188118811881188,1275.55,352.54,946.25,329.29999999999995,1408.53,United Kingdom
14544,169,1,1121.92,843,53,169,1121.92,843.0,0.1507537688442211,0.0,0.0,1121.92,-1121.92,902.53,United Kingdom
14546,9,2,874.88,501,126,56,437.44,250.5,0.6976744186046512,874.88,313.59000000000003,0.0,874.88,1703.21,United Kingdom
14548,125,1,326.4,128,2,125,326.4,128.0,0.1935483870967742,0.0,0.0,326.4,-326.4,326.4,United Kingdom
14549,119,1,289.24,136,56,119,289.24,136.0,0.20134228187919462,0.0,0.0,289.24,-289.24,0.0,United Kingdom
14551,12,1,125.43,66,7,12,125.43,66.0,0.7142857142857143,125.43,125.43,0.0,125.43,60.8,United Kingdom
14553,26,2,312.32,182,35,147,156.16,91.0,0.3389830508474576,110.38,110.38,201.94,-91.56,546.95,United Kingdom
14555,110,1,197.94,98,14,110,197.94,98.0,0.2142857142857143,0.0,0.0,197.94,-197.94,126.2,United Kingdom
14560,4,9,1232.0,235,23,165,136.88888888888889,26.11111111111111,1.3846153846153846,527.53,67.15,704.47,-176.94000000000005,1005.77,United Kingdom
14562,40,3,916.1,438,66,112,305.3666666666667,146.0,0.6338028169014085,481.40000000000003,0.0,434.7,46.700000000000045,4158.67,United Kingdom
14565,13,2,1877.5500000000002,899,75,169,938.7750000000001,449.5,0.3015075376884422,710.14,710.14,1167.41,-457.2700000000001,1221.57,United Kingdom
14570,88,2,218.06,95,29,88,109.03,47.5,0.5084745762711864,218.06,0.0,0.0,218.06,0.0,United Kingdom
14572,62,3,1077.93,464,93,132,359.31,154.66666666666666,0.5555555555555555,742.3000000000001,0.0,335.63,406.6700000000001,1754.91,United Kingdom
14573,8,7,1378.9,456,121,180,196.9857142857143,65.14285714285714,1.0,796.65,496.32,169.15,627.5,274.52,United Kingdom
14576,180,1,35.400000000000006,12,1,180,35.400000000000006,12.0,0.14285714285714285,0.0,0.0,0.0,0.0,0.0,United Kingdom
14577,40,2,468.01,191,54,170,234.005,95.5,0.3,121.11,0.0,346.90000000000003,-225.79000000000002,391.7,United Kingdom
14583,13,1,174.51,98,39,13,174.51,98.0,0.6976744186046512,174.51,174.51,0.0,174.51,878.04,United Kingdom
14584,5,2,474.8,183,52,6,237.4,91.5,1.6666666666666667,474.8,474.8,0.0,474.8,567.46,United Kingdom
14586,84,1,237.35999999999999,444,19,84,237.35999999999999,444.0,0.2631578947368421,237.35999999999999,0.0,0.0,237.35999999999999,0.0,United Kingdom
14587,21,7,1280.33,646,156,139,182.9042857142857,92.28571428571429,1.242603550295858,756.41,195.13,523.92,232.49,320.81,United Kingdom
14589,179,1,39.75,5,3,179,39.75,5.0,0.14354066985645933,0.0,0.0,39.75,-39.75,0.0,United Kingdom
14591,21,1,250.22,105,33,21,250.22,105.0,0.5882352941176471,250.22,250.22,0.0,250.22,1196.92,United Kingdom
14593,6,2,339.59,118,54,6,169.795,59.0,1.6666666666666667,339.59,339.59,0.0,339.59,278.4,United Kingdom
14594,181,1,255.0,146,31,181,255.0,146.0,0.14218009478672985,0.0,0.0,0.0,0.0,124.83,United Kingdom
14595,121,1,163.8,76,5,121,163.8,76.0,0.19867549668874174,0.0,0.0,163.8,-163.8,1576.8,United Kingdom
14600,113,1,393.33000000000004,125,25,113,393.33000000000004,125.0,0.2097902097902098,0.0,0.0,393.33000000000004,-393.33000000000004,0.0,United Kingdom
14603,82,1,660.0,400,2,82,660.0,400.0,0.26785714285714285,660.0,0.0,0.0,660.0,0.0,United Kingdom
14606,2,48,6781.76,3426,599,181,141.28666666666666,71.375,6.8246445497630335,2736.46,675.39,3846.98,-1110.52,5374.89,United Kingdom
14607,69,1,495.0,300,3,69,495.0,300.0,0.30303030303030304,495.0,0.0,0.0,495.0,16074.5,United Kingdom
14608,170,1,204.0,48,1,170,204.0,48.0,0.15,0.0,0.0,204.0,-204.0,1581.15,United Kingdom
14609,104,1,144.0,2400,1,104,144.0,2400.0,0.22388059701492538,0.0,0.0,144.0,-144.0,457.56,United Kingdom
14616,50,3,406.08000000000004,104,2,125,135.36,34.666666666666664,0.5806451612903225,158.4,0.0,247.68,-89.28,0.0,United Kingdom
14618,145,1,211.8,92,5,145,211.8,92.0,0.17142857142857143,0.0,0.0,211.8,-211.8,341.64,United Kingdom
14619,53,1,394.44,152,20,53,394.44,152.0,0.3614457831325301,394.44,0.0,0.0,394.44,0.0,United Kingdom
14620,13,2,412.78000000000003,214,26,91,206.39000000000001,107.0,0.49586776859504134,177.43,177.43,235.35,-57.91999999999999,0.0,United Kingdom
14621,166,1,305.7,130,16,166,305.7,130.0,0.15306122448979592,0.0,0.0,305.7,-305.7,1482.66,United Kingdom
14623,43,1,192.68,104,32,43,192.68,104.0,0.410958904109589,192.68,0.0,0.0,192.68,696.57,United Kingdom
14625,4,2,899.63,335,51,169,449.815,167.5,0.3015075376884422,314.1,314.1,585.53,-271.42999999999995,0.0,United Kingdom
14626,41,1,586.9,432,29,41,586.9,432.0,0.4225352112676056,586.9,0.0,0.0,586.9,2204.37,United Kingdom
14628,50,1,331.58000000000004,106,12,50,331.58000000000004,106.0,0.37499999999999994,331.58000000000004,0.0,0.0,331.58000000000004,340.38,United Kingdom
14631,43,2,630.08,352,24,106,315.04,176.0,0.4411764705882353,320.58,0.0,309.5,11.079999999999984,376.90000000000003,United Kingdom
14632,70,1,114.56,96,8,70,114.56,96.0,0.3,114.56,0.0,0.0,114.56,0.0,United Kingdom
14633,74,1,344.90000000000003,96,20,74,344.90000000000003,96.0,0.28846153846153844,344.90000000000003,0.0,0.0,344.90000000000003,0.0,United Kingdom
14636,76,1,300.19,117,16,76,300.19,117.0,0.2830188679245283,300.19,0.0,0.0,300.19,309.66,United Kingdom
14639,99,2,1235.13,511,58,169,617.565,255.5,0.3015075376884422,0.0,0.0,1235.13,-1235.13,1749.3600000000001,United Kingdom
14640,35,1,413.45000000000005,179,23,35,413.45000000000005,179.0,0.46153846153846145,413.45000000000005,0.0,0.0,413.45000000000005,1711.63,United Kingdom
14643,166,1,357.94,386,15,166,357.94,386.0,0.15306122448979592,0.0,0.0,357.94,-357.94,335.87,United Kingdom
14644,106,1,187.50000000000003,66,8,106,187.50000000000003,66.0,0.22058823529411764,0.0,0.0,187.50000000000003,-187.50000000000003,643.26,United Kingdom
14645,83,1,240.10000000000002,78,9,83,240.10000000000002,78.0,0.26548672566371684,240.10000000000002,0.0,0.0,240.10000000000002,356.99,United Kingdom
14646,5,25,110713.12,78758,386,162,4428.5248,3150.32,3.90625,52847.1,28408.14,57866.02,-5018.919999999998,169492.9,Netherlands
14647,9,1,243.22,95,24,9,243.22,95.0,0.7692307692307692,243.22,243.22,0.0,243.22,0.0,United Kingdom
14649,20,2,584.22,350,48,20,292.11,175.0,1.2000000000000002,584.22,584.22,0.0,584.22,833.0699999999999,United Kingdom
14651,19,1,416.32,186,59,19,416.32,186.0,0.6122448979591837,416.32,416.32,0.0,416.32,238.28,United Kingdom
14653,146,1,344.81,305,29,146,344.81,305.0,0.17045454545454547,0.0,0.0,344.81,-344.81,1602.74,United Kingdom
14655,30,1,810.56,522,14,30,810.56,522.0,0.5,810.56,0.0,0.0,810.56,1121.67,United Kingdom
14656,91,1,133.11,40,29,91,133.11,40.0,0.24793388429752067,0.0,0.0,133.11,-133.11,157.94,United Kingdom
14657,90,2,524.4,271,69,134,262.2,135.5,0.36585365853658536,0.0,0.0,524.4,-524.4,323.82,United Kingdom
14659,25,4,1165.13,559,78,123,291.2825,139.75,0.7843137254901962,390.16,162.24,774.97,-384.81,1364.8,United Kingdom
14662,42,3,524.86,340,82,124,174.95333333333335,113.33333333333333,0.5844155844155844,423.81,0.0,101.05,322.76,246.31,United Kingdom
14665,104,3,731.66,268,41,118,243.88666666666666,89.33333333333333,0.6081081081081081,0.0,0.0,731.66,-731.66,1104.04,United Kingdom
14667,22,11,3953.81,2442,218,176,359.4372727272727,222.0,1.6019417475728157,1316.3,342.78000000000003,2637.51,-1321.2100000000003,5287.39,United Kingdom
14669,49,3,1269.99,775,158,140,423.33,258.3333333333333,0.5294117647058824,427.54,0.0,842.45,-414.91,0.0,United Kingdom
14670,88,2,411.53,337,107,88,205.765,168.5,0.5084745762711864,411.53,0.0,0.0,411.53,0.0,United Kingdom
14672,42,2,765.5500000000001,454,58,144,382.77500000000003,227.0,0.3448275862068966,480.27,0.0,285.28000000000003,194.98999999999995,0.0,United Kingdom
14673,175,1,373.49,213,15,175,373.49,213.0,0.14634146341463417,0.0,0.0,373.49,-373.49,1362.91,United Kingdom
14676,15,3,1148.52,1080,14,91,382.84,360.0,0.7438016528925621,592.2,592.2,556.32,35.879999999999995,1399.72,United Kingdom
14680,6,9,14533.88,6600,64,179,1614.8755555555554,733.3333333333334,1.291866028708134,6249.76,4071.3,8284.12,-2034.3600000000006,14220.23,United Kingdom
14681,19,1,393.95,48,5,19,393.95,48.0,0.6122448979591837,393.95,393.95,0.0,393.95,105.0,United Kingdom
14682,9,1,20.8,32,1,9,20.8,32.0,0.7692307692307692,20.8,20.8,0.0,20.8,31.200000000000003,United Kingdom
14684,23,2,519.26,295,140,170,259.63,147.5,0.3,350.9,350.9,168.35999999999999,182.54,717.02,United Kingdom
14688,6,10,2787.68,2067,99,181,278.768,206.7,1.4218009478672986,1086.01,546.51,1256.69,-170.68000000000006,2843.19,United Kingdom
14689,16,1,112.80000000000001,76,13,16,112.80000000000001,76.0,0.6521739130434783,112.80000000000001,112.80000000000001,0.0,112.80000000000001,0.0,United Kingdom
14691,20,1,439.6,162,17,20,439.6,162.0,0.6000000000000001,439.6,439.6,0.0,439.6,1674.73,United Kingdom
14692,43,3,480.3,229,47,130,160.1,76.33333333333333,0.5625,99.45,0.0,380.85,-281.40000000000003,111.25,United Kingdom
14693,72,1,172.9,34,8,72,172.9,34.0,0.29411764705882354,172.9,0.0,0.0,172.9,0.0,United Kingdom
14696,50,3,872.6,566,51,181,290.8666666666667,188.66666666666666,0.4265402843601896,284.35,0.0,293.63,-9.279999999999973,1206.35,United Kingdom
14697,26,2,188.61,181,22,26,94.305,90.5,1.0714285714285714,188.61,188.61,0.0,188.61,0.0,United Kingdom
14699,22,1,109.13000000000001,77,8,22,109.13000000000001,77.0,0.5769230769230769,109.13000000000001,109.13000000000001,0.0,109.13000000000001,0.0,United Kingdom
14700,46,1,721.5500000000001,321,40,46,721.5500000000001,321.0,0.39473684210526316,721.5500000000001,0.0,0.0,721.5500000000001,1513.75,United Kingdom
14701,55,5,1750.75,575,171,124,350.15,115.0,0.9740259740259739,1096.33,0.0,654.42,441.90999999999997,798.62,United Kingdom
14702,89,6,1222.15,396,75,173,203.6916666666667,66.0,0.8866995073891626,161.5,0.0,1060.65,-899.1500000000001,2069.9900000000002,United Kingdom
14705,6,1,179.0,100,1,6,179.0,100.0,0.8333333333333334,179.0,179.0,0.0,179.0,0.0,United Kingdom
14708,176,1,419.06,350,12,176,419.06,350.0,0.14563106796116507,0.0,0.0,419.06,-419.06,707.3100000000001,United Kingdom
14709,23,4,1610.14,784,49,166,402.535,196.0,0.6122448979591837,888.09,426.84,722.05,166.04000000000008,3310.9,United Kingdom
14711,9,5,1443.84,609,115,70,288.768,121.8,1.5,1443.84,501.81,0.0,1443.84,1424.96,United Kingdom
14713,26,6,1202.03,721,93,173,200.33833333333334,120.16666666666667,0.8866995073891626,553.9399999999999,292.42,648.09,-94.15000000000009,1464.33,United Kingdom
14715,106,2,247.45000000000002,128,21,139,123.72500000000001,64.0,0.35502958579881655,0.0,0.0,247.45000000000002,-247.45000000000002,619.9300000000001,United Kingdom
14719,57,1,223.46,188,40,57,223.46,188.0,0.3448275862068966,223.46,0.0,0.0,223.46,1378.67,United Kingdom
14723,166,3,471.0,206,68,179,157.0,68.66666666666667,0.43062200956937796,0.0,0.0,471.0,-471.0,687.3000000000001,United Kingdom
14727,82,1,268.58,62,10,82,268.58,62.0,0.26785714285714285,268.58,0.0,0.0,268.58,0.0,United Kingdom
14729,181,1,313.49,197,69,181,313.49,197.0,0.14218009478672985,0.0,0.0,0.0,0.0,0.0,United Kingdom
14730,40,3,555.6,328,80,84,185.20000000000002,109.33333333333333,0.7894736842105263,555.6,0.0,0.0,555.6,1449.46,United Kingdom
14731,13,2,251.01999999999998,182,23,20,125.50999999999999,91.0,1.2000000000000002,251.01999999999998,251.01999999999998,0.0,251.01999999999998,129.0,United Kingdom
14732,28,3,980.48,456,49,147,326.82666666666665,152.0,0.5084745762711864,306.5,306.5,673.98,-367.48,1722.01,United Kingdom
14733,12,8,7907.58,3263,94,175,988.4475,407.875,1.1707317073170733,966.86,347.26,6940.72,-5973.860000000001,1678.3300000000002,United Kingdom
14735,4,17,2555.41,863,55,166,150.31823529411764,50.76470588235294,2.6020408163265305,1538.56,741.44,1016.85,521.7099999999999,3510.28,United Kingdom
14737,161,1,434.0,150,8,161,434.0,150.0,0.15706806282722513,0.0,0.0,434.0,-434.0,730.55,United Kingdom
14738,7,4,525.69,219,22,124,131.4225,54.75,0.7792207792207791,320.92,158.22,204.77,116.15,788.76,United Kingdom
14739,27,3,1307.6200000000001,1074,23,175,435.8733333333334,358.0,0.43902439024390244,364.18,364.18,943.44,-579.26,2594.66,United Kingdom
14740,5,3,1448.21,735,85,91,482.7366666666667,245.0,0.7438016528925621,927.11,555.71,521.1,406.01,0.0,United Kingdom
14741,169,2,495.3,410,13,180,247.65,205.0,0.2857142857142857,0.0,0.0,310.8,-310.8,905.04,United Kingdom
14744,105,5,928.03,519,14,174,185.606,103.8,0.7352941176470589,0.0,0.0,928.03,-928.03,171.95,United Kingdom
14745,93,1,240.60000000000002,188,7,93,240.60000000000002,188.0,0.24390243902439027,0.0,0.0,240.60000000000002,-240.60000000000002,979.66,United Kingdom
14747,57,1,328.2,84,18,57,328.2,84.0,0.3448275862068966,328.2,0.0,0.0,328.2,0.0,United Kingdom
14748,20,3,771.13,609,51,176,257.04333333333335,203.0,0.4368932038834952,300.71,300.71,470.42,-169.71000000000004,644.62,United Kingdom
14754,103,1,228.27,173,15,103,228.27,173.0,0.22556390977443608,0.0,0.0,228.27,-228.27,409.78000000000003,United Kingdom
14755,15,4,1862.51,759,77,142,465.6275,189.75,0.6976744186046512,868.03,560.27,994.48,-126.45000000000005,3147.77,United Kingdom
14758,13,3,1206.94,319,47,67,402.31333333333333,106.33333333333333,0.9278350515463918,1206.94,224.47,0.0,1206.94,277.12,United Kingdom
14759,40,1,572.25,119,35,40,572.25,119.0,0.4285714285714286,572.25,0.0,0.0,572.25,1053.72,United Kingdom
14760,105,1,89.2,40,5,105,89.2,40.0,0.2222222222222222,0.0,0.0,89.2,-89.2,0.0,United Kingdom
14761,142,1,97.5,58,7,142,97.5,58.0,0.1744186046511628,0.0,0.0,97.5,-97.5,158.4,United Kingdom
14762,71,1,300.52,341,21,71,300.52,341.0,0.297029702970297,300.52,0.0,0.0,300.52,0.0,United Kingdom
14766,21,3,1166.21,733,62,174,388.7366666666667,244.33333333333334,0.4411764705882353,985.8100000000001,357.15000000000003,180.4,805.4100000000001,1307.16,United Kingdom
14769,9,4,5837.35,3922,467,165,1459.3375,980.5,0.6153846153846154,4966.36,2516.57,870.99,4095.37,4837.4,United Kingdom
14770,40,2,876.4200000000001,490,49,131,438.21000000000004,245.0,0.3726708074534162,597.82,0.0,278.6,319.22,0.0,United Kingdom
14775,180,1,406.56,384,20,180,406.56,384.0,0.14285714285714285,0.0,0.0,0.0,0.0,605.34,United Kingdom
14776,26,3,1074.6,1304,38,120,358.2,434.6666666666667,0.6,516.24,214.56,558.36,-42.120000000000005,1463.7,United Kingdom
14778,116,1,334.05,141,18,116,334.05,141.0,0.2054794520547945,0.0,0.0,334.05,-334.05,396.81,United Kingdom
14779,88,3,386.15,84,40,131,128.71666666666667,28.0,0.5590062111801243,38.0,0.0,348.15,-310.15,0.0,United Kingdom
14782,127,1,200.10000000000002,114,6,127,200.10000000000002,114.0,0.19108280254777069,0.0,0.0,200.10000000000002,-200.10000000000002,0.0,United Kingdom
14784,131,1,114.68,56,4,131,114.68,56.0,0.1863354037267081,0.0,0.0,114.68,-114.68,175.31,United Kingdom
14790,61,1,152.16,136,10,61,152.16,136.0,0.32967032967032966,152.16,0.0,0.0,152.16,592.9,United Kingdom
14794,11,4,679.54,311,37,142,169.885,77.75,0.6976744186046512,500.44,200.46,179.1,321.34000000000003,640.37,United Kingdom
14796,25,9,3478.75,2354,207,174,386.52777777777777,261.55555555555554,1.3235294117647058,1473.2,415.02,2005.55,-532.3499999999999,4543.74,United Kingdom
14798,118,1,75.68,76,6,118,75.68,76.0,0.2027027027027027,0.0,0.0,75.68,-75.68,98.06,United Kingdom
14800,28,6,3195.6,2492,183,177,532.6,415.3333333333333,0.8695652173913043,1437.76,8.5,1757.84,-320.0799999999999,1144.14,United Kingdom
14803,83,2,730.7900000000001,264,15,100,365.39500000000004,132.0,0.46153846153846145,188.64,0.0,542.15,-353.51,114.76,United Kingdom
14805,121,1,109.25,29,19,121,109.25,29.0,0.19867549668874174,0.0,0.0,109.25,-109.25,445.4,United Kingdom
14810,6,8,1278.7,611,81,177,159.8375,76.375,1.1594202898550725,634.41,196.9,644.29,-9.879999999999995,809.1800000000001,United Kingdom
14813,177,2,155.43,67,25,177,77.715,33.5,0.2898550724637681,0.0,0.0,155.43,-155.43,0.0,United Kingdom
14816,5,1,271.85,5,4,5,271.85,5.0,0.8571428571428571,271.85,271.85,0.0,271.85,0.0,United Kingdom
14817,8,2,1110.34,655,52,85,555.17,327.5,0.5217391304347826,1110.34,529.5500000000001,0.0,1110.34,0.0,United Kingdom
14818,61,1,118.25,31,13,61,118.25,31.0,0.32967032967032966,118.25,0.0,0.0,118.25,539.55,United Kingdom
14819,0,1,84.72,48,3,0,84.72,48.0,1.0,84.72,84.72,0.0,84.72,187.35,United Kingdom
14821,174,1,48.800000000000004,20,2,174,48.800000000000004,20.0,0.14705882352941177,0.0,0.0,48.800000000000004,-48.800000000000004,0.0,United Kingdom
14823,2,2,210.65,48,38,2,105.325,24.0,1.875,210.65,210.65,0.0,210.65,110.78,United Kingdom
14825,12,5,1025.8700000000001,412,57,176,205.17400000000004,82.4,0.7281553398058253,388.1,140.70000000000002,637.77,-249.66999999999996,1201.04,United Kingdom
14828,4,3,2139.76,2172,17,144,713.2533333333334,724.0,0.5172413793103449,1557.76,1063.84,582.0,975.76,0.0,United Kingdom
14829,168,2,385.33,290,26,180,192.665,145.0,0.2857142857142857,0.0,0.0,148.36,-148.36,312.22,United Kingdom
14834,48,1,243.69,81,11,48,243.69,81.0,0.3846153846153846,243.69,0.0,0.0,243.69,1476.6100000000001,United Kingdom
14837,9,1,492.26,338,30,9,492.26,338.0,0.7692307692307692,492.26,492.26,0.0,492.26,1157.24,United Kingdom
14840,75,1,62.85,31,4,75,62.85,31.0,0.2857142857142857,62.85,0.0,0.0,62.85,0.0,United Kingdom
14841,82,3,1781.8500000000001,951,70,166,593.95,317.0,0.45918367346938777,789.9,0.0,991.95,-202.05000000000007,1513.91,United Kingdom
14842,116,1,310.0,5,2,116,310.0,5.0,0.2054794520547945,0.0,0.0,310.0,-310.0,2514.69,United Kingdom
14844,49,1,874.55,582,40,49,874.55,582.0,0.379746835443038,874.55,0.0,0.0,874.55,2315.26,United Kingdom
14849,21,10,2412.91,1539,49,181,241.291,153.9,1.4218009478672986,984.88,562.54,1072.19,-87.31000000000006,5517.63,United Kingdom
14850,119,1,325.75,293,21,119,325.75,293.0,0.20134228187919462,0.0,0.0,325.75,-325.75,0.0,United Kingdom
14851,64,1,206.13,139,14,64,206.13,139.0,0.3191489361702128,206.13,0.0,0.0,206.13,305.22,United Kingdom
14852,60,1,490.4,368,24,60,490.4,368.0,0.3333333333333333,490.4,0.0,0.0,490.4,2346.29,United Kingdom
14853,19,1,214.5,34,3,19,214.5,34.0,0.6122448979591837,214.5,214.5,0.0,214.5,261.3,United Kingdom
14854,35,3,1191.33,683,45,82,397.10999999999996,227.66666666666666,0.8035714285714286,1191.33,0.0,0.0,1191.33,1568.5,United Kingdom
14859,12,1,296.86,209,11,12,296.86,209.0,0.7142857142857143,296.86,296.86,0.0,296.86,1056.88,United Kingdom
14865,180,1,37.2,96,3,180,37.2,96.0,0.14285714285714285,0.0,0.0,0.0,0.0,15.0,United Kingdom
14866,174,1,103.68,144,1,174,103.68,144.0,0.14705882352941177,0.0,0.0,103.68,-103.68,14286.220000000001,United Kingdom
14867,26,2,614.14,254,27,144,307.07,127.0,0.3448275862068966,313.4,313.4,300.74,12.659999999999968,96.14,United Kingdom
14868,41,1,439.33,231,24,41,439.33,231.0,0.4225352112676056,439.33,0.0,0.0,439.33,2514.26,United Kingdom
14870,69,1,327.25,119,13,69,327.25,119.0,0.30303030303030304,327.25,0.0,0.0,327.25,0.0,United Kingdom
14871,63,2,248.6,76,31,168,124.3,38.0,0.30303030303030304,108.2,0.0,140.4,-32.2,273.78000000000003,United Kingdom
14873,18,1,519.68,168,28,18,519.68,168.0,0.625,519.68,519.68,0.0,519.68,0.0,United Kingdom
14875,70,1,362.0,100,5,70,362.0,100.0,0.3,362.0,0.0,0.0,362.0,1103.32,United Kingdom
14878,9,4,851.74,525,47,166,212.935,131.25,0.6122448979591837,417.85,219.96,433.89000000000004,-16.04000000000002,633.8,United Kingdom
14880,96,1,129.2,66,8,96,129.2,66.0,0.23809523809523808,0.0,0.0,129.2,-129.2,576.99,United Kingdom
14883,19,1,310.56,234,19,19,310.56,234.0,0.6122448979591837,310.56,310.56,0.0,310.56,451.03,United Kingdom
14886,60,1,364.8,160,18,60,364.8,160.0,0.3333333333333333,364.8,0.0,0.0,364.8,0.0,United Kingdom
14888,15,1,369.2,184,20,15,369.2,184.0,0.6666666666666666,369.2,369.2,0.0,369.2,0.0,United Kingdom
14889,144,1,135.9,90,10,144,135.9,90.0,0.1724137931034483,0.0,0.0,135.9,-135.9,0.0,United Kingdom
14890,61,1,125.65,51,7,61,125.65,51.0,0.32967032967032966,125.65,0.0,0.0,125.65,0.0,United Kingdom
14895,12,3,3919.78,1506,153,98,1306.5933333333335,502.0,0.703125,1573.44,1073.09,2346.34,-772.9000000000001,7218.93,United Kingdom
14896,12,2,468.77000000000004,279,43,173,234.38500000000002,139.5,0.2955665024630542,211.55,211.55,257.22,-45.670000000000016,0.0,United Kingdom
14897,104,1,175.5,122,10,104,175.5,122.0,0.22388059701492538,0.0,0.0,175.5,-175.5,1190.88,United Kingdom
14898,48,4,610.93,421,22,179,152.7325,105.25,0.5741626794258373,186.88,0.0,424.05,-237.17000000000002,692.59,United Kingdom
14901,168,3,497.05,206,31,180,165.68333333333334,68.66666666666667,0.42857142857142855,0.0,0.0,292.9,-292.9,924.24,United Kingdom
14903,8,3,1800.23,924,156,86,600.0766666666667,308.0,0.7758620689655172,1800.23,686.47,0.0,1800.23,1010.4,United Kingdom
14905,41,1,308.55,141,9,41,308.55,141.0,0.4225352112676056,308.55,0.0,0.0,308.55,307.6,United Kingdom
14907,168,3,960.69,364,42,175,320.23,121.33333333333333,0.43902439024390244,0.0,0.0,960.69,-960.69,2540.4100000000003,United Kingdom
14911,5,61,38799.78,17994,881,181,636.0619672131147,294.9836065573771,8.672985781990521,24461.18,9436.68,13760.72,10700.460000000001,105025.28,EIRE
14912,54,1,482.79,445,14,54,482.79,445.0,0.35714285714285715,482.79,0.0,0.0,482.79,385.06,Italy
14913,81,2,615.83,907,42,167,307.915,453.5,0.30456852791878175,314.96,0.0,300.87,14.089999999999975,611.6,United Kingdom
14915,85,1,142.28,76,8,85,142.28,76.0,0.2608695652173913,142.28,0.0,0.0,142.28,165.20000000000002,United Kingdom
14916,132,1,295.05,243,15,132,295.05,243.0,0.18518518518518517,0.0,0.0,295.05,-295.05,973.93,United Kingdom
14920,20,2,977.77,509,57,20,488.885,254.5,1.2000000000000002,977.77,977.77,0.0,977.77,0.0,United Kingdom
14921,9,1,903.01,631,53,9,903.01,631.0,0.7692307692307692,903.01,903.01,0.0,903.01,413.06,United Kingdom
14924,53,1,310.05,64,10,53,310.05,64.0,0.3614457831325301,310.05,0.0,0.0,310.05,0.0,United Kingdom
14930,82,1,1104.13,701,62,82,1104.13,701.0,0.26785714285714285,1104.13,0.0,0.0,1104.13,1268.73,Channel Islands
14931,14,2,586.0,98,10,48,293.0,49.0,0.7692307692307692,586.0,293.0,0.0,586.0,671.6800000000001,Channel Islands
14932,173,1,363.53,80,17,173,363.53,80.0,0.1477832512315271,0.0,0.0,363.53,-363.53,0.0,Channel Islands
14934,90,1,828.84,459,39,90,828.84,459.0,0.25,0.0,0.0,828.84,-828.84,1062.1,Channel Islands
14935,105,1,1784.71,935,10,105,1784.71,935.0,0.2222222222222222,0.0,0.0,1784.71,-1784.71,0.0,Channel Islands
14936,83,1,1576.3600000000001,944,81,83,1576.3600000000001,944.0,0.26548672566371684,1576.3600000000001,0.0,0.0,1576.3600000000001,6560.66,Channel Islands
14944,25,4,1324.33,644,33,104,331.0825,161.0,0.8955223880597015,570.04,570.04,754.2900000000001,-184.2500000000001,4575.92,United Kingdom
14948,27,1,278.40000000000003,72,13,27,278.40000000000003,72.0,0.5263157894736842,278.40000000000003,278.40000000000003,0.0,278.40000000000003,823.57,United Kingdom
14952,14,7,3534.61,1787,82,172,504.94428571428574,255.28571428571428,1.0396039603960396,1350.78,1350.78,2183.83,-833.05,4564.88,United Kingdom
14957,61,1,58.49,34,12,61,58.49,34.0,0.32967032967032966,58.49,0.0,0.0,58.49,0.0,United Kingdom
14958,53,1,210.65,70,17,53,210.65,70.0,0.3614457831325301,210.65,0.0,0.0,210.65,289.03,United Kingdom
14959,23,2,422.38,342,31,104,211.19,171.0,0.44776119402985076,243.72,243.72,178.66,65.06,273.04,United Kingdom
14961,40,5,3179.66,1696,119,168,635.932,339.2,0.7575757575757576,1076.63,0.0,2103.03,-1026.4,3865.02,United Kingdom
14962,78,1,126.7,44,5,78,126.7,44.0,0.2777777777777778,126.7,0.0,0.0,126.7,0.0,United Kingdom
14964,55,1,206.21,143,13,55,206.21,143.0,0.35294117647058826,206.21,0.0,0.0,206.21,0.0,United Kingdom
14970,60,2,782.25,115,9,124,391.125,57.5,0.3896103896103896,444.75,0.0,337.5,107.25,809.81,United Kingdom
14973,33,1,654.6,51,5,33,654.6,51.0,0.47619047619047616,654.6,0.0,0.0,654.6,659.85,United Kingdom
14976,4,3,450.26,115,35,134,150.08666666666667,38.333333333333336,0.5487804878048781,294.31,178.74,155.95,138.36,340.6,United Kingdom
14978,43,4,1537.28,417,120,138,384.32,104.25,0.7142857142857143,394.83000000000004,0.0,1142.45,-747.62,394.14,United Kingdom
14981,54,1,102.12,97,8,54,102.12,97.0,0.35714285714285715,102.12,0.0,0.0,102.12,0.0,United Kingdom
14985,6,2,296.75,260,78,166,148.375,130.0,0.30612244897959184,172.24,172.24,124.51,47.730000000000004,0.0,United Kingdom
14987,173,1,163.2,64,2,173,163.2,64.0,0.1477832512315271,0.0,0.0,163.2,-163.2,163.2,United Kingdom
14988,19,1,334.54,141,40,19,334.54,141.0,0.6122448979591837,334.54,334.54,0.0,334.54,0.0,United Kingdom
14995,88,1,119.31,51,37,88,119.31,51.0,0.2542372881355932,119.31,0.0,0.0,119.31,113.92,United Kingdom
14998,49,1,183.64,105,42,49,183.64,105.0,0.379746835443038,183.64,0.0,0.0,183.64,246.23,United Kingdom
15002,104,3,1147.5900000000001,525,65,175,382.53000000000003,175.0,0.43902439024390244,0.0,0.0,1147.5900000000001,-1147.5900000000001,494.17,United Kingdom
15005,5,12,2654.8,1526,224,174,221.23333333333335,127.16666666666667,1.7647058823529411,1839.76,777.09,815.04,1024.72,3661.77,United Kingdom
15012,181,1,191.06,86,46,181,191.06,86.0,0.14218009478672985,0.0,0.0,0.0,0.0,231.98,United Kingdom
15018,60,2,291.34000000000003,94,17,175,145.67000000000002,47.0,0.29268292682926833,180.09,0.0,111.25,68.84,204.87,United Kingdom
15019,74,1,266.0,159,64,74,266.0,159.0,0.28846153846153844,266.0,0.0,0.0,266.0,0.0,United Kingdom
15021,26,3,685.09,330,142,174,228.36333333333334,110.0,0.4411764705882353,479.45,277.97,205.64000000000001,273.80999999999995,1229.73,United Kingdom
15023,26,4,2857.73,1638,219,177,714.4325,409.5,0.5797101449275363,1819.83,1051.99,1037.9,781.9299999999998,3945.03,United Kingdom
15024,104,3,688.09,339,53,175,229.36333333333334,113.0,0.43902439024390244,0.0,0.0,688.09,-688.09,973.24,United Kingdom
15026,48,2,230.78,81,24,85,115.39,40.5,0.5217391304347826,230.78,0.0,0.0,230.78,238.22,United Kingdom
15027,27,2,654.12,404,12,46,327.06,202.0,0.7894736842105263,654.12,312.72,0.0,654.12,412.03000000000003,United Kingdom
15028,176,1,185.97,119,14,176,185.97,119.0,0.14563106796116507,0.0,0.0,185.97,-185.97,441.16,United Kingdom
15030,76,1,152.76,156,3,76,152.76,156.0,0.2830188679245283,152.76,0.0,0.0,152.76,365.52,United Kingdom
15031,90,1,150.83,67,24,90,150.83,67.0,0.25,0.0,0.0,150.83,-150.83,517.31,United Kingdom
15032,64,3,4959.1,2968,29,174,1653.0333333333335,989.3333333333334,0.4411764705882353,2188.5,0.0,2770.6,-582.0999999999999,0.0,United Kingdom
15033,16,3,1169.14,667,151,137,389.71333333333337,222.33333333333334,0.5389221556886228,599.07,419.34,570.07,29.0,1417.53,United Kingdom
15034,40,5,2664.83,1333,158,161,532.966,266.6,0.7853403141361257,1238.48,0.0,1426.3500000000001,-187.87000000000012,1643.78,United Kingdom
15038,23,3,401.36,96,69,177,133.78666666666666,32.0,0.43478260869565216,274.93,117.33,126.42999999999999,148.5,304.13,United Kingdom
15039,6,25,12987.51,5821,296,176,519.5004,232.84,3.6407766990291264,6764.49,2465.92,6223.02,541.4699999999993,6926.93,United Kingdom
15042,7,1,135.93,30,5,7,135.93,30.0,0.8108108108108107,135.93,135.93,0.0,135.93,0.0,United Kingdom
15044,15,11,4505.33,1362,130,170,409.57545454545453,123.81818181818181,1.65,1287.13,474.85,3218.2000000000003,-1931.0700000000002,3194.9,United Kingdom
15045,65,1,388.9,38,4,65,388.9,38.0,0.31578947368421056,388.9,0.0,0.0,388.9,346.76,United Kingdom
15046,2,8,2317.46,1227,91,146,289.6825,153.375,1.3636363636363638,1088.42,759.87,1229.04,-140.6199999999999,2896.31,United Kingdom
15047,77,1,343.62,222,22,77,343.62,222.0,0.2803738317757009,343.62,0.0,0.0,343.62,0.0,United Kingdom
15048,28,2,256.45,122,58,176,128.225,61.0,0.29126213592233013,157.75,157.75,98.7,59.05,127.6,United Kingdom
15049,81,1,121.17000000000002,63,3,81,121.17000000000002,63.0,0.27027027027027023,121.17000000000002,0.0,0.0,121.17000000000002,0.0,United Kingdom
15052,127,1,215.78,82,27,127,215.78,82.0,0.19108280254777069,0.0,0.0,215.78,-215.78,0.0,United Kingdom
15053,89,1,222.65,257,19,89,222.65,257.0,0.25210084033613445,222.65,0.0,0.0,222.65,475.14,United Kingdom
15057,83,2,1489.5,668,25,123,744.75,334.0,0.3921568627450981,358.5,0.0,1131.0,-772.5,0.0,United Kingdom
15058,51,5,740.76,346,115,120,148.152,69.2,1.0,262.69,0.0,478.07,-215.38,1384.23,United Kingdom
15059,23,4,569.02,228,76,142,142.255,57.0,0.6976744186046512,199.11,199.11,369.91,-170.8,768.7,United Kingdom
15061,19,29,30722.920000000002,15829,55,180,1059.4110344827586,545.8275862068965,4.142857142857143,7198.78,3648.36,14116.8,-6918.0199999999995,23811.22,United Kingdom
15062,25,3,814.04,541,38,167,271.34666666666664,180.33333333333334,0.4568527918781726,353.06,353.06,460.98,-107.92000000000002,173.82,United Kingdom
15063,21,1,370.79999999999995,56,5,21,370.79999999999995,56.0,0.5882352941176471,370.79999999999995,370.79999999999995,0.0,370.79999999999995,0.0,United Kingdom
15065,35,2,1406.4,721,71,99,703.2,360.5,0.46511627906976744,632.74,0.0,773.66,-140.91999999999996,1751.73,United Kingdom
15067,90,1,848.05,335,35,90,848.05,335.0,0.25,0.0,0.0,848.05,-848.05,896.71,United Kingdom
15068,64,1,239.95999999999998,130,39,64,239.95999999999998,130.0,0.3191489361702128,239.95999999999998,0.0,0.0,239.95999999999998,313.4,United Kingdom
15070,180,1,106.2,36,1,180,106.2,36.0,0.14285714285714285,0.0,0.0,0.0,0.0,0.0,United Kingdom
15071,83,1,588.6700000000001,165,12,83,588.6700000000001,165.0,0.26548672566371684,588.6700000000001,0.0,0.0,588.6700000000001,393.40000000000003,United Kingdom
15078,11,13,3838.46,1936,78,176,295.2661538461538,148.92307692307693,1.8932038834951457,1619.82,683.26,2218.64,-598.8199999999999,5904.650000000001,United Kingdom
15079,20,4,895.61,389,46,173,223.9025,97.25,0.5911330049261084,386.37,386.37,509.24,-122.87,0.0,United Kingdom
15081,16,2,248.05,113,16,175,124.025,56.5,0.29268292682926833,136.9,136.9,111.15,25.75,256.75,United Kingdom
15083,64,1,88.2,38,5,64,88.2,38.0,0.3191489361702128,88.2,0.0,0.0,88.2,0.0,United Kingdom
15087,89,1,306.94,470,15,89,306.94,470.0,0.25210084033613445,306.94,0.0,0.0,306.94,0.0,United Kingdom
15090,116,1,381.32,208,23,116,381.32,208.0,0.2054794520547945,0.0,0.0,381.32,-381.32,0.0,United Kingdom
15092,23,2,457.81,135,23,91,228.905,67.5,0.49586776859504134,134.65,134.65,323.16,-188.51000000000002,0.0,United Kingdom
15093,14,4,3396.68,2937,50,180,849.17,734.25,0.5714285714285714,793.47,793.47,1979.48,-1186.01,1200.34,United Kingdom
15095,11,1,770.5,705,29,11,770.5,705.0,0.7317073170731707,770.5,770.5,0.0,770.5,600.1,United Kingdom
15100,141,3,876.0,80,1,181,292.0,26.666666666666668,0.4265402843601896,0.0,0.0,525.5999999999999,-525.5999999999999,0.0,United Kingdom
15101,167,1,102.28,34,4,167,102.28,34.0,0.15228426395939088,0.0,0.0,102.28,-102.28,215.25,United Kingdom
15104,4,2,1027.44,637,66,90,513.72,318.5,0.5,652.8,652.8,374.64,278.15999999999997,0.0,United Kingdom
15106,19,2,778.45,560,51,77,389.225,280.0,0.5607476635514018,778.45,367.75,0.0,778.45,644.07,United Kingdom
15107,119,6,319.5,169,12,180,53.25,28.166666666666668,0.8571428571428571,0.0,0.0,203.5,-203.5,0.0,United Kingdom
15108,35,1,191.4,34,11,35,191.4,34.0,0.46153846153846145,191.4,0.0,0.0,191.4,1108.85,European Community
15109,53,1,484.95,131,28,53,484.95,131.0,0.3614457831325301,484.95,0.0,0.0,484.95,0.0,United Kingdom
15110,126,1,169.65,69,9,126,169.65,69.0,0.1923076923076923,0.0,0.0,169.65,-169.65,826.45,United Kingdom
15111,180,1,288.5,106,16,180,288.5,106.0,0.14285714285714285,0.0,0.0,0.0,0.0,1278.98,United Kingdom
15114,25,3,717.91,653,41,109,239.3033333333333,217.66666666666666,0.6474820143884893,458.86,243.51999999999998,259.05,199.81,2042.65,United Kingdom
15116,12,1,479.65,147,15,12,479.65,147.0,0.7142857142857143,479.65,479.65,0.0,479.65,873.1,United Kingdom
15117,23,1,312.4,670,8,23,312.4,670.0,0.5660377358490566,312.4,312.4,0.0,312.4,1239.38,United Kingdom
15119,53,1,266.4,88,14,53,266.4,88.0,0.3614457831325301,266.4,0.0,0.0,266.4,0.0,United Kingdom
15121,96,1,295.15,125,18,96,295.15,125.0,0.23809523809523808,0.0,0.0,295.15,-295.15,162.57,United Kingdom
15122,12,2,930.61,497,39,105,465.305,248.5,0.4444444444444444,533.57,533.57,397.04,136.53000000000003,703.1700000000001,United Kingdom
15123,14,1,1069.47,509,53,14,1069.47,509.0,0.6818181818181818,1069.47,1069.47,0.0,1069.47,1129.84,United Kingdom
15125,15,4,7310.72,3964,75,78,1827.68,991.0,1.1111111111111112,7310.72,2942.84,0.0,7310.72,4217.76,United Kingdom
15128,27,1,483.7,360,33,27,483.7,360.0,0.5263157894736842,483.7,483.7,0.0,483.7,987.3,United Kingdom
15129,18,4,1120.38,859,32,99,280.095,214.75,0.9302325581395349,764.98,460.58000000000004,355.40000000000003,409.58,2327.02,United Kingdom
15132,7,2,489.87,377,24,70,244.935,188.5,0.6,489.87,176.1,0.0,489.87,488.06000000000006,United Kingdom
15133,65,2,657.9,312,16,109,328.95,156.0,0.43165467625899284,324.70000000000005,0.0,333.2,-8.499999999999943,324.52,United Kingdom
15134,21,2,239.45000000000002,163,13,48,119.72500000000001,81.5,0.7692307692307692,239.45000000000002,129.35,0.0,239.45000000000002,1148.54,United Kingdom
15135,47,1,139.05,43,9,47,139.05,43.0,0.38961038961038963,139.05,0.0,0.0,139.05,0.0,United Kingdom
15139,47,2,178.96,208,13,144,89.48,104.0,0.3448275862068966,56.86,0.0,122.1,-65.24,0.0,United Kingdom
15140,6,3,1127.45,901,37,72,375.81666666666666,300.3333333333333,0.8823529411764706,1127.45,326.52000000000004,0.0,1127.45,1226.8,United Kingdom
15143,33,1,259.45,150,14,33,259.45,150.0,0.47619047619047616,259.45,0.0,0.0,259.45,0.0,United Kingdom
15144,25,5,1695.02,798,48,120,339.004,159.6,1.0,1316.7,1046.3,378.32,938.3800000000001,4885.42,United Kingdom
15145,35,2,724.03,438,35,56,362.015,219.0,0.6976744186046512,724.03,0.0,0.0,724.03,470.7,United Kingdom
15146,99,1,834.22,914,63,99,834.22,914.0,0.23255813953488372,0.0,0.0,834.22,-834.22,492.94,United Kingdom
15147,48,1,623.5,366,28,48,623.5,366.0,0.3846153846153846,623.5,0.0,0.0,623.5,0.0,United Kingdom
15150,77,1,501.25,331,33,77,501.25,331.0,0.2803738317757009,501.25,0.0,0.0,501.25,4813.22,United Kingdom
15157,166,1,1085.46,1078,54,166,1085.46,1078.0,0.15306122448979592,0.0,0.0,1085.46,-1085.46,850.61,United Kingdom
15159,18,11,5026.37,2302,119,169,456.94272727272727,209.27272727272728,1.658291457286432,2328.25,810.95,2698.12,-369.8699999999999,13614.64,United Kingdom
15160,165,1,158.16,84,4,165,158.16,84.0,0.15384615384615385,0.0,0.0,158.16,-158.16,0.0,United Kingdom
15163,0,1,155.0,48,10,0,155.0,48.0,1.0,155.0,155.0,0.0,155.0,149.47,United Kingdom
15164,16,2,368.18,143,52,147,184.09,71.5,0.3389830508474576,194.79,194.79,173.39000000000001,21.399999999999977,474.87,United Kingdom
15165,181,1,487.75,160,27,181,487.75,160.0,0.14218009478672985,0.0,0.0,0.0,0.0,0.0,United Kingdom
15167,128,1,163.0,67,39,128,163.0,67.0,0.189873417721519,0.0,0.0,163.0,-163.0,0.0,United Kingdom
15171,139,1,1289.5,290,5,139,1289.5,290.0,0.17751479289940827,0.0,0.0,1289.5,-1289.5,0.0,United Kingdom
15172,4,2,526.2,480,38,44,263.1,240.0,0.8108108108108107,526.2,179.8,0.0,526.2,1097.85,United Kingdom
15174,130,1,135.75,145,11,130,135.75,145.0,0.1875,0.0,0.0,135.75,-135.75,0.0,United Kingdom
15178,68,1,40.5,30,3,68,40.5,30.0,0.30612244897959184,40.5,0.0,0.0,40.5,0.0,United Kingdom
15179,41,3,1455.1200000000001,1294,45,127,485.04,431.3333333333333,0.5732484076433121,169.5,0.0,1285.6200000000001,-1116.1200000000001,751.83,United Kingdom
15180,175,1,87.5,36,6,175,87.5,36.0,0.14634146341463417,0.0,0.0,87.5,-87.5,0.0,United Kingdom
15181,77,1,300.0,48,2,77,300.0,48.0,0.2803738317757009,300.0,0.0,0.0,300.0,389.48,United Kingdom
15182,76,1,370.48,144,16,76,370.48,144.0,0.2830188679245283,370.48,0.0,0.0,370.48,252.37,United Kingdom
15187,20,1,431.6,172,9,20,431.6,172.0,0.6000000000000001,431.6,431.6,0.0,431.6,4345.58,United Kingdom
15189,5,15,4921.45,1687,41,140,328.09666666666664,112.46666666666667,2.6470588235294117,3301.73,1306.7,1619.72,1682.01,11303.94,United Kingdom
15192,173,1,315.0,196,15,173,315.0,196.0,0.1477832512315271,0.0,0.0,315.0,-315.0,729.32,United Kingdom
15194,6,9,3661.1800000000003,2593,124,176,406.7977777777778,288.1111111111111,1.3106796116504855,1147.45,812.38,2513.73,-1366.28,3955.35,United Kingdom
15197,60,2,773.25,202,15,166,386.625,101.0,0.30612244897959184,216.75,0.0,556.5,-339.75,306.36,United Kingdom
15199,43,2,657.15,227,3,116,328.575,113.5,0.410958904109589,304.05,0.0,353.1,-49.05000000000001,611.55,United Kingdom
15201,12,2,602.27,659,27,55,301.135,329.5,0.7058823529411765,602.27,300.79,0.0,602.27,634.27,United Kingdom
15203,6,2,692.9,673,50,119,346.45,336.5,0.40268456375838924,480.96,480.96,211.94,269.02,1134.9,United Kingdom
15204,165,1,316.58,258,9,165,316.58,258.0,0.15384615384615385,0.0,0.0,316.58,-316.58,0.0,United Kingdom
15206,83,1,17.700000000000003,6,1,83,17.700000000000003,6.0,0.26548672566371684,17.700000000000003,0.0,0.0,17.700000000000003,402.6,United Kingdom
15208,161,1,65.4,20,3,161,65.4,20.0,0.15706806282722513,0.0,0.0,65.4,-65.4,804.72,United Kingdom
15210,33,1,331.18,228,20,33,331.18,228.0,0.47619047619047616,331.18,0.0,0.0,331.18,0.0,United Kingdom
15211,173,1,383.07,117,23,173,383.07,117.0,0.1477832512315271,0.0,0.0,383.07,-383.07,511.34000000000003,United Kingdom
15212,49,1,101.8,36,5,49,101.8,36.0,0.379746835443038,101.8,0.0,0.0,101.8,0.0,United Kingdom
15213,126,2,328.35,272,22,137,164.175,136.0,0.3592814371257485,0.0,0.0,328.35,-328.35,0.0,United Kingdom
15214,50,1,514.9300000000001,402,35,50,514.9300000000001,402.0,0.37499999999999994,514.9300000000001,0.0,0.0,514.9300000000001,1146.51,United Kingdom
15218,25,3,1757.26,967,43,126,585.7533333333333,322.3333333333333,0.5769230769230769,1175.6,647.75,581.66,593.9399999999999,3999.63,United Kingdom
15220,11,3,858.19,783,53,88,286.06333333333333,261.0,0.7627118644067797,858.19,346.4,0.0,858.19,920.77,United Kingdom
15221,174,1,403.25,43,5,174,403.25,43.0,0.14705882352941177,0.0,0.0,403.25,-403.25,0.0,United Kingdom
15222,126,1,585.0,440,5,126,585.0,440.0,0.1923076923076923,0.0,0.0,585.0,-585.0,0.0,United Kingdom
15223,33,2,755.75,213,14,57,377.875,106.5,0.6896551724137931,755.75,0.0,0.0,755.75,0.0,United Kingdom
15224,166,2,322.08,152,13,170,161.04,76.0,0.3,0.0,0.0,322.08,-322.08,0.0,United Kingdom
15225,42,1,409.40000000000003,226,23,42,409.40000000000003,226.0,0.4166666666666667,409.40000000000003,0.0,0.0,409.40000000000003,0.0,United Kingdom
15226,118,1,154.41,71,8,118,154.41,71.0,0.2027027027027027,0.0,0.0,154.41,-154.41,0.0,United Kingdom
15227,23,3,876.82,589,36,125,292.27333333333337,196.33333333333334,0.5806451612903225,251.75,251.75,625.07,-373.32000000000005,342.58,United Kingdom
15228,102,1,904.85,751,32,102,904.85,751.0,0.22727272727272727,0.0,0.0,904.85,-904.85,2481.86,United Kingdom
15230,47,2,429.6,351,23,48,214.8,175.5,0.7692307692307692,429.6,0.0,0.0,429.6,0.0,United Kingdom
15234,84,1,197.0,196,14,84,197.0,196.0,0.2631578947368421,197.0,0.0,0.0,197.0,0.0,United Kingdom
15235,25,12,2247.51,1324,132,181,187.29250000000002,110.33333333333333,1.7061611374407584,786.57,370.77,1381.44,-594.87,0.0,United Kingdom
15236,106,1,321.05,269,15,106,321.05,269.0,0.22058823529411764,0.0,0.0,321.05,-321.05,0.0,United Kingdom
15237,11,2,1093.65,798,74,35,546.825,399.0,0.9230769230769229,1093.65,154.73,0.0,1093.65,318.67,United Kingdom
15240,49,2,629.1,510,18,119,314.55,255.0,0.40268456375838924,316.2,0.0,312.90000000000003,3.2999999999999545,1077.47,United Kingdom
15241,0,3,965.4,900,56,91,321.8,300.0,0.7438016528925621,570.07,570.07,395.33,174.74000000000007,791.04,United Kingdom
15244,56,1,297.94,240,15,56,297.94,240.0,0.3488372093023256,297.94,0.0,0.0,297.94,333.63,United Kingdom
15245,69,1,1251.48,826,49,69,1251.48,826.0,0.30303030303030304,1251.48,0.0,0.0,1251.48,1264.3600000000001,United Kingdom
15246,46,2,514.15,247,32,166,257.075,123.5,0.30612244897959184,328.15,0.0,186.0,142.14999999999998,0.0,United Kingdom
15249,4,5,2841.37,1435,113,64,568.274,287.0,1.5957446808510638,2841.37,1034.15,0.0,2841.37,3847.09,United Kingdom
15251,18,2,4095.72,2648,45,49,2047.86,1324.0,0.759493670886076,4095.72,1249.7,0.0,4095.72,6389.27,United Kingdom
15257,91,1,317.15,46,7,91,317.15,46.0,0.24793388429752067,0.0,0.0,317.15,-317.15,0.0,United Kingdom
15258,25,1,315.66,78,16,25,315.66,78.0,0.5454545454545454,315.66,315.66,0.0,315.66,307.5,United Kingdom
15260,11,4,882.6,474,37,180,220.65,118.5,0.5714285714285714,462.1,194.4,0.0,462.1,928.1700000000001,United Kingdom
15262,131,1,178.95000000000002,73,10,131,178.95000000000002,73.0,0.1863354037267081,0.0,0.0,178.95000000000002,-178.95000000000002,0.0,United Kingdom
15265,43,1,712.24,240,42,43,712.24,240.0,0.410958904109589,712.24,0.0,0.0,712.24,793.88,United Kingdom
15266,146,1,119.3,18,6,146,119.3,18.0,0.17045454545454547,0.0,0.0,119.3,-119.3,0.0,United Kingdom
15270,46,4,1313.75,677,19,118,328.4375,169.25,0.8108108108108107,300.25,0.0,1013.5,-713.25,1065.74,United Kingdom
15271,12,5,735.61,356,55,173,147.122,71.2,0.7389162561576355,370.76,223.16,364.85,5.909999999999968,1771.46,United Kingdom
15279,162,1,290.51,189,19,162,290.51,189.0,0.15625,0.0,0.0,290.51,-290.51,0.0,United Kingdom
15281,5,6,1927.41,1005,105,141,321.235,167.5,1.0526315789473684,912.84,556.21,1014.57,-101.73000000000002,404.74,United Kingdom
15288,8,3,1624.0,573,64,173,541.3333333333334,191.0,0.4433497536945813,1458.3500000000001,471.6,165.65,1292.7,682.52,United Kingdom
15289,57,1,375.45,333,19,57,375.45,333.0,0.3448275862068966,375.45,0.0,0.0,375.45,564.33,United Kingdom
15290,11,8,2032.57,1133,44,167,254.07125,141.625,1.218274111675127,1179.74,362.19,852.83,326.90999999999997,5910.65,United Kingdom
15291,55,9,2679.59,832,43,181,297.7322222222222,92.44444444444444,1.2796208530805688,1307.4,0.0,1043.39,264.01,1988.71,United Kingdom
15292,9,1,180.94,56,24,9,180.94,56.0,0.7692307692307692,180.94,180.94,0.0,180.94,0.0,United Kingdom
15296,20,2,1777.81,1041,91,134,888.905,520.5,0.36585365853658536,578.48,578.48,1199.33,-620.8499999999999,1895.05,United Kingdom
15298,70,4,1238.44,971,44,174,309.61,242.75,0.5882352941176471,365.36,0.0,873.08,-507.72,3561.46,United Kingdom
15299,71,4,2435.01,2577,4,180,608.7525,644.25,0.5714285714285714,600.0,0.0,0.0,600.0,2072.0,United Kingdom
15301,13,4,2104.0,1222,86,176,526.0,305.5,0.5825242718446603,1430.63,306.91,673.37,757.2600000000001,2966.35,United Kingdom
15303,98,1,574.02,248,31,98,574.02,248.0,0.234375,0.0,0.0,574.02,-574.02,0.0,United Kingdom
15304,26,5,381.6,48,5,176,76.32000000000001,9.6,0.7281553398058253,258.45,51.0,123.15,135.29999999999998,312.8,United Kingdom
15308,82,1,310.47,175,19,82,310.47,175.0,0.26785714285714285,310.47,0.0,0.0,310.47,0.0,United Kingdom
15311,4,43,29666.69,18990,373,181,689.923023255814,441.6279069767442,6.113744075829384,15398.78,5814.28,13817.93,1580.8500000000004,31101.21,United Kingdom
15312,23,2,607.9,340,27,162,303.95,170.0,0.3125,318.16,318.16,289.74,28.420000000000016,316.95,United Kingdom
15314,7,1,327.97,313,24,7,327.97,313.0,0.8108108108108107,327.97,327.97,0.0,327.97,0.0,United Kingdom
15316,134,1,165.0,100,1,134,165.0,100.0,0.18292682926829268,0.0,0.0,165.0,-165.0,0.0,United Kingdom
15319,91,1,204.5,175,16,91,204.5,175.0,0.24793388429752067,0.0,0.0,204.5,-204.5,0.0,United Kingdom
15321,99,1,1159.47,545,38,99,1159.47,545.0,0.23255813953488372,0.0,0.0,1159.47,-1159.47,1588.8400000000001,United Kingdom
15326,141,1,311.71,386,29,141,311.71,386.0,0.17543859649122806,0.0,0.0,311.71,-311.71,0.0,United Kingdom
15332,174,4,1661.06,652,29,177,415.265,163.0,0.5797101449275363,0.0,0.0,1661.06,-1661.06,0.0,Lithuania
15333,16,1,1028.56,344,16,16,1028.56,344.0,0.6521739130434783,1028.56,1028.56,0.0,1028.56,0.0,United Kingdom
15339,126,1,257.9,159,40,126,257.9,159.0,0.1923076923076923,0.0,0.0,257.9,-257.9,316.17,United Kingdom
15346,140,1,252.42000000000002,144,17,140,252.42000000000002,144.0,0.1764705882352941,0.0,0.0,252.42000000000002,-252.42000000000002,0.0,United Kingdom
15347,174,1,201.60000000000002,130,5,174,201.60000000000002,130.0,0.14705882352941177,0.0,0.0,201.60000000000002,-201.60000000000002,0.0,United Kingdom
15350,181,1,115.65,51,5,181,115.65,51.0,0.14218009478672985,0.0,0.0,0.0,0.0,0.0,United Kingdom
15351,177,1,274.67,129,49,177,274.67,129.0,0.14492753623188406,0.0,0.0,274.67,-274.67,1685.44,United Kingdom
15353,62,2,777.02,343,59,175,388.51,171.5,0.29268292682926833,465.37,0.0,311.65,153.72000000000003,0.0,United Kingdom
15356,26,5,1201.81,664,153,176,240.362,132.8,0.7281553398058253,582.08,369.95,619.73,-37.64999999999998,1564.69,United Kingdom
15358,15,11,4363.07,3778,207,173,396.64272727272726,343.45454545454544,1.625615763546798,1944.22,543.91,2418.85,-474.6299999999999,3984.13,United Kingdom
15361,169,1,418.92,336,7,169,418.92,336.0,0.1507537688442211,0.0,0.0,418.92,-418.92,0.0,United Kingdom
15363,180,1,326.0,144,16,180,326.0,144.0,0.14285714285714285,0.0,0.0,0.0,0.0,0.0,United Kingdom
15364,62,1,331.8,84,3,62,331.8,84.0,0.32608695652173914,331.8,0.0,0.0,331.8,581.39,United Kingdom
15365,123,1,208.61,85,12,123,208.61,85.0,0.19607843137254904,0.0,0.0,208.61,-208.61,2105.71,United Kingdom
15366,166,1,105.54,61,8,166,105.54,61.0,0.15306122448979592,0.0,0.0,105.54,-105.54,496.97,United Kingdom
15367,53,2,1416.18,750,65,83,708.09,375.0,0.5309734513274337,1416.18,0.0,0.0,1416.18,461.41,United Kingdom
15370,11,3,1127.94,462,48,140,375.98,154.0,0.5294117647058824,373.72,373.72,754.22,-380.5,1258.11,United Kingdom
15373,18,6,1191.75,243,58,179,198.625,40.5,0.8612440191387559,291.75,115.54,900.0,-608.25,1224.16,United Kingdom
15376,30,1,654.17,375,57,30,654.17,375.0,0.5,654.17,0.0,0.0,654.17,579.19,United Kingdom
15379,16,5,3263.11,1976,134,166,652.6220000000001,395.2,0.7653061224489796,581.02,209.18,2682.09,-2101.07,440.18,United Kingdom
15380,173,1,230.1,78,1,173,230.1,78.0,0.1477832512315271,0.0,0.0,230.1,-230.1,1460.1599999999999,United Kingdom
15381,21,2,596.85,171,8,76,298.425,85.5,0.5660377358490566,596.85,314.55,0.0,596.85,0.0,United Kingdom
15382,18,2,1588.02,1174,95,103,794.01,587.0,0.45112781954887216,568.6,568.6,1019.42,-450.81999999999994,4367.6900000000005,United Kingdom
15384,167,1,303.57,248,20,167,303.57,248.0,0.15228426395939088,0.0,0.0,303.57,-303.57,338.84,United Kingdom
15388,78,1,140.54,88,10,78,140.54,88.0,0.2777777777777778,140.54,0.0,0.0,140.54,0.0,Canada
15392,168,1,338.98,402,19,168,338.98,402.0,0.15151515151515152,0.0,0.0,338.98,-338.98,1196.55,United Kingdom
15393,89,1,124.10000000000001,94,8,89,124.10000000000001,94.0,0.25210084033613445,124.10000000000001,0.0,0.0,124.10000000000001,107.76,United Kingdom
15394,12,2,1436.44,546,44,166,718.22,273.0,0.30612244897959184,848.78,848.78,587.66,261.12,747.1,United Kingdom
15395,133,1,107.45,17,7,133,107.45,17.0,0.18404907975460122,0.0,0.0,107.45,-107.45,0.0,United Kingdom
15397,97,1,94.0,20,6,97,94.0,20.0,0.23622047244094488,0.0,0.0,94.0,-94.0,0.0,United Kingdom
15400,86,1,346.1,190,5,86,346.1,190.0,0.25862068965517243,346.1,0.0,0.0,346.1,370.1,United Kingdom
15402,4,1,440.99,431,28,4,440.99,431.0,0.8823529411764706,440.99,440.99,0.0,440.99,185.78,United Kingdom
15406,109,1,252.29,130,42,109,252.29,130.0,0.21582733812949642,0.0,0.0,252.29,-252.29,258.42,United Kingdom
15407,30,2,329.86,209,49,113,164.93,104.5,0.4195804195804196,164.86,0.0,165.0,-0.13999999999998636,726.58,United Kingdom
15408,72,1,267.18,106,34,72,267.18,106.0,0.29411764705882354,267.18,0.0,0.0,267.18,0.0,United Kingdom
15410,11,4,1800.89,565,39,69,450.2225,141.25,1.2121212121212122,1800.89,962.09,0.0,1800.89,1649.95,United Kingdom
15414,50,1,36.2,12,5,50,36.2,12.0,0.37499999999999994,36.2,0.0,0.0,36.2,738.7,United Kingdom
15415,121,1,572.8100000000001,575,46,121,572.8100000000001,575.0,0.19867549668874174,0.0,0.0,572.8100000000001,-572.8100000000001,0.0,United Kingdom
15416,47,2,2274.43,1308,96,90,1137.215,654.0,0.5,899.19,0.0,1375.24,-476.04999999999995,1709.89,United Kingdom
15421,23,3,739.36,379,35,118,246.45333333333335,126.33333333333333,0.6081081081081081,444.3,444.3,295.06,149.24,211.0,United Kingdom
15422,131,2,97.7,38,6,131,48.85,19.0,0.3726708074534162,0.0,0.0,97.7,-97.7,0.0,United Kingdom
15424,62,2,383.34,554,17,62,191.67,277.0,0.6521739130434783,383.34,0.0,0.0,383.34,0.0,United Kingdom
15426,65,2,662.98,265,101,177,331.49,132.5,0.2898550724637681,251.56,0.0,411.42,-159.86,784.41,United Kingdom
15433,21,2,533.3,534,40,75,266.65,267.0,0.5714285714285714,533.3,160.66,0.0,533.3,0.0,United Kingdom
15434,8,1,306.96000000000004,199,12,8,306.96000000000004,199.0,0.7894736842105263,306.96000000000004,306.96000000000004,0.0,306.96000000000004,734.52,United Kingdom
15436,42,1,489.05,251,124,42,489.05,251.0,0.4166666666666667,489.05,0.0,0.0,489.05,633.48,United Kingdom
15437,70,1,200.16,79,44,70,200.16,79.0,0.3,200.16,0.0,0.0,200.16,0.0,United Kingdom
15440,16,1,125.8,78,20,16,125.8,78.0,0.6521739130434783,125.8,125.8,0.0,125.8,257.88,United Kingdom
15442,56,1,594.0,120,2,56,594.0,120.0,0.3488372093023256,594.0,0.0,0.0,594.0,0.0,United Kingdom
15443,128,1,437.71,182,51,128,437.71,182.0,0.189873417721519,0.0,0.0,437.71,-437.71,2799.2,United Kingdom
15445,72,1,113.5,58,5,72,113.5,58.0,0.29411764705882354,113.5,0.0,0.0,113.5,0.0,United Kingdom
15447,138,1,155.17000000000002,85,9,138,155.17000000000002,85.0,0.17857142857142858,0.0,0.0,155.17000000000002,-155.17000000000002,0.0,United Kingdom
15448,120,1,494.64,232,28,120,494.64,232.0,0.2,0.0,0.0,494.64,-494.64,0.0,United Kingdom
15449,69,1,345.92,248,23,69,345.92,248.0,0.30303030303030304,345.92,0.0,0.0,345.92,628.6,United Kingdom
15452,72,1,247.25,137,36,72,247.25,137.0,0.29411764705882354,247.25,0.0,0.0,247.25,291.48,United Kingdom
15454,170,1,179.1,86,23,170,179.1,86.0,0.15,0.0,0.0,179.1,-179.1,0.0,United Kingdom
15456,91,3,447.22,660,48,167,149.07333333333335,220.0,0.4568527918781726,0.0,0.0,447.22,-447.22,0.0,United Kingdom
15457,70,1,237.07,132,56,70,237.07,132.0,0.3,237.07,0.0,0.0,237.07,0.0,United Kingdom
15460,162,1,216.76,109,53,162,216.76,109.0,0.15625,0.0,0.0,216.76,-216.76,0.0,United Kingdom
15464,146,1,1048.85,350,155,146,1048.85,350.0,0.17045454545454547,0.0,0.0,1048.85,-1048.85,0.0,United Kingdom
15465,41,12,5163.46,761,32,177,430.28833333333336,63.416666666666664,1.7391304347826086,2587.0499999999997,0.0,2576.41,10.639999999999873,2191.16,United Kingdom
15482,58,3,1437.44,440,11,166,479.1466666666667,146.66666666666666,0.45918367346938777,713.8,0.0,723.64,-9.840000000000032,9617.52,United Kingdom
15483,74,1,114.85,145,48,74,114.85,145.0,0.28846153846153844,114.85,0.0,0.0,114.85,118.96,United Kingdom
15485,144,2,1278.63,603,33,181,639.315,301.5,0.2843601895734597,0.0,0.0,328.54,-328.54,1296.37,United Kingdom
15489,19,1,348.26,220,23,19,348.26,220.0,0.6122448979591837,348.26,348.26,0.0,348.26,786.02,United Kingdom
15491,26,3,1644.92,894,80,43,548.3066666666667,298.0,1.232876712328767,1644.92,622.47,0.0,1644.92,1455.17,United Kingdom
15493,57,2,951.25,261,109,78,475.625,130.5,0.5555555555555556,951.25,0.0,0.0,951.25,1050.55,United Kingdom
15497,127,1,970.6,528,10,127,970.6,528.0,0.19108280254777069,0.0,0.0,970.6,-970.6,291.6,United Kingdom
15498,18,11,5826.81,3119,218,174,529.71,283.54545454545456,1.6176470588235294,2322.17,826.85,3504.64,-1182.4699999999998,7489.59,United Kingdom
15502,83,4,2640.46,1856,73,177,660.115,464.0,0.5797101449275363,1711.06,0.0,929.4,781.66,7744.47,United Kingdom
15503,170,1,147.09,74,66,170,147.09,74.0,0.15,0.0,0.0,147.09,-147.09,0.0,United Kingdom
15508,27,3,629.11,297,47,43,209.70333333333335,99.0,1.232876712328767,629.11,110.64,0.0,629.11,371.16,United Kingdom
15510,138,1,250.0,2,1,138,250.0,2.0,0.17857142857142858,0.0,0.0,250.0,-250.0,0.0,United Kingdom
15512,167,1,101.2,56,6,167,101.2,56.0,0.15228426395939088,0.0,0.0,101.2,-101.2,19.8,United Kingdom
15513,7,12,6069.46,2430,113,181,505.78833333333336,202.5,1.7061611374407584,3655.2000000000003,1550.7,2057.2599999999998,1597.9400000000005,8688.76,United Kingdom
15514,33,6,2561.94,1216,50,172,426.99,202.66666666666666,0.8910891089108911,677.23,0.0,1884.71,-1207.48,1577.52,United Kingdom
15517,41,1,267.03,293,27,41,267.03,293.0,0.4225352112676056,267.03,0.0,0.0,267.03,0.0,United Kingdom
15518,23,4,987.57,703,87,140,246.8925,175.75,0.7058823529411764,356.92,356.92,630.65,-273.72999999999996,954.88,United Kingdom
15521,20,4,1667.78,901,105,62,416.945,225.25,1.3043478260869565,1667.78,687.09,0.0,1667.78,1332.42,United Kingdom
15525,181,1,313.93,124,44,181,313.93,124.0,0.14218009478672985,0.0,0.0,0.0,0.0,511.99,United Kingdom
15527,27,3,900.04,361,45,162,300.0133333333333,120.33333333333333,0.46875,319.74,319.74,580.3,-260.55999999999995,1529.74,United Kingdom
15528,62,1,229.33,123,26,62,229.33,123.0,0.32608695652173914,229.33,0.0,0.0,229.33,0.0,United Kingdom
15529,18,7,1932.21,1609,230,174,276.03000000000003,229.85714285714286,1.0294117647058825,1361.32,413.37,570.89,790.43,2063.02,United Kingdom
15530,54,1,553.13,324,49,54,553.13,324.0,0.35714285714285715,553.13,0.0,0.0,553.13,949.22,United Kingdom
15532,166,1,356.35,92,48,166,356.35,92.0,0.15306122448979592,0.0,0.0,356.35,-356.35,1224.58,United Kingdom
15535,44,3,411.39,105,38,135,137.13,35.0,0.5454545454545454,118.85,0.0,292.54,-173.69000000000003,125.01,United Kingdom
15543,96,1,127.86,86,26,96,127.86,86.0,0.23809523809523808,0.0,0.0,127.86,-127.86,0.0,United Kingdom
15544,19,4,1759.47,1376,84,180,439.8675,344.0,0.5714285714285714,560.35,560.35,844.58,-284.23,1787.24,United Kingdom
15545,179,1,135.32999999999998,75,31,179,135.32999999999998,75.0,0.14354066985645933,0.0,0.0,135.32999999999998,-135.32999999999998,157.39000000000001,United Kingdom
15547,2,7,2404.53,1605,199,170,343.50428571428574,229.28571428571428,1.05,976.8,407.43,1427.73,-450.93000000000006,2550.31,United Kingdom
15549,124,1,942.1,398,57,124,942.1,398.0,0.1948051948051948,0.0,0.0,942.1,-942.1,751.16,United Kingdom
15550,109,1,137.9,96,12,109,137.9,96.0,0.21582733812949642,0.0,0.0,137.9,-137.9,437.73,United Kingdom
15552,25,1,90.12,60,17,25,90.12,60.0,0.5454545454545454,90.12,90.12,0.0,90.12,0.0,United Kingdom
15554,85,1,217.2,74,14,85,217.2,74.0,0.2608695652173913,217.2,0.0,0.0,217.2,0.0,United Kingdom
15555,9,5,1659.75,1313,194,177,331.95,262.6,0.7246376811594203,669.93,379.40999999999997,989.82,-319.8900000000001,3145.42,United Kingdom
15561,23,1,265.75,51,7,23,265.75,51.0,0.5660377358490566,265.75,265.75,0.0,265.75,534.84,United Kingdom
15562,159,1,134.55,39,1,159,134.55,39.0,0.15873015873015872,0.0,0.0,134.55,-134.55,0.0,United Kingdom
15563,8,2,735.62,742,55,166,367.81,371.0,0.30612244897959184,465.43,465.43,270.19,195.24,664.82,United Kingdom
15569,140,1,288.5,182,7,140,288.5,182.0,0.1764705882352941,0.0,0.0,288.5,-288.5,1087.21,United Kingdom
15570,14,8,2525.42,937,169,177,315.6775,117.125,1.1594202898550725,541.33,247.29,1984.0900000000001,-1442.7600000000002,1640.1,United Kingdom
15572,56,3,876.04,422,74,86,292.0133333333333,140.66666666666666,0.7758620689655172,876.04,0.0,0.0,876.04,1676.82,United Kingdom
15574,166,3,590.15,303,125,180,196.71666666666667,101.0,0.42857142857142855,0.0,0.0,214.5,-214.5,112.1,United Kingdom
15577,113,1,29.65,7,4,113,29.65,7.0,0.2097902097902098,0.0,0.0,29.65,-29.65,229.23,United Kingdom
15579,121,1,199.6,56,25,121,199.6,56.0,0.19867549668874174,0.0,0.0,199.6,-199.6,149.0,United Kingdom
15581,34,8,634.96,250,104,174,79.37,31.25,1.1764705882352942,309.0,0.0,325.96,-16.95999999999998,3045.01,United Kingdom
15582,28,1,303.61,255,22,28,303.61,255.0,0.5172413793103449,303.61,303.61,0.0,303.61,379.3,United Kingdom
15587,159,1,344.88,120,3,159,344.88,120.0,0.15873015873015872,0.0,0.0,344.88,-344.88,568.8,United Kingdom
15589,63,3,478.53,243,28,118,159.51,81.0,0.6081081081081081,293.58,0.0,184.95,108.63,0.0,United Kingdom
15594,42,1,267.91,145,15,42,267.91,145.0,0.4166666666666667,267.91,0.0,0.0,267.91,1503.8700000000001,United Kingdom
15596,22,4,1389.69,559,51,173,347.4225,139.75,0.5911330049261084,612.22,309.19,777.47,-165.25,16.9,United Kingdom
15599,12,1,448.83,361,29,12,448.83,361.0,0.7142857142857143,448.83,448.83,0.0,448.83,312.91,United Kingdom
15601,11,9,4748.59,3600,160,180,527.6211111111111,400.0,1.2857142857142858,958.39,691.54,3021.82,-2063.4300000000003,2027.97,United Kingdom
15602,8,5,542.95,345,12,176,108.59,69.0,0.7281553398058253,138.2,138.2,404.75,-266.55,754.92,United Kingdom
15605,60,3,690.1800000000001,266,37,181,230.06000000000003,88.66666666666667,0.4265402843601896,312.58000000000004,0.0,182.75,129.83000000000004,508.05,United Kingdom
15606,30,6,1826.35,553,36,132,304.39166666666665,92.16666666666667,1.111111111111111,911.48,0.0,914.87,-3.3899999999999864,1093.81,United Kingdom
15607,144,1,104.76,202,13,144,104.76,202.0,0.1724137931034483,0.0,0.0,104.76,-104.76,0.0,United Kingdom
15611,64,3,331.5,38,5,142,110.5,12.666666666666666,0.5232558139534884,227.25,0.0,104.25,123.0,1259.95,United Kingdom
15615,20,10,4739.06,2374,115,167,473.90600000000006,237.4,1.5228426395939088,2303.96,918.26,2435.1,-131.13999999999987,5660.68,United Kingdom
15620,28,2,875.01,600,59,166,437.505,300.0,0.30612244897959184,450.52,450.52,424.49,26.029999999999973,678.17,United Kingdom
15622,5,5,2602.0,1225,127,90,520.4,245.0,1.25,2026.0,410.2,576.0,1450.0,1107.56,United Kingdom
15624,14,2,311.40000000000003,120,18,64,155.70000000000002,60.0,0.6382978723404256,311.40000000000003,127.50000000000001,0.0,311.40000000000003,276.73,United Kingdom
15625,43,1,695.33,513,36,43,695.33,513.0,0.410958904109589,695.33,0.0,0.0,695.33,838.93,United Kingdom
15626,137,1,281.88,312,20,137,281.88,312.0,0.17964071856287425,0.0,0.0,281.88,-281.88,393.92,United Kingdom
15628,63,2,691.01,423,34,174,345.505,211.5,0.29411764705882354,371.83000000000004,0.0,319.18,52.650000000000034,2179.23,United Kingdom
15630,12,1,396.86,280,21,12,396.86,280.0,0.7142857142857143,396.86,396.86,0.0,396.86,789.49,United Kingdom
15632,33,3,1242.5,688,51,82,414.1666666666667,229.33333333333334,0.8035714285714286,1242.5,0.0,0.0,1242.5,2042.81,United Kingdom
15636,90,1,306.7,82,8,90,306.7,82.0,0.25,0.0,0.0,306.7,-306.7,418.06,United Kingdom
15640,34,7,5771.61,2877,141,180,824.5157142857142,411.0,1.0,1420.58,0.0,4017.31,-2596.73,6744.05,United Kingdom
15641,68,3,1305.38,1096,78,167,435.1266666666667,365.3333333333333,0.4568527918781726,543.22,0.0,762.16,-218.93999999999994,581.82,United Kingdom
15643,90,1,337.1,176,23,90,337.1,176.0,0.25,0.0,0.0,337.1,-337.1,326.90000000000003,United Kingdom
15644,64,3,423.19,279,85,69,141.06333333333333,93.0,0.9090909090909092,423.19,0.0,0.0,423.19,389.81,United Kingdom
15646,54,2,340.04,370,28,180,170.02,185.0,0.2857142857142857,150.24,0.0,0.0,150.24,107.60000000000001,United Kingdom
15648,12,2,657.35,221,23,75,328.675,110.5,0.5714285714285714,657.35,340.5,0.0,657.35,0.0,United Kingdom
15649,144,2,816.0,192,1,175,408.0,96.0,0.29268292682926833,0.0,0.0,816.0,-816.0,0.0,United Kingdom
15651,68,1,227.32,238,16,68,227.32,238.0,0.30612244897959184,227.32,0.0,0.0,227.32,418.98,United Kingdom
15655,51,1,560.6700000000001,324,34,51,560.6700000000001,324.0,0.37037037037037035,560.6700000000001,0.0,0.0,560.6700000000001,0.0,United Kingdom
15656,28,2,306.86,100,19,92,153.43,50.0,0.49180327868852464,63.910000000000004,63.910000000000004,242.95000000000002,-179.04000000000002,441.64,United Kingdom
15658,5,4,1016.6,240,40,180,254.15,60.0,0.5714285714285714,440.2,418.95,270.20000000000005,169.99999999999994,7.5,United Kingdom
15660,12,4,739.02,430,31,173,184.755,107.5,0.5911330049261084,374.72,374.72,364.3,10.420000000000016,861.84,United Kingdom
15661,125,2,309.8,236,4,146,154.9,118.0,0.34090909090909094,0.0,0.0,309.8,-309.8,0.0,United Kingdom
15665,51,1,1476.22,1174,76,51,1476.22,1174.0,0.37037037037037035,1476.22,0.0,0.0,1476.22,765.79,United Kingdom
15668,25,1,76.32000000000001,72,1,25,76.32000000000001,72.0,0.5454545454545454,76.32000000000001,76.32000000000001,0.0,76.32000000000001,0.0,United Kingdom
15669,71,1,198.8,64,11,71,198.8,64.0,0.297029702970297,198.8,0.0,0.0,198.8,485.54,United Kingdom
15670,104,1,173.05,91,12,104,173.05,91.0,0.22388059701492538,0.0,0.0,173.05,-173.05,0.0,United Kingdom
15671,50,3,1033.13,561,41,78,344.3766666666667,187.0,0.8333333333333333,1033.13,0.0,0.0,1033.13,1624.0,United Kingdom
15673,22,2,1785.73,864,74,135,892.865,432.0,0.36363636363636365,815.78,815.78,969.95,-154.17000000000007,1095.29,United Kingdom
15674,21,4,1379.6599999999999,626,39,62,344.91499999999996,156.5,1.3043478260869565,1379.6599999999999,669.42,0.0,1379.6599999999999,1066.94,United Kingdom
15675,88,1,45.0,36,3,88,45.0,36.0,0.2542372881355932,45.0,0.0,0.0,45.0,278.69,United Kingdom
15676,91,1,897.8,555,61,91,897.8,555.0,0.24793388429752067,0.0,0.0,897.8,-897.8,2537.96,United Kingdom
15680,174,1,478.89,331,30,174,478.89,331.0,0.14705882352941177,0.0,0.0,478.89,-478.89,854.79,United Kingdom
15681,88,1,345.68,256,17,88,345.68,256.0,0.2542372881355932,345.68,0.0,0.0,345.68,1080.48,United Kingdom
15687,76,4,1402.45,529,58,138,350.6125,132.25,0.7142857142857143,369.9,0.0,1032.55,-662.65,1590.65,United Kingdom
15689,169,1,103.5,56,6,169,103.5,56.0,0.1507537688442211,0.0,0.0,103.5,-103.5,150.6,United Kingdom
15691,60,1,136.8,72,2,60,136.8,72.0,0.3333333333333333,136.8,0.0,0.0,136.8,0.0,United Kingdom
15694,11,7,2676.98,547,23,180,382.42571428571426,78.14285714285714,1.0,1431.86,481.70000000000005,938.72,493.1399999999999,3802.42,United Kingdom
15695,74,2,409.98,212,22,74,204.99,106.0,0.5769230769230769,409.98,0.0,0.0,409.98,0.0,United Kingdom
15696,28,6,1637.9,718,89,134,272.98333333333335,119.66666666666667,1.0975609756097562,860.39,312.49,777.51,82.88,1098.56,United Kingdom
15703,72,1,211.5,66,5,72,211.5,66.0,0.29411764705882354,211.5,0.0,0.0,211.5,0.0,United Kingdom
15704,23,1,938.85,407,45,23,938.85,407.0,0.5660377358490566,938.85,938.85,0.0,938.85,1354.77,United Kingdom
15705,9,1,143.1,62,6,9,143.1,62.0,0.7692307692307692,143.1,143.1,0.0,143.1,0.0,United Kingdom
15708,30,5,2068.3,803,87,177,413.66,160.6,0.7246376811594203,443.85,0.0,1624.45,-1180.6,1295.94,United Kingdom
15709,91,1,133.25,121,6,91,133.25,121.0,0.24793388429752067,0.0,0.0,133.25,-133.25,0.0,United Kingdom
15712,95,1,299.8,109,18,95,299.8,109.0,0.24000000000000005,0.0,0.0,299.8,-299.8,772.5600000000001,United Kingdom
15713,174,1,171.15,59,9,174,171.15,59.0,0.14705882352941177,0.0,0.0,171.15,-171.15,185.55,United Kingdom
15716,9,3,902.44,648,82,177,300.81333333333333,216.0,0.43478260869565216,355.34000000000003,240.08,547.1,-191.76,216.37,United Kingdom
15717,42,1,150.3,70,7,42,150.3,70.0,0.4166666666666667,150.3,0.0,0.0,150.3,0.0,United Kingdom
15719,7,7,2430.97,1294,204,145,347.28142857142853,184.85714285714286,1.2,1569.82,722.99,861.15,708.67,2614.64,United Kingdom
15722,98,1,324.05,112,10,98,324.05,112.0,0.234375,0.0,0.0,324.05,-324.05,1898.51,United Kingdom
15723,172,1,203.10000000000002,87,37,172,203.10000000000002,87.0,0.1485148514851485,0.0,0.0,203.10000000000002,-203.10000000000002,0.0,United Kingdom
15724,9,2,218.25,73,11,92,109.125,36.5,0.49180327868852464,114.60000000000001,114.60000000000001,103.65,10.950000000000003,0.0,United Kingdom
15727,6,4,3250.87,1417,116,167,812.7175,354.25,0.6091370558375635,1159.27,374.82000000000005,2091.6,-932.3299999999999,1928.09,United Kingdom
15729,20,1,85.0,28,5,20,85.0,28.0,0.6000000000000001,85.0,85.0,0.0,85.0,0.0,United Kingdom
15730,14,1,467.43,314,29,14,467.43,314.0,0.6818181818181818,467.43,467.43,0.0,467.43,653.45,United Kingdom
15732,20,2,294.12,215,13,180,147.06,107.5,0.2857142857142857,156.02,156.02,0.0,156.02,0.0,United Kingdom
15733,90,1,162.3,62,10,90,162.3,62.0,0.25,0.0,0.0,162.3,-162.3,0.0,United Kingdom
15734,8,1,578.6500000000001,133,11,8,578.6500000000001,133.0,0.7894736842105263,578.6500000000001,578.6500000000001,0.0,578.6500000000001,760.8000000000001,United Kingdom
15737,50,1,475.88,286,29,50,475.88,286.0,0.37499999999999994,475.88,0.0,0.0,475.88,729.24,United Kingdom
15738,12,9,2613.04,1610,38,180,290.3377777777778,178.88888888888889,1.2857142857142858,1327.9,316.05,955.49,372.4100000000001,2199.38,United Kingdom
15745,44,1,302.85,127,18,44,302.85,127.0,0.4054054054054054,302.85,0.0,0.0,302.85,791.74,United Kingdom
15749,43,3,44534.3,18028,5,140,14844.766666666668,6009.333333333333,0.5294117647058824,21535.9,0.0,22998.4,-1462.5,0.0,United Kingdom
15750,91,3,612.5699999999999,565,61,174,204.18999999999997,188.33333333333334,0.4411764705882353,0.0,0.0,612.5699999999999,-612.5699999999999,1852.91,United Kingdom
15752,57,3,1045.18,777,125,180,348.3933333333334,259.0,0.42857142857142855,785.53,0.0,0.0,785.53,1592.2,United Kingdom
15753,112,1,79.2,144,1,112,79.2,144.0,0.2112676056338028,0.0,0.0,79.2,-79.2,0.0,United Kingdom
15754,54,1,91.8,36,6,54,91.8,36.0,0.35714285714285715,91.8,0.0,0.0,91.8,366.77,United Kingdom
15755,43,2,620.73,355,37,102,310.365,177.5,0.45454545454545453,306.05,0.0,314.68,-8.629999999999995,1743.52,United Kingdom
15756,21,2,249.12,106,83,57,124.56,53.0,0.6896551724137931,249.12,125.53,0.0,249.12,283.84,United Kingdom
15757,25,1,261.36,167,16,25,261.36,167.0,0.5454545454545454,261.36,261.36,0.0,261.36,453.06,United Kingdom
15759,26,3,253.04000000000002,60,5,166,84.34666666666668,20.0,0.45918367346938777,68.0,68.0,185.04000000000002,-117.04000000000002,0.0,United Kingdom
15764,84,1,1120.93,623,59,84,1120.93,623.0,0.2631578947368421,1120.93,0.0,0.0,1120.93,2159.04,United Kingdom
15768,11,2,479.15,153,18,33,239.575,76.5,0.9523809523809523,479.15,124.8,0.0,479.15,142.68,United Kingdom
15769,5,13,27889.72,15012,18,179,2145.363076923077,1154.7692307692307,1.8660287081339713,17700.64,3365.8,10189.08,7511.5599999999995,28363.0,United Kingdom
15775,53,1,104.9,68,7,53,104.9,68.0,0.3614457831325301,104.9,0.0,0.0,104.9,0.0,United Kingdom
15777,49,4,1047.1100000000001,378,18,169,261.77750000000003,94.5,0.6030150753768844,293.96,0.0,753.1500000000001,-459.1900000000001,0.0,United Kingdom
15780,50,2,402.76000000000005,192,24,165,201.38000000000002,96.0,0.3076923076923077,225.61,0.0,177.15,48.46000000000001,72.52000000000001,United Kingdom
15781,113,1,83.35,29,5,113,83.35,29.0,0.2097902097902098,0.0,0.0,83.35,-83.35,262.11,United Kingdom
15785,5,2,1330.4,754,39,103,665.2,377.0,0.45112781954887216,401.82000000000005,401.82000000000005,928.58,-526.76,998.57,United Kingdom
15789,166,1,351.3,438,25,166,351.3,438.0,0.15306122448979592,0.0,0.0,351.3,-351.3,0.0,United Kingdom
15791,12,1,1223.24,558,54,12,1223.24,558.0,0.7142857142857143,1223.24,1223.24,0.0,1223.24,389.45000000000005,United Kingdom
15793,76,1,306.64,192,3,76,306.64,192.0,0.2830188679245283,306.64,0.0,0.0,306.64,658.97,United Kingdom
15796,8,3,976.79,308,45,110,325.59666666666664,102.66666666666667,0.6428571428571429,632.87,632.87,343.92,288.95,1734.7700000000002,United Kingdom
15797,22,3,1840.2,729,7,127,613.4,243.0,0.5732484076433121,330.0,330.0,1510.2,-1180.2,367.2,United Kingdom
15799,142,1,320.22,181,22,142,320.22,181.0,0.1744186046511628,0.0,0.0,320.22,-320.22,563.92,United Kingdom
15800,54,1,244.5,108,14,54,244.5,108.0,0.35714285714285715,244.5,0.0,0.0,244.5,454.58,United Kingdom
15804,6,1,525.36,314,34,6,525.36,314.0,0.8333333333333334,525.36,525.36,0.0,525.36,3681.03,United Kingdom
15805,5,5,2503.78,1413,114,172,500.75600000000003,282.6,0.7425742574257426,1579.22,385.81,924.5600000000001,654.66,3024.7000000000003,United Kingdom
15806,84,1,300.36,274,16,84,300.36,274.0,0.2631578947368421,300.36,0.0,0.0,300.36,484.22,United Kingdom
15808,114,4,3734.9700000000003,1343,142,177,933.7425000000001,335.75,0.5797101449275363,0.0,0.0,3734.9700000000003,-3734.9700000000003,0.0,United Kingdom
15809,12,3,383.31,249,24,110,127.77,83.0,0.6428571428571429,184.51,121.09,198.8,-14.29000000000002,132.46,United Kingdom
15810,40,2,854.12,530,52,104,427.06,265.0,0.44776119402985076,476.8,0.0,377.32,99.48000000000002,537.86,United Kingdom
15811,13,4,1294.84,468,67,173,323.71,117.0,0.5911330049261084,397.51,397.51,897.33,-499.82000000000005,923.78,United Kingdom
15812,62,2,764.76,452,3,125,382.38,226.0,0.3870967741935484,519.96,0.0,244.8,275.16,1036.38,United Kingdom
15813,15,2,1303.9099999999999,603,40,47,651.9549999999999,301.5,0.7792207792207793,1303.9099999999999,533.26,0.0,1303.9099999999999,0.0,United Kingdom
15815,20,3,1394.08,1068,12,67,464.6933333333333,356.0,0.9278350515463918,1394.08,514.08,0.0,1394.08,706.52,United Kingdom
15819,7,2,1177.14,914,72,84,588.57,457.0,0.5263157894736842,1177.14,537.5,0.0,1177.14,728.3100000000001,United Kingdom
15820,127,1,206.98,128,17,127,206.98,128.0,0.19108280254777069,0.0,0.0,206.98,-206.98,0.0,United Kingdom
15822,167,1,440.2,160,16,167,440.2,160.0,0.15228426395939088,0.0,0.0,440.2,-440.2,445.27,United Kingdom
15823,180,1,15.0,1,1,180,15.0,1.0,0.14285714285714285,0.0,0.0,0.0,0.0,0.0,United Kingdom
15826,18,1,720.0,488,28,18,720.0,488.0,0.625,720.0,720.0,0.0,720.0,934.3100000000001,United Kingdom
15827,23,9,911.69,369,38,180,101.2988888888889,41.0,1.2857142857142858,367.51,114.05,353.25,14.259999999999991,924.4,United Kingdom
15831,132,1,309.94,308,17,132,309.94,308.0,0.18518518518518517,0.0,0.0,309.94,-309.94,491.82,United Kingdom
15832,62,1,836.79,465,54,62,836.79,465.0,0.32608695652173914,836.79,0.0,0.0,836.79,0.0,United Kingdom
15834,85,2,1281.37,410,151,85,640.685,205.0,0.5217391304347826,1281.37,0.0,0.0,1281.37,952.38,United Kingdom
15835,68,2,488.31,243,25,138,244.155,121.5,0.35714285714285715,187.2,0.0,301.11,-113.91000000000003,465.78000000000003,United Kingdom
15838,26,6,6102.9,3238,36,175,1017.15,539.6666666666666,0.8780487804878049,4867.9,494.7,1235.0,3632.8999999999996,27540.18,United Kingdom
15841,26,2,613.26,366,19,146,306.63,183.0,0.34090909090909094,281.66,281.66,331.6,-49.94,610.8000000000001,United Kingdom
15843,111,1,118.95,27,8,111,118.95,27.0,0.2127659574468085,0.0,0.0,118.95,-118.95,0.0,United Kingdom
15845,18,3,1537.16,694,42,145,512.3866666666667,231.33333333333334,0.5142857142857143,304.58,304.58,1232.5800000000002,-928.0000000000002,2174.61,United Kingdom
15847,96,1,180.68,348,9,96,180.68,348.0,0.23809523809523808,0.0,0.0,180.68,-180.68,208.59,United Kingdom
15852,5,1,103.21000000000001,38,21,5,103.21000000000001,38.0,0.8571428571428571,103.21000000000001,103.21000000000001,0.0,103.21000000000001,57.5,United Kingdom
15854,12,6,1584.39,580,69,169,264.065,96.66666666666667,0.9045226130653266,837.09,527.69,747.3,89.79000000000008,1390.26,United Kingdom
15855,14,3,342.51,251,37,71,114.17,83.66666666666667,0.8910891089108911,342.51,140.31,0.0,342.51,369.73,United Kingdom
15856,11,8,6939.47,3982,108,173,867.43375,497.75,1.1822660098522169,2579.26,772.57,4360.21,-1780.9499999999998,9448.1,United Kingdom
15858,97,2,816.22,725,91,175,408.11,362.5,0.29268292682926833,0.0,0.0,816.22,-816.22,622.63,United Kingdom
15860,40,3,420.26,178,46,176,140.08666666666667,59.333333333333336,0.4368932038834952,317.6,0.0,102.66,214.94000000000003,556.95,United Kingdom
15861,75,2,722.48,561,108,75,361.24,280.5,0.5714285714285714,722.48,0.0,0.0,722.48,2442.88,United Kingdom
15862,12,2,491.01,359,87,181,245.505,179.5,0.2843601895734597,136.78,136.78,0.0,136.78,341.87,United Kingdom
15863,0,1,9.2,2,2,0,9.2,2.0,1.0,9.2,9.2,0.0,9.2,59.64,United Kingdom
15864,124,1,242.42000000000002,110,6,124,242.42000000000002,110.0,0.1948051948051948,0.0,0.0,242.42000000000002,-242.42000000000002,1693.9,United Kingdom
15865,21,1,313.93,178,16,21,313.93,178.0,0.5882352941176471,313.93,313.93,0.0,313.93,581.2,United Kingdom
15867,4,9,1755.05,962,175,177,195.00555555555556,106.88888888888889,1.3043478260869565,684.93,252.3,1070.1200000000001,-385.19000000000017,2057.59,United Kingdom
15869,85,2,149.64,175,13,85,74.82,87.5,0.5217391304347826,149.64,0.0,0.0,149.64,0.0,United Kingdom
15874,25,5,2162.8,1050,76,92,432.56000000000006,210.0,1.2295081967213115,1578.45,118.3,584.35,994.1,2243.08,United Kingdom
15880,177,1,343.28,211,95,177,343.28,211.0,0.14492753623188406,0.0,0.0,343.28,-343.28,0.0,United Kingdom
15881,120,5,501.39,260,26,172,100.27799999999999,52.0,0.7425742574257426,0.0,0.0,501.39,-501.39,0.0,United Kingdom
15882,6,4,516.36,276,23,176,129.09,69.0,0.5825242718446603,145.04000000000002,145.04000000000002,371.32000000000005,-226.28000000000003,0.0,United Kingdom
15885,117,1,15.0,1,1,117,15.0,1.0,0.2040816326530612,0.0,0.0,15.0,-15.0,364.35,United Kingdom
15889,177,1,297.92,149,57,177,297.92,149.0,0.14492753623188406,0.0,0.0,297.92,-297.92,148.95,United Kingdom
15891,34,1,524.52,442,60,34,524.52,442.0,0.46875,524.52,0.0,0.0,524.52,0.0,United Kingdom
15894,61,2,263.55,168,35,177,131.775,84.0,0.2898550724637681,106.81,0.0,156.74,-49.93000000000001,0.0,United Kingdom
15897,2,2,222.05,261,17,2,111.025,130.5,1.875,222.05,222.05,0.0,222.05,0.0,United Kingdom
15898,34,4,1002.99,424,67,176,250.7475,106.0,0.5825242718446603,481.3,0.0,521.69,-40.39000000000004,385.89,United Kingdom
15899,176,1,56.25,39,4,176,56.25,39.0,0.14563106796116507,0.0,0.0,56.25,-56.25,0.0,United Kingdom
15903,35,2,641.64,676,19,103,320.82,338.0,0.45112781954887216,480.36,0.0,161.28,319.08000000000004,4485.12,United Kingdom
15906,27,3,683.16,225,52,63,227.72,75.0,0.9677419354838709,683.16,271.83,0.0,683.16,884.53,United Kingdom
15907,18,1,251.18,157,46,18,251.18,157.0,0.625,251.18,251.18,0.0,251.18,716.27,United Kingdom
15910,15,4,550.61,431,117,124,137.6525,107.75,0.7792207792207791,239.71,120.82000000000001,310.9,-71.18999999999997,681.57,United Kingdom
15912,41,1,141.49,66,13,41,141.49,66.0,0.4225352112676056,141.49,0.0,0.0,141.49,123.13,United Kingdom
15916,54,4,735.1800000000001,330,56,174,183.79500000000002,82.5,0.5882352941176471,160.12,0.0,575.0600000000001,-414.94000000000005,792.91,United Kingdom
15917,55,1,123.1,42,12,55,123.1,42.0,0.35294117647058826,123.1,0.0,0.0,123.1,0.0,United Kingdom
15918,79,1,142.0,66,21,79,142.0,66.0,0.27522935779816515,142.0,0.0,0.0,142.0,192.23000000000002,United Kingdom
15919,176,1,270.72,242,38,176,270.72,242.0,0.14563106796116507,0.0,0.0,270.72,-270.72,369.17,United Kingdom
15922,181,1,369.5,138,11,181,369.5,138.0,0.14218009478672985,0.0,0.0,0.0,0.0,0.0,United Kingdom
15923,180,1,127.08,122,21,180,127.08,122.0,0.14285714285714285,0.0,0.0,0.0,0.0,0.0,United Kingdom
15925,2,1,207.15,93,12,2,207.15,93.0,0.9375,207.15,207.15,0.0,207.15,0.0,United Kingdom
15932,22,4,1273.25,879,44,97,318.3125,219.75,0.9448818897637795,955.52,305.02,317.73,637.79,1222.62,United Kingdom
15935,47,2,416.86,115,12,49,208.43,57.5,0.759493670886076,416.86,0.0,0.0,416.86,0.0,United Kingdom
15938,9,4,335.3,192,9,131,83.825,48.0,0.7453416149068324,260.4,92.7,74.9,185.49999999999997,69.28,United Kingdom
15939,4,9,4632.35,3734,27,139,514.7055555555556,414.8888888888889,1.5976331360946745,3268.25,252.0,1364.1000000000001,1904.1499999999999,1482.66,United Kingdom
15940,119,1,35.8,4,1,119,35.8,4.0,0.20134228187919462,0.0,0.0,35.8,-35.8,0.0,United Kingdom
15944,84,1,325.1,50,6,84,325.1,50.0,0.2631578947368421,325.1,0.0,0.0,325.1,0.0,United Kingdom
15945,173,1,181.0,52,2,173,181.0,52.0,0.1477832512315271,0.0,0.0,181.0,-181.0,0.0,United Kingdom
15950,167,1,428.82,135,28,167,428.82,135.0,0.15228426395939088,0.0,0.0,428.82,-428.82,1336.69,United Kingdom
15951,93,1,375.17,174,22,93,375.17,174.0,0.24390243902439027,0.0,0.0,375.17,-375.17,333.05,United Kingdom
15952,33,1,232.65000000000003,123,14,33,232.65000000000003,123.0,0.47619047619047616,232.65000000000003,0.0,0.0,232.65000000000003,573.92,United Kingdom
15953,19,4,826.14,451,29,177,206.535,112.75,0.5797101449275363,171.92,171.92,654.22,-482.30000000000007,833.24,United Kingdom
15955,11,3,1445.6200000000001,590,41,180,481.8733333333334,196.66666666666666,0.42857142857142855,873.24,381.45000000000005,0.0,873.24,2970.64,United Kingdom
15965,175,1,156.19,74,16,175,156.19,74.0,0.14634146341463417,0.0,0.0,156.19,-156.19,689.45,United Kingdom
15967,126,1,173.8,62,32,126,173.8,62.0,0.1923076923076923,0.0,0.0,173.8,-173.8,245.03,United Kingdom
15970,111,1,314.09999999999997,116,11,111,314.09999999999997,116.0,0.2127659574468085,0.0,0.0,314.09999999999997,-314.09999999999997,0.0,United Kingdom
15971,50,4,1086.15,527,6,119,271.5375,131.75,0.8053691275167785,207.15,0.0,879.0,-671.85,3113.7,United Kingdom
15973,174,1,307.82000000000005,106,4,174,307.82000000000005,106.0,0.14705882352941177,0.0,0.0,307.82000000000005,-307.82000000000005,0.0,United Kingdom
15974,19,3,1573.49,803,69,96,524.4966666666667,267.6666666666667,0.7142857142857143,804.25,656.3000000000001,769.24,35.00999999999999,1868.66,United Kingdom
15976,28,1,209.99,125,50,28,209.99,125.0,0.5172413793103449,209.99,209.99,0.0,209.99,220.95,United Kingdom
15980,62,1,760.18,592,20,62,760.18,592.0,0.32608695652173914,760.18,0.0,0.0,760.18,1638.68,United Kingdom
15981,18,4,1622.1999999999998,856,24,119,405.54999999999995,214.0,0.8053691275167785,1352.1999999999998,231.4,270.0,1082.1999999999998,1786.28,United Kingdom
15983,168,3,1148.27,700,57,181,382.75666666666666,233.33333333333334,0.4265402843601896,0.0,0.0,707.38,-707.38,326.75,United Kingdom
15984,41,5,782.08,359,61,176,156.416,71.8,0.7281553398058253,212.19,0.0,569.89,-357.7,2055.59,United Kingdom
15985,44,1,899.58,878,27,44,899.58,878.0,0.4054054054054054,899.58,0.0,0.0,899.58,242.84,United Kingdom
15987,7,4,516.08,1078,12,176,129.02,269.5,0.5825242718446603,402.6,402.6,113.48,289.12,935.2,United Kingdom
15990,95,1,401.37,171,23,95,401.37,171.0,0.24000000000000005,0.0,0.0,401.37,-401.37,390.74,United Kingdom
15996,71,3,655.27,260,67,174,218.42333333333332,86.66666666666667,0.4411764705882353,169.73000000000002,0.0,485.54,-315.81,405.41,United Kingdom
15998,70,2,1782.22,1109,245,170,891.11,554.5,0.3,918.83,0.0,863.39,55.440000000000055,1307.75,United Kingdom
16003,167,1,1181.0,184,20,167,1181.0,184.0,0.15228426395939088,0.0,0.0,1181.0,-1181.0,1554.3700000000001,United Kingdom
16005,78,1,177.59,82,55,78,177.59,82.0,0.2777777777777778,177.59,0.0,0.0,177.59,437.8,United Kingdom
16006,19,1,101.4,84,8,19,101.4,84.0,0.6122448979591837,101.4,101.4,0.0,101.4,0.0,United Kingdom
16007,23,1,369.75,420,77,23,369.75,420.0,0.5660377358490566,369.75,369.75,0.0,369.75,1332.19,United Kingdom
16008,12,1,139.15,75,6,12,139.15,75.0,0.7142857142857143,139.15,139.15,0.0,139.15,339.63,United Kingdom
16010,53,3,407.5,210,62,170,135.83333333333334,70.0,0.44999999999999996,297.4,0.0,110.1,187.29999999999998,0.0,United Kingdom
16011,41,6,990.84,646,54,174,165.14000000000001,107.66666666666667,0.8823529411764706,237.65,0.0,753.19,-515.5400000000001,2371.87,United Kingdom
16013,0,22,12418.62,4802,10,179,564.4827272727273,218.27272727272728,3.1578947368421053,5047.42,2675.2,7371.2,-2323.7799999999997,24711.98,United Kingdom
16014,99,1,262.93,106,58,99,262.93,106.0,0.23255813953488372,0.0,0.0,262.93,-262.93,399.45,United Kingdom
16016,4,4,817.57,311,99,174,204.3925,77.75,0.5882352941176471,435.3,127.19,382.27,53.03000000000003,691.19,United Kingdom
16019,40,6,2489.5,884,64,172,414.9166666666667,147.33333333333334,0.8910891089108911,536.0,0.0,1953.5,-1417.5,1296.74,United Kingdom
16022,68,1,628.28,261,68,68,628.28,261.0,0.30612244897959184,628.28,0.0,0.0,628.28,0.0,United Kingdom
16023,0,2,500.69,227,59,74,250.345,113.5,0.5769230769230769,500.69,322.85,0.0,500.69,219.12,United Kingdom
16027,26,3,516.6700000000001,510,5,110,172.22333333333336,170.0,0.6428571428571429,116.95,116.95,399.72,-282.77000000000004,417.95000000000005,United Kingdom
16029,7,29,35776.26,16582,26,181,1233.6641379310345,571.7931034482758,4.123222748815166,16323.99,11496.51,15180.75,1143.2399999999998,45248.58,United Kingdom
16030,117,1,331.24,283,28,117,331.24,283.0,0.2040816326530612,0.0,0.0,331.24,-331.24,0.0,United Kingdom
16031,55,1,305.63,219,39,55,305.63,219.0,0.35294117647058826,305.63,0.0,0.0,305.63,243.31,United Kingdom
16033,8,11,3277.67,1139,230,177,297.97,103.54545454545455,1.5942028985507246,2015.1200000000001,924.42,1262.55,752.5700000000002,5538.7300000000005,United Kingdom
16034,4,3,437.70000000000005,242,18,140,145.9,80.66666666666667,0.5294117647058824,284.1,284.1,153.6,130.50000000000003,0.0,United Kingdom
16036,71,1,188.73000000000002,127,11,71,188.73000000000002,127.0,0.297029702970297,188.73000000000002,0.0,0.0,188.73000000000002,570.19,United Kingdom
16037,77,3,855.02,428,37,166,285.00666666666666,142.66666666666666,0.45918367346938777,251.56,0.0,603.46,-351.90000000000003,0.0,United Kingdom
16038,9,1,316.95,187,19,9,316.95,187.0,0.7692307692307692,316.95,316.95,0.0,316.95,154.83,United Kingdom
16040,76,1,422.43,285,22,76,422.43,285.0,0.2830188679245283,422.43,0.0,0.0,422.43,891.12,United Kingdom
16042,140,1,24.95,5,2,140,24.95,5.0,0.1764705882352941,0.0,0.0,24.95,-24.95,1172.32,United Kingdom
16043,19,3,676.49,342,22,125,225.49666666666667,114.0,0.5806451612903225,368.64000000000004,224.54000000000002,307.85,60.79000000000002,97.5,United Kingdom
16045,53,2,861.25,545,53,98,430.625,272.5,0.46875,196.8,0.0,664.45,-467.65000000000003,479.45,United Kingdom
16048,181,2,256.44,144,8,181,128.22,72.0,0.2843601895734597,0.0,0.0,0.0,0.0,0.0,United Kingdom
16055,28,1,134.8,22,8,28,134.8,22.0,0.5172413793103449,134.8,134.8,0.0,134.8,0.0,United Kingdom
16057,19,3,1059.54,377,58,92,353.18,125.66666666666667,0.7377049180327869,375.56,375.56,683.98,-308.42,1203.58,United Kingdom
16059,62,3,647.7,269,79,175,215.9,89.66666666666667,0.43902439024390244,384.45,0.0,263.25,121.19999999999999,812.16,United Kingdom
16062,49,2,578.18,333,26,172,289.09,166.5,0.297029702970297,330.62,0.0,247.56,83.06,575.44,United Kingdom
16063,68,1,335.32,262,23,68,335.32,262.0,0.30612244897959184,335.32,0.0,0.0,335.32,0.0,United Kingdom
16065,173,1,372.09,231,71,173,372.09,231.0,0.1477832512315271,0.0,0.0,372.09,-372.09,0.0,United Kingdom
16072,96,1,584.3199999999999,140,23,96,584.3199999999999,140.0,0.23809523809523808,0.0,0.0,584.3199999999999,-584.3199999999999,0.0,United Kingdom
16073,105,1,122.4,48,1,105,122.4,48.0,0.2222222222222222,0.0,0.0,122.4,-122.4,0.0,United Kingdom
16076,16,1,305.45,137,16,16,305.45,137.0,0.6521739130434783,305.45,305.45,0.0,305.45,1929.28,United Kingdom
16078,91,1,79.2,16,1,91,79.2,16.0,0.24793388429752067,0.0,0.0,79.2,-79.2,0.0,United Kingdom
16080,82,1,130.26,66,5,82,130.26,66.0,0.26785714285714285,130.26,0.0,0.0,130.26,86.9,United Kingdom
16081,67,2,568.13,294,40,174,284.065,147.0,0.29411764705882354,410.53,0.0,157.6,252.92999999999998,2238.77,United Kingdom
16083,168,1,337.98,384,17,168,337.98,384.0,0.15151515151515152,0.0,0.0,337.98,-337.98,979.64,United Kingdom
16084,107,1,436.18,216,38,107,436.18,216.0,0.21897810218978103,0.0,0.0,436.18,-436.18,0.0,United Kingdom
16085,44,2,325.04,224,48,128,162.52,112.0,0.379746835443038,143.69,0.0,181.35,-37.66,656.47,United Kingdom
16086,8,3,587.0600000000001,248,16,175,195.6866666666667,82.66666666666667,0.43902439024390244,308.61,308.61,278.45,30.160000000000025,534.33,United Kingdom
16091,6,1,157.25,83,10,6,157.25,83.0,0.8333333333333334,157.25,157.25,0.0,157.25,157.81,United Kingdom
16092,5,2,593.73,445,32,62,296.865,222.5,0.6521739130434783,593.73,282.86,0.0,593.73,224.13,United Kingdom
16094,27,1,252.1,164,16,27,252.1,164.0,0.5263157894736842,252.1,252.1,0.0,252.1,826.13,United Kingdom
16096,72,1,320.62,155,12,72,320.62,155.0,0.29411764705882354,320.62,0.0,0.0,320.62,0.0,United Kingdom
16097,48,1,185.04999999999998,87,10,48,185.04999999999998,87.0,0.3846153846153846,185.04999999999998,0.0,0.0,185.04999999999998,0.0,United Kingdom
16098,42,3,1010.3000000000001,258,19,181,336.7666666666667,86.0,0.4265402843601896,157.9,0.0,421.8,-263.9,995.33,United Kingdom
16099,33,1,318.3,206,19,33,318.3,206.0,0.47619047619047616,318.3,0.0,0.0,318.3,413.6,United Kingdom
16103,34,2,534.46,170,11,41,267.23,85.0,0.8450704225352113,534.46,0.0,0.0,534.46,895.18,United Kingdom
16105,56,1,336.96,330,13,56,336.96,330.0,0.3488372093023256,336.96,0.0,0.0,336.96,0.0,United Kingdom
16109,26,2,611.88,612,18,116,305.94,306.0,0.410958904109589,296.88,296.88,315.0,-18.120000000000005,0.0,United Kingdom
16110,70,2,693.93,353,173,119,346.965,176.5,0.40268456375838924,284.23,0.0,409.7,-125.46999999999997,643.55,United Kingdom
16112,141,2,136.14,342,10,146,68.07,171.0,0.34090909090909094,0.0,0.0,136.14,-136.14,59.599999999999994,United Kingdom
16115,20,3,510.9,320,83,100,170.29999999999998,106.66666666666667,0.6923076923076922,372.07,166.94,138.83,233.23999999999998,1157.07,United Kingdom
16116,19,1,612.78,248,34,19,612.78,248.0,0.6122448979591837,612.78,612.78,0.0,612.78,0.0,United Kingdom
16121,23,1,287.89,142,60,23,287.89,142.0,0.5660377358490566,287.89,287.89,0.0,287.89,579.22,United Kingdom
16122,140,2,249.84,446,16,174,124.92,223.0,0.29411764705882354,0.0,0.0,249.84,-249.84,434.58,United Kingdom
16124,125,1,249.0,48,11,125,249.0,48.0,0.1935483870967742,0.0,0.0,249.0,-249.0,0.0,United Kingdom
16125,175,1,289.35,124,13,175,289.35,124.0,0.14634146341463417,0.0,0.0,289.35,-289.35,0.0,United Kingdom
16126,104,1,891.35,275,22,104,891.35,275.0,0.22388059701492538,0.0,0.0,891.35,-891.35,5396.42,United Kingdom
16128,90,1,388.3,174,20,90,388.3,174.0,0.25,0.0,0.0,388.3,-388.3,1491.92,United Kingdom
16131,15,2,1664.52,792,32,47,832.26,396.0,0.7792207792207793,1664.52,608.16,0.0,1664.52,1842.02,United Kingdom
16133,4,11,6486.650000000001,3677,85,126,589.6954545454546,334.27272727272725,2.1153846153846154,5855.74,2940.82,630.91,5224.83,8102.39,United Kingdom
16134,167,1,283.53000000000003,158,16,167,283.53000000000003,158.0,0.15228426395939088,0.0,0.0,283.53000000000003,-283.53000000000003,334.56,United Kingdom
16135,70,1,517.55,209,21,70,517.55,209.0,0.3,517.55,0.0,0.0,517.55,0.0,United Kingdom
16136,85,1,159.3,66,8,85,159.3,66.0,0.2608695652173913,159.3,0.0,0.0,159.3,550.08,United Kingdom
16139,14,1,139.8,84,6,14,139.8,84.0,0.6818181818181818,139.8,139.8,0.0,139.8,495.61,United Kingdom
16140,179,1,124.14,104,7,179,124.14,104.0,0.14354066985645933,0.0,0.0,124.14,-124.14,601.04,United Kingdom
16142,57,1,535.34,422,37,57,535.34,422.0,0.3448275862068966,535.34,0.0,0.0,535.34,0.0,United Kingdom
16143,20,4,1574.17,537,55,177,393.5425,134.25,0.5797101449275363,361.32,361.32,1212.8500000000001,-851.5300000000002,850.77,United Kingdom
16144,54,1,175.2,16,1,54,175.2,16.0,0.35714285714285715,175.2,0.0,0.0,175.2,0.0,United Kingdom
16145,34,4,1316.28,1159,64,167,329.07,289.75,0.6091370558375635,337.36,0.0,978.92,-641.56,2483.21,United Kingdom
16146,11,2,659.13,367,26,40,329.565,183.5,0.8571428571428572,659.13,273.44,0.0,659.13,75.0,United Kingdom
16148,104,1,76.32000000000001,72,1,104,76.32000000000001,72.0,0.22388059701492538,0.0,0.0,76.32000000000001,-76.32000000000001,0.0,United Kingdom
16150,78,2,964.48,500,50,180,482.24,250.0,0.2857142857142857,571.0600000000001,0.0,0.0,571.0600000000001,1088.54,United Kingdom
16152,76,1,1829.04,642,29,76,1829.04,642.0,0.2830188679245283,1829.04,0.0,0.0,1829.04,0.0,United Kingdom
16153,25,2,401.91,171,19,162,200.955,85.5,0.3125,186.9,186.9,215.01,-28.109999999999985,1422.32,United Kingdom
16156,14,3,1060.57,463,44,118,353.5233333333333,154.33333333333334,0.6081081081081081,756.73,447.71000000000004,303.84000000000003,452.89,2061.47,United Kingdom
16159,89,1,348.2,236,14,89,348.2,236.0,0.25210084033613445,348.2,0.0,0.0,348.2,0.0,United Kingdom
16161,6,10,2288.1,1090,160,176,228.81,109.0,1.4563106796116505,972.16,626.8100000000001,1315.94,-343.7800000000001,3287.46,United Kingdom
16162,60,1,37.4,4,2,60,37.4,4.0,0.3333333333333333,37.4,0.0,0.0,37.4,0.0,United Kingdom
16163,40,2,856.6,192,5,173,428.3,96.0,0.2955665024630542,415.00000000000006,0.0,441.6,-26.599999999999966,0.0,United Kingdom
16168,0,9,1251.81,609,26,177,139.09,67.66666666666667,1.3043478260869565,848.3100000000001,392.26,403.5,444.81000000000006,2535.79,United Kingdom
16170,42,2,625.58,434,38,56,312.79,217.0,0.6976744186046512,625.58,0.0,0.0,625.58,1259.47,United Kingdom
16172,49,1,199.38,180,16,49,199.38,180.0,0.379746835443038,199.38,0.0,0.0,199.38,940.83,United Kingdom
16175,12,2,466.98,220,26,48,233.49,110.0,0.7692307692307692,466.98,194.12,0.0,466.98,570.61,United Kingdom
16180,18,4,2745.43,1612,72,60,686.3575,403.0,1.3333333333333333,2745.43,1564.55,0.0,2745.43,7508.75,United Kingdom
16182,11,2,2517.0,1500,8,102,1258.5,750.0,0.45454545454545453,1692.0,1692.0,825.0,867.0,4100.65,United Kingdom
16184,19,1,148.22,26,9,19,148.22,26.0,0.6122448979591837,148.22,148.22,0.0,148.22,1010.57,United Kingdom
16185,40,1,335.0,153,19,40,335.0,153.0,0.4285714285714286,335.0,0.0,0.0,335.0,194.41,United Kingdom
16186,19,4,1047.21,925,45,180,261.8025,231.25,0.5714285714285714,739.53,347.12,0.0,739.53,2959.73,United Kingdom
16187,11,7,2564.64,1545,89,92,366.3771428571428,220.71428571428572,1.7213114754098362,1888.74,541.76,675.9,1212.8400000000001,4346.8,United Kingdom
16188,34,2,565.77,439,39,50,282.885,219.5,0.7499999999999999,565.77,0.0,0.0,565.77,416.09000000000003,United Kingdom
16191,70,8,2615.68,1612,25,168,326.96,201.5,1.2121212121212122,596.4,0.0,2019.28,-1422.88,2564.84,United Kingdom
16193,44,1,314.45,219,19,44,314.45,219.0,0.4054054054054054,314.45,0.0,0.0,314.45,0.0,United Kingdom
16202,168,1,365.27,191,18,168,365.27,191.0,0.15151515151515152,0.0,0.0,365.27,-365.27,0.0,United Kingdom
16203,35,2,318.3,142,18,180,159.15,71.0,0.2857142857142857,147.6,0.0,0.0,147.6,274.6,United Kingdom
16206,16,2,288.75,153,39,135,144.375,76.5,0.36363636363636365,127.45,127.45,161.3,-33.85000000000001,248.31,United Kingdom
16208,97,1,497.59000000000003,243,40,97,497.59000000000003,243.0,0.23622047244094488,0.0,0.0,497.59000000000003,-497.59000000000003,166.67000000000002,United Kingdom
16209,54,1,305.95000000000005,245,10,54,305.95000000000005,245.0,0.35714285714285715,305.95000000000005,0.0,0.0,305.95000000000005,1956.6700000000003,United Kingdom
16210,21,9,10593.21,4174,42,181,1177.0233333333333,463.77777777777777,1.2796208530805688,1716.27,1716.27,6402.2,-4685.93,10493.09,United Kingdom
16212,91,1,498.15000000000003,151,30,91,498.15000000000003,151.0,0.24793388429752067,0.0,0.0,498.15000000000003,-498.15000000000003,192.19,United Kingdom
16214,60,2,749.6700000000001,320,30,77,374.83500000000004,160.0,0.5607476635514018,749.6700000000001,0.0,0.0,749.6700000000001,313.08000000000004,United Kingdom
16216,75,1,914.9300000000001,254,37,75,914.9300000000001,254.0,0.2857142857142857,914.9300000000001,0.0,0.0,914.9300000000001,0.0,United Kingdom
16217,43,2,304.25,91,13,90,152.125,45.5,0.5,121.25000000000001,0.0,183.0,-61.749999999999986,0.0,United Kingdom
16218,14,4,1728.76,1216,42,181,432.19,304.0,0.5687203791469194,1257.46,1041.16,0.0,1257.46,1355.92,United Kingdom
16221,83,2,315.37,267,29,175,157.685,133.5,0.29268292682926833,148.63,0.0,166.74,-18.110000000000014,549.49,United Kingdom
16222,126,1,846.72,365,120,126,846.72,365.0,0.1923076923076923,0.0,0.0,846.72,-846.72,0.0,United Kingdom
16224,48,2,543.21,485,43,57,271.605,242.5,0.6896551724137931,543.21,0.0,0.0,543.21,752.09,United Kingdom
16225,85,2,416.61,200,61,85,208.305,100.0,0.5217391304347826,416.61,0.0,0.0,416.61,679.71,United Kingdom
16226,11,3,255.12,192,6,43,85.04,64.0,1.232876712328767,255.12,124.32000000000001,0.0,255.12,0.0,United Kingdom
16227,33,1,314.22,90,6,33,314.22,90.0,0.47619047619047616,314.22,0.0,0.0,314.22,0.0,United Kingdom
16229,20,1,358.2,92,12,20,358.2,92.0,0.6000000000000001,358.2,358.2,0.0,358.2,652.4,United Kingdom
16230,28,1,275.93,195,19,28,275.93,195.0,0.5172413793103449,275.93,275.93,0.0,275.93,266.1,United Kingdom
16232,23,2,366.47,231,19,23,183.235,115.5,1.1320754716981132,366.47,366.47,0.0,366.47,624.41,United Kingdom
16233,137,2,326.5,90,9,174,163.25,45.0,0.29411764705882354,0.0,0.0,326.5,-326.5,210.18,United Kingdom
16235,103,2,344.46,106,18,140,172.23,53.0,0.3529411764705882,0.0,0.0,344.46,-344.46,522.85,United Kingdom
16241,20,4,833.96,372,131,177,208.49,93.0,0.5797101449275363,395.93,166.66,438.03000000000003,-42.10000000000002,1773.91,United Kingdom
16242,22,2,392.9,174,41,85,196.45,87.0,0.5217391304347826,392.9,181.54,0.0,392.9,3210.31,United Kingdom
16244,19,2,1522.75,855,88,180,761.375,427.5,0.2857142857142857,466.12,466.12,0.0,466.12,0.0,United Kingdom
16245,64,1,453.98,258,30,64,453.98,258.0,0.3191489361702128,453.98,0.0,0.0,453.98,959.68,United Kingdom
16249,9,2,1020.53,487,26,47,510.265,243.5,0.7792207792207793,1020.53,205.7,0.0,1020.53,779.5400000000001,United Kingdom
16250,69,2,389.44,208,22,181,194.72,104.0,0.2843601895734597,163.3,0.0,0.0,163.3,0.0,United Kingdom
16253,63,1,1700.4,1340,53,63,1700.4,1340.0,0.3225806451612903,1700.4,0.0,0.0,1700.4,1983.46,United Kingdom
16255,54,4,1061.67,643,69,173,265.4175,160.75,0.5911330049261084,168.46,0.0,893.21,-724.75,1558.24,United Kingdom
16256,74,1,752.4300000000001,581,13,74,752.4300000000001,581.0,0.28846153846153844,752.4300000000001,0.0,0.0,752.4300000000001,0.0,United Kingdom
16258,27,1,1032.46,372,35,27,1032.46,372.0,0.5263157894736842,1032.46,1032.46,0.0,1032.46,4171.05,United Kingdom
16261,54,1,254.96,139,50,54,254.96,139.0,0.35714285714285715,254.96,0.0,0.0,254.96,491.87,United Kingdom
16265,68,5,2875.14,1319,114,172,575.028,263.8,0.7425742574257426,432.3,0.0,2442.84,-2010.5400000000002,2571.86,United Kingdom
16266,8,3,371.84,150,25,14,123.94666666666666,50.0,2.0454545454545454,371.84,371.84,0.0,371.84,490.05,United Kingdom
16270,161,1,1141.24,688,54,161,1141.24,688.0,0.15706806282722513,0.0,0.0,1141.24,-1141.24,0.0,United Kingdom
16271,166,1,133.22,128,16,166,133.22,128.0,0.15306122448979592,0.0,0.0,133.22,-133.22,1296.02,United Kingdom
16274,181,1,357.95,155,64,181,357.95,155.0,0.14218009478672985,0.0,0.0,0.0,0.0,0.0,United Kingdom
16275,4,1,559.87,336,33,4,559.87,336.0,0.8823529411764706,559.87,559.87,0.0,559.87,0.0,United Kingdom
16282,147,1,168.3,114,11,147,168.3,114.0,0.1694915254237288,0.0,0.0,168.3,-168.3,0.0,United Kingdom
16283,16,1,277.81,160,36,16,277.81,160.0,0.6521739130434783,277.81,277.81,0.0,277.81,1293.0,United Kingdom
16293,15,4,1129.74,513,58,175,282.435,128.25,0.5853658536585367,750.99,433.43,378.75,372.24,1119.25,United Kingdom
16297,76,1,301.9,206,20,76,301.9,206.0,0.2830188679245283,301.9,0.0,0.0,301.9,0.0,United Kingdom
16303,141,1,827.1800000000001,418,35,141,827.1800000000001,418.0,0.17543859649122806,0.0,0.0,827.1800000000001,-827.1800000000001,4533.45,United Kingdom
16306,21,6,632.27,487,36,175,105.37833333333333,81.16666666666667,0.8780487804878049,37.8,37.8,594.47,-556.6700000000001,0.0,United Kingdom
16308,25,2,960.0,3000,1,69,480.0,1500.0,0.6060606060606061,960.0,640.0,0.0,960.0,1600.0,United Kingdom
16309,48,1,334.2,304,21,48,334.2,304.0,0.3846153846153846,334.2,0.0,0.0,334.2,372.37,United Kingdom
16315,138,1,226.37,75,14,138,226.37,75.0,0.17857142857142858,0.0,0.0,226.37,-226.37,0.0,United Kingdom
16316,14,5,1829.11,904,87,166,365.822,180.8,0.7653061224489796,1520.89,680.14,308.22,1212.67,1109.8,United Kingdom
16317,105,1,570.76,382,30,105,570.76,382.0,0.2222222222222222,0.0,0.0,570.76,-570.76,770.89,United Kingdom
16319,25,1,404.40000000000003,72,3,25,404.40000000000003,72.0,0.5454545454545454,404.40000000000003,404.40000000000003,0.0,404.40000000000003,0.0,United Kingdom
16320,21,1,852.6800000000001,654,47,21,852.6800000000001,654.0,0.5882352941176471,852.6800000000001,852.6800000000001,0.0,852.6800000000001,185.78,Unspecified
16321,113,3,223.65,63,5,131,74.55,21.0,0.5590062111801243,0.0,0.0,223.65,-223.65,150.0,Australia
16323,4,1,207.50000000000003,50,1,4,207.50000000000003,50.0,0.8823529411764706,207.50000000000003,207.50000000000003,0.0,207.50000000000003,0.0,United Kingdom
16325,53,1,190.82000000000002,62,5,53,190.82000000000002,62.0,0.3614457831325301,190.82000000000002,0.0,0.0,190.82000000000002,403.42,United Kingdom
16326,22,3,535.6800000000001,106,45,142,178.56000000000003,35.333333333333336,0.5232558139534884,109.05,109.05,426.63,-317.58,2575.28,United Kingdom
16327,7,4,2469.64,1618,119,177,617.41,404.5,0.5797101449275363,1311.42,729.07,1158.22,153.20000000000005,1374.58,United Kingdom
16332,113,1,122.3,40,10,113,122.3,40.0,0.2097902097902098,0.0,0.0,122.3,-122.3,1470.9,United Kingdom
16333,0,16,13087.2,22092,8,117,817.95,1380.75,3.265306122448979,10578.720000000001,1332.4,2508.48,8070.240000000002,13539.6,United Kingdom
16339,92,1,109.95,23,17,92,109.95,23.0,0.24590163934426232,0.0,0.0,109.95,-109.95,0.0,United Kingdom
16341,9,1,797.65,534,29,9,797.65,534.0,0.7692307692307692,797.65,797.65,0.0,797.65,1174.22,United Kingdom
16348,48,2,455.7,228,73,48,227.85,114.0,0.7692307692307692,455.7,0.0,0.0,455.7,1013.75,United Kingdom
16349,98,1,53.5,9,9,98,53.5,9.0,0.234375,0.0,0.0,53.5,-53.5,0.0,United Kingdom
16350,141,1,376.7,196,22,141,376.7,196.0,0.17543859649122806,0.0,0.0,376.7,-376.7,739.77,United Kingdom
16351,140,1,153.9,90,8,140,153.9,90.0,0.1764705882352941,0.0,0.0,153.9,-153.9,0.0,United Kingdom
16353,25,11,2155.28,794,28,177,195.93454545454549,72.18181818181819,1.5942028985507246,860.08,684.36,1295.2,-435.12,4520.43,United Kingdom
16356,5,3,211.77,93,20,85,70.59,31.0,0.7826086956521738,211.77,107.67,0.0,211.77,0.0,United Kingdom
16357,21,1,137.9,22,7,21,137.9,22.0,0.5882352941176471,137.9,137.9,0.0,137.9,520.98,United Kingdom
16359,22,5,1016.26,657,32,139,203.252,131.4,0.8875739644970414,714.61,160.65,301.65,412.96000000000004,734.66,United Kingdom
16365,61,3,489.35999999999996,239,9,175,163.11999999999998,79.66666666666667,0.43902439024390244,120.9,0.0,368.46,-247.55999999999997,1051.06,United Kingdom
16367,170,1,170.91,91,33,170,170.91,91.0,0.15,0.0,0.0,170.91,-170.91,633.58,United Kingdom
16369,4,1,354.45,199,15,4,354.45,199.0,0.8823529411764706,354.45,354.45,0.0,354.45,1199.21,United Kingdom
16370,33,1,275.54,169,61,33,275.54,169.0,0.47619047619047616,275.54,0.0,0.0,275.54,1045.02,United Kingdom
16374,70,1,156.3,52,26,70,156.3,52.0,0.3,156.3,0.0,0.0,156.3,316.73,United Kingdom
16377,75,1,676.2,1500,5,75,676.2,1500.0,0.2857142857142857,676.2,0.0,0.0,676.2,0.0,United Kingdom
16378,55,3,362.95,267,22,118,120.98333333333333,89.0,0.6081081081081081,75.9,0.0,287.05,-211.15,0.0,United Kingdom
16383,76,1,309.46,298,48,76,309.46,298.0,0.2830188679245283,309.46,0.0,0.0,309.46,358.9,United Kingdom
16384,71,1,409.1,200,24,71,409.1,200.0,0.297029702970297,409.1,0.0,0.0,409.1,175.4,United Kingdom
16385,174,1,148.23000000000002,70,19,174,148.23000000000002,70.0,0.14705882352941177,0.0,0.0,148.23000000000002,-148.23000000000002,407.66,United Kingdom
16386,61,1,61.10000000000001,26,4,61,61.10000000000001,26.0,0.32967032967032966,61.10000000000001,0.0,0.0,61.10000000000001,256.1,United Kingdom
16387,130,1,94.36,44,4,130,94.36,44.0,0.1875,0.0,0.0,94.36,-94.36,0.0,United Kingdom
16389,13,2,670.1700000000001,307,16,91,335.08500000000004,153.5,0.49586776859504134,550.52,550.52,119.65,430.87,711.9,United Kingdom
16392,77,1,221.19,203,41,77,221.19,203.0,0.2803738317757009,221.19,0.0,0.0,221.19,0.0,United Kingdom
16393,23,5,839.22,459,62,177,167.844,91.8,0.7246376811594203,333.62,205.37,505.6,-171.98000000000002,2206.99,United Kingdom
16394,56,2,619.3,768,47,97,309.65,384.0,0.47244094488188976,306.89,0.0,312.41,-5.520000000000039,936.04,United Kingdom
16395,131,2,450.56,378,56,138,225.28,189.0,0.35714285714285715,0.0,0.0,450.56,-450.56,1036.34,United Kingdom
16398,61,1,1169.95,503,63,61,1169.95,503.0,0.32967032967032966,1169.95,0.0,0.0,1169.95,535.85,United Kingdom
16399,43,1,178.41,159,31,43,178.41,159.0,0.410958904109589,178.41,0.0,0.0,178.41,230.16,United Kingdom
16401,18,5,1661.89,1593,35,135,332.37800000000004,318.6,0.9090909090909091,996.0899999999999,212.39999999999998,665.8000000000001,330.28999999999985,2436.43,United Kingdom
16402,72,2,299.6,149,55,177,149.8,74.5,0.2898550724637681,87.8,0.0,211.8,-124.00000000000001,0.0,United Kingdom
16403,120,1,177.5,114,10,120,177.5,114.0,0.2,0.0,0.0,177.5,-177.5,0.0,United Kingdom
16405,110,2,167.25,187,3,118,83.625,93.5,0.4054054054054054,0.0,0.0,167.25,-167.25,0.0,United Kingdom
16407,2,5,794.74,387,44,120,158.948,77.4,1.0,254.4,194.4,540.34,-285.94000000000005,1332.19,United Kingdom
16409,50,2,803.5600000000001,535,99,125,401.78000000000003,267.5,0.3870967741935484,532.0,0.0,271.56,260.44,1225.32,United Kingdom
16411,177,1,131.5,70,19,177,131.5,70.0,0.14492753623188406,0.0,0.0,131.5,-131.5,83.15,United Kingdom
16414,88,1,50.8,16,3,88,50.8,16.0,0.2542372881355932,50.8,0.0,0.0,50.8,75.45,United Kingdom
16418,34,1,145.91,87,18,34,145.91,87.0,0.46875,145.91,0.0,0.0,145.91,529.36,United Kingdom
16419,83,2,516.93,205,22,119,258.465,102.5,0.40268456375838924,264.27,0.0,252.66,11.609999999999985,455.3,United Kingdom
16422,8,26,17583.36,18048,50,177,676.2830769230769,694.1538461538462,3.7681159420289854,10802.05,4093.08,6781.31,4020.739999999999,17101.04,United Kingdom
16425,110,1,302.7,199,21,110,302.7,199.0,0.2142857142857143,0.0,0.0,302.7,-302.7,0.0,United Kingdom
16426,84,1,328.37,157,11,84,328.37,157.0,0.2631578947368421,328.37,0.0,0.0,328.37,1579.88,United Kingdom
16427,71,2,241.06,156,8,92,120.53,78.0,0.49180327868852464,131.26,0.0,109.8,21.459999999999994,0.0,United Kingdom
16431,21,3,642.81,453,51,105,214.26999999999998,151.0,0.6666666666666666,298.88,298.88,343.93,-45.05000000000001,0.0,United Kingdom
16434,0,3,724.22,391,36,107,241.40666666666667,130.33333333333334,0.6569343065693432,323.22,201.27,401.0,-77.77999999999997,798.03,United Kingdom
16440,22,1,272.46,115,35,22,272.46,115.0,0.5769230769230769,272.46,272.46,0.0,272.46,3368.21,United Kingdom
16441,99,1,211.0,110,12,99,211.0,110.0,0.23255813953488372,0.0,0.0,211.0,-211.0,170.2,United Kingdom
16442,35,2,437.03,354,99,168,218.515,177.0,0.30303030303030304,285.37,0.0,151.66,133.71,179.76,United Kingdom
16444,2,2,240.08,134,37,72,120.04,67.0,0.5882352941176471,240.08,121.0,0.0,240.08,414.59,United Kingdom
16446,13,1,2.9,2,2,13,2.9,2.0,0.6976744186046512,2.9,2.9,0.0,2.9,168469.6,United Kingdom
16448,6,1,188.89000000000001,78,19,6,188.89000000000001,78.0,0.8333333333333334,188.89000000000001,188.89000000000001,0.0,188.89000000000001,0.0,United Kingdom
16449,5,2,707.69,367,40,88,353.845,183.5,0.5084745762711864,707.69,291.0,0.0,707.69,0.0,United Kingdom
16455,12,5,1133.78,612,44,179,226.756,122.4,0.7177033492822966,601.8,188.1,531.98,69.81999999999994,707.4,United Kingdom
16456,35,3,1576.6100000000001,857,66,181,525.5366666666667,285.6666666666667,0.4265402843601896,339.93,0.0,449.28000000000003,-109.35000000000002,581.76,United Kingdom
16457,26,1,208.36,140,9,26,208.36,140.0,0.5357142857142857,208.36,208.36,0.0,208.36,0.0,United Kingdom
16458,25,6,1139.4,678,31,168,189.9,113.0,0.9090909090909092,572.0,216.3,567.4,4.600000000000023,2343.34,United Kingdom
16462,91,1,34.0,4,1,91,34.0,4.0,0.24793388429752067,0.0,0.0,34.0,-34.0,102.0,United Kingdom
16463,12,1,319.37,179,19,12,319.37,179.0,0.7142857142857143,319.37,319.37,0.0,319.37,1103.03,United Kingdom
16466,16,2,324.07000000000005,167,29,100,162.03500000000003,83.5,0.46153846153846145,212.4,212.4,111.67000000000002,100.72999999999999,1279.39,United Kingdom
16469,54,2,276.88,114,52,54,138.44,57.0,0.7142857142857143,276.88,0.0,0.0,276.88,373.55,United Kingdom
16470,0,2,345.66,170,55,166,172.83,85.0,0.30612244897959184,129.32,129.32,216.34,-87.02000000000001,416.73,United Kingdom
16471,82,1,223.95000000000002,141,13,82,223.95000000000002,141.0,0.26785714285714285,223.95000000000002,0.0,0.0,223.95000000000002,0.0,United Kingdom
16473,95,2,217.81,146,13,144,108.905,73.0,0.3448275862068966,0.0,0.0,217.81,-217.81,98.3,United Kingdom
16475,81,1,310.0,192,20,81,310.0,192.0,0.27027027027027023,310.0,0.0,0.0,310.0,234.3,United Kingdom
16477,22,5,1552.51,870,84,179,310.502,174.0,0.7177033492822966,590.8,376.3,961.71,-370.9100000000001,941.95,United Kingdom
16483,0,1,139.35,44,19,0,139.35,44.0,1.0,139.35,139.35,0.0,139.35,0.0,United Kingdom
16493,93,2,367.8,244,11,137,183.9,122.0,0.3592814371257485,0.0,0.0,367.8,-367.8,983.83,United Kingdom
16494,104,1,826.53,675,47,104,826.53,675.0,0.22388059701492538,0.0,0.0,826.53,-826.53,0.0,United Kingdom
16495,84,2,246.51,166,32,84,123.255,83.0,0.5263157894736842,246.51,0.0,0.0,246.51,437.9,United Kingdom
16496,15,2,1185.04,784,71,124,592.52,392.0,0.3896103896103896,448.34000000000003,448.34000000000003,736.7,-288.36,414.48,United Kingdom
16497,11,5,1550.7,789,82,141,310.14,157.8,0.8771929824561403,1038.32,863.02,512.38,525.9399999999999,1414.99,United Kingdom
16499,168,2,365.45,127,18,172,182.725,63.5,0.297029702970297,0.0,0.0,365.45,-365.45,0.0,United Kingdom
16500,138,1,165.0,1,1,138,165.0,1.0,0.17857142857142858,0.0,0.0,165.0,-165.0,235.86,United Kingdom
16503,22,3,1093.39,445,61,168,364.46333333333337,148.33333333333334,0.4545454545454546,251.6,251.6,841.79,-590.1899999999999,338.54,United Kingdom
16509,104,1,363.70000000000005,64,13,104,363.70000000000005,64.0,0.22388059701492538,0.0,0.0,363.70000000000005,-363.70000000000005,0.0,United Kingdom
16510,180,1,248.1,92,13,180,248.1,92.0,0.14285714285714285,0.0,0.0,0.0,0.0,0.0,United Kingdom
16511,74,1,340.75,124,54,74,340.75,124.0,0.28846153846153844,340.75,0.0,0.0,340.75,609.51,United Kingdom
16515,54,2,622.33,310,48,119,311.165,155.0,0.40268456375838924,301.82,0.0,320.51,-18.689999999999998,1004.8,United Kingdom
16517,85,1,162.70000000000002,96,17,85,162.70000000000002,96.0,0.2608695652173913,162.70000000000002,0.0,0.0,162.70000000000002,0.0,United Kingdom
16518,92,1,190.7,124,11,92,190.7,124.0,0.24590163934426232,0.0,0.0,190.7,-190.7,293.62,United Kingdom
16519,173,1,103.7,24,5,173,103.7,24.0,0.1477832512315271,0.0,0.0,103.7,-103.7,111.38,United Kingdom
16520,47,2,622.92,356,99,173,311.46,178.0,0.2955665024630542,297.16,0.0,325.76,-28.599999999999966,423.65000000000003,United Kingdom
16523,7,8,2835.6,1253,71,123,354.45,156.625,1.5686274509803924,2091.7,1016.3000000000001,743.9,1347.7999999999997,6582.87,United Kingdom
16525,4,14,7088.29,3819,60,174,506.30642857142857,272.7857142857143,2.058823529411765,4024.1600000000003,2077.42,3064.13,960.0300000000002,5939.16,United Kingdom
16531,102,3,484.83,353,29,168,161.60999999999999,117.66666666666667,0.4545454545454546,0.0,0.0,484.83,-484.83,759.76,United Kingdom
16532,146,1,1910.4,480,1,146,1910.4,480.0,0.17045454545454547,0.0,0.0,1910.4,-1910.4,4838.4,United Kingdom
16539,27,3,1053.61,421,34,181,351.2033333333333,140.33333333333334,0.4265402843601896,306.36,306.36,304.9,1.4600000000000364,335.2,United Kingdom
16546,98,2,787.15,549,25,180,393.575,274.5,0.2857142857142857,0.0,0.0,487.75,-487.75,0.0,United Kingdom
16549,142,1,119.49000000000001,56,33,142,119.49000000000001,56.0,0.1744186046511628,0.0,0.0,119.49000000000001,-119.49000000000001,4035.15,United Kingdom
16550,43,2,1038.91,619,97,176,519.455,309.5,0.29126213592233013,484.25,0.0,554.66,-70.40999999999997,1260.06,United Kingdom
16551,144,1,311.07,281,11,144,311.07,281.0,0.1724137931034483,0.0,0.0,311.07,-311.07,611.05,United Kingdom
16552,50,2,379.73,219,17,181,189.865,109.5,0.2843601895734597,284.44,0.0,0.0,284.44,0.0,United Kingdom
16553,13,9,4731.18,3944,58,168,525.6866666666667,438.22222222222223,1.3636363636363638,2785.74,809.26,1945.44,840.2999999999997,988.64,United Kingdom
16554,30,2,314.11,129,21,139,157.055,64.5,0.35502958579881655,313.26,0.0,0.85,312.40999999999997,522.99,United Kingdom
16556,9,4,1638.82,926,80,168,409.705,231.5,0.6060606060606061,687.83,369.76,950.99,-263.15999999999997,1674.97,United Kingdom
16558,0,10,3450.58,2195,134,174,345.058,219.5,1.4705882352941178,2004.72,613.54,1445.8600000000001,558.8599999999999,4887.91,United Kingdom
16560,166,1,332.18,169,20,166,332.18,169.0,0.15306122448979592,0.0,0.0,332.18,-332.18,509.23,United Kingdom
16565,172,1,173.7,46,3,172,173.7,46.0,0.1485148514851485,0.0,0.0,173.7,-173.7,0.0,United Kingdom
16566,0,2,280.12,128,6,100,140.06,64.0,0.46153846153846145,185.22000000000003,185.22000000000003,94.89999999999999,90.32000000000004,334.54,United Kingdom
16567,2,2,865.6,996,34,144,432.8,498.0,0.3448275862068966,308.03999999999996,308.03999999999996,557.56,-249.51999999999998,0.0,United Kingdom
16570,13,3,1473.23,887,44,119,491.07666666666665,295.6666666666667,0.6040268456375839,1023.17,569.09,450.06,573.1099999999999,2265.17,United Kingdom
16571,89,1,436.68,378,29,89,436.68,378.0,0.25210084033613445,436.68,0.0,0.0,436.68,985.01,United Kingdom
16572,83,1,342.58,202,21,83,342.58,202.0,0.26548672566371684,342.58,0.0,0.0,342.58,667.02,United Kingdom
16573,98,1,292.63,111,16,98,292.63,111.0,0.234375,0.0,0.0,292.63,-292.63,370.98,United Kingdom
16583,181,1,233.45,111,14,181,233.45,111.0,0.14218009478672985,0.0,0.0,0.0,0.0,0.0,United Kingdom
16584,62,1,611.94,488,14,62,611.94,488.0,0.32608695652173914,611.94,0.0,0.0,611.94,324.14,United Kingdom
16586,56,1,463.95,95,8,56,463.95,95.0,0.3488372093023256,463.95,0.0,0.0,463.95,0.0,United Kingdom
16587,40,1,225.15,71,13,40,225.15,71.0,0.4285714285714286,225.15,0.0,0.0,225.15,0.0,United Kingdom
16592,9,6,1152.83,915,56,95,192.13833333333332,152.5,1.4400000000000002,697.55,350.08,455.28,242.26999999999998,2960.85,United Kingdom
16593,135,1,69.6,48,1,135,69.6,48.0,0.18181818181818182,0.0,0.0,69.6,-69.6,260.43,United Kingdom
16596,174,1,120.65,47,6,174,120.65,47.0,0.14705882352941177,0.0,0.0,120.65,-120.65,129.5,United Kingdom
16598,93,1,145.05,73,10,93,145.05,73.0,0.24390243902439027,0.0,0.0,145.05,-145.05,0.0,United Kingdom
16600,61,2,237.46,368,18,146,118.73,184.0,0.34090909090909094,111.6,0.0,125.86,-14.260000000000005,576.06,United Kingdom
16607,15,7,1717.06,1020,63,166,245.2942857142857,145.71428571428572,1.0714285714285714,614.28,327.0,1102.78,-488.5,1630.65,United Kingdom
16609,5,3,1987.6200000000001,823,87,60,662.5400000000001,274.3333333333333,1.0,1987.6200000000001,1430.0900000000001,0.0,1987.6200000000001,3505.84,United Kingdom
16610,27,1,75.66,66,6,27,75.66,66.0,0.5263157894736842,75.66,75.66,0.0,75.66,0.0,United Kingdom
16612,119,1,280.05,135,18,119,280.05,135.0,0.20134228187919462,0.0,0.0,280.05,-280.05,907.61,United Kingdom
16617,43,1,151.85,91,5,43,151.85,91.0,0.410958904109589,151.85,0.0,0.0,151.85,0.0,United Kingdom
16618,18,4,1441.29,771,44,130,360.3225,192.75,0.75,713.13,358.47,728.16,-15.029999999999973,1206.3,United Kingdom
16619,71,1,226.21,133,14,71,226.21,133.0,0.297029702970297,226.21,0.0,0.0,226.21,0.0,United Kingdom
16620,68,1,95.75999999999999,48,5,68,95.75999999999999,48.0,0.30612244897959184,95.75999999999999,0.0,0.0,95.75999999999999,83.2,United Kingdom
16621,23,2,490.7,142,14,85,245.35,71.0,0.5217391304347826,490.7,327.85,0.0,490.7,322.78,United Kingdom
16623,53,1,129.45000000000002,39,5,53,129.45000000000002,39.0,0.3614457831325301,129.45000000000002,0.0,0.0,129.45000000000002,0.0,United Kingdom
16624,5,1,426.43,196,21,5,426.43,196.0,0.8571428571428571,426.43,426.43,0.0,426.43,384.14,United Kingdom
16625,82,1,333.08,164,23,82,333.08,164.0,0.26785714285714285,333.08,0.0,0.0,333.08,0.0,United Kingdom
16626,74,1,795.75,359,47,74,795.75,359.0,0.28846153846153844,795.75,0.0,0.0,795.75,3617.35,United Kingdom
16628,26,2,712.91,354,35,42,356.455,177.0,0.8333333333333334,712.91,352.26,0.0,712.91,1475.14,United Kingdom
16633,42,1,447.52000000000004,177,26,42,447.52000000000004,177.0,0.4166666666666667,447.52000000000004,0.0,0.0,447.52000000000004,2435.58,United Kingdom
16634,30,2,217.9,82,9,180,108.95,41.0,0.2857142857142857,53.1,0.0,0.0,53.1,0.0,United Kingdom
16637,33,1,303.62,140,16,33,303.62,140.0,0.47619047619047616,303.62,0.0,0.0,303.62,850.85,United Kingdom
16638,65,6,1211.44,663,60,176,201.90666666666667,110.5,0.8737864077669903,469.55,0.0,741.89,-272.34,469.28,United Kingdom
16639,14,2,471.15000000000003,159,19,43,235.57500000000002,79.5,0.821917808219178,471.15000000000003,162.95000000000002,0.0,471.15000000000003,786.36,United Kingdom
16642,15,1,307.73,131,15,15,307.73,131.0,0.6666666666666666,307.73,307.73,0.0,307.73,380.6,United Kingdom
16643,53,1,487.51,269,27,53,487.51,269.0,0.3614457831325301,487.51,0.0,0.0,487.51,0.0,United Kingdom
16644,20,1,722.41,751,54,20,722.41,751.0,0.6000000000000001,722.41,722.41,0.0,722.41,111.37,United Kingdom
16647,12,1,127.75,65,9,12,127.75,65.0,0.7142857142857143,127.75,127.75,0.0,127.75,86.31,United Kingdom
16652,20,3,3054.62,1434,37,81,1018.2066666666666,478.0,0.8108108108108107,3054.62,1440.96,0.0,3054.62,3719.35,United Kingdom
16654,43,2,501.85,208,23,176,250.925,104.0,0.29126213592233013,274.45,0.0,227.4,47.04999999999998,99.42,United Kingdom
16655,139,1,812.25,373,39,139,812.25,373.0,0.17751479289940827,0.0,0.0,812.25,-812.25,2982.27,United Kingdom
16656,0,6,3557.48,3524,13,172,592.9133333333333,587.3333333333334,0.8910891089108911,2159.16,1093.44,1398.3200000000002,760.8399999999997,5068.32,United Kingdom
16657,62,1,242.55,463,65,62,242.55,463.0,0.32608695652173914,242.55,0.0,0.0,242.55,691.07,United Kingdom
16658,176,1,123.24,40,8,176,123.24,40.0,0.14563106796116507,0.0,0.0,123.24,-123.24,0.0,United Kingdom
16660,18,2,384.36,228,5,127,192.18,114.0,0.38216560509554137,101.76,101.76,282.6,-180.84000000000003,883.29,United Kingdom
16665,170,1,135.4,59,9,170,135.4,59.0,0.15,0.0,0.0,135.4,-135.4,0.0,United Kingdom
16667,92,1,203.35,78,20,92,203.35,78.0,0.24590163934426232,0.0,0.0,203.35,-203.35,366.78,United Kingdom
16668,22,2,122.58,132,8,92,61.29,66.0,0.49180327868852464,71.82000000000001,71.82000000000001,50.76,21.06000000000001,184.14000000000001,United Kingdom
16670,55,5,1948.22,1261,101,166,389.644,252.2,0.7653061224489796,554.38,0.0,1393.8400000000001,-839.4600000000002,2147.68,United Kingdom
16672,12,8,3488.34,1374,22,74,436.0425,171.75,2.3076923076923075,3488.34,1031.6,0.0,3488.34,4646.6,United Kingdom
16676,21,3,1098.5,412,58,145,366.1666666666667,137.33333333333334,0.5142857142857143,633.6800000000001,304.44,464.82,168.86000000000007,493.62,United Kingdom
16678,5,5,1266.65,801,52,90,253.33,160.2,1.25,954.47,524.57,312.18,642.29,1843.34,United Kingdom
16679,174,1,129.75,29,3,174,129.75,29.0,0.14705882352941177,0.0,0.0,129.75,-129.75,0.0,United Kingdom
16681,13,3,875.84,734,13,61,291.94666666666666,244.66666666666666,0.989010989010989,875.84,259.32,0.0,875.84,894.5,United Kingdom
16684,13,13,25075.94,18629,78,166,1928.9184615384615,1433.0,1.989795918367347,15263.960000000001,6426.52,9811.98,5451.980000000001,41577.62,United Kingdom
16686,2,4,1229.57,1029,193,163,307.3925,257.25,0.6217616580310881,523.82,382.14,705.75,-181.92999999999995,1833.26,United Kingdom
16690,9,1,86.5,46,5,9,86.5,46.0,0.7692307692307692,86.5,86.5,0.0,86.5,139.08,United Kingdom
16692,64,2,1276.0,152,2,97,638.0,76.0,0.47244094488188976,1267.5,0.0,8.5,1259.0,0.0,United Kingdom
16693,79,1,157.56,51,21,79,157.56,51.0,0.27522935779816515,157.56,0.0,0.0,157.56,324.45,United Kingdom
16696,11,3,558.9,126,7,56,186.29999999999998,42.0,1.0465116279069768,558.9,523.5,0.0,558.9,99.0,United Kingdom
16697,49,1,112.75,27,20,49,112.75,27.0,0.379746835443038,112.75,0.0,0.0,112.75,0.0,United Kingdom
16698,34,2,1998.0,840,4,61,999.0,420.0,0.6593406593406593,1998.0,0.0,0.0,1998.0,0.0,United Kingdom
16700,9,7,2948.23,2307,125,174,421.17571428571426,329.57142857142856,1.0294117647058825,1669.93,781.47,1278.3,391.6300000000001,2128.32,United Kingdom
16701,13,5,1895.17,1506,40,169,379.034,301.2,0.7537688442211055,672.55,319.25,1222.62,-550.0699999999999,3503.13,United Kingdom
16705,15,8,6608.49,3009,72,166,826.06125,376.125,1.2244897959183674,2987.6600000000003,1579.76,3620.83,-633.1699999999996,7426.5,United Kingdom
16709,7,4,1984.5900000000001,521,42,89,496.14750000000004,130.25,1.0084033613445378,1984.5900000000001,714.16,0.0,1984.5900000000001,1045.28,United Kingdom
16710,15,6,1637.64,1099,211,176,272.94,183.16666666666666,0.8737864077669903,1112.67,748.06,524.97,587.7,845.4,United Kingdom
16711,110,2,598.8,104,3,165,299.4,52.0,0.3076923076923077,0.0,0.0,598.8,-598.8,1052.23,United Kingdom
16712,20,4,1204.37,548,119,84,301.0925,137.0,1.0526315789473684,1204.37,482.59,0.0,1204.37,2441.06,United Kingdom
16713,43,8,2611.63,1114,156,174,326.45375,139.25,1.1764705882352942,995.51,0.0,1616.1200000000001,-620.6100000000001,4311.5,United Kingdom
16714,26,3,1161.53,610,77,125,387.1766666666667,203.33333333333334,0.5806451612903225,15.0,15.0,1146.53,-1131.53,0.0,United Kingdom
16716,74,2,901.2,120,1,119,450.6,60.0,0.40268456375838924,166.8,0.0,734.4000000000001,-567.6000000000001,0.0,United Kingdom
16717,174,1,307.25,75,15,174,307.25,75.0,0.14705882352941177,0.0,0.0,307.25,-307.25,3551.13,United Kingdom
16718,177,1,623.75,413,41,177,623.75,413.0,0.14492753623188406,0.0,0.0,623.75,-623.75,0.0,United Kingdom
16719,43,4,978.23,552,76,176,244.5575,138.0,0.5825242718446603,225.72,0.0,752.51,-526.79,812.1899999999999,United Kingdom
16721,70,1,292.47,172,37,70,292.47,172.0,0.3,292.47,0.0,0.0,292.47,0.0,United Kingdom
16722,8,5,1963.26,1603,59,176,392.652,320.6,0.7281553398058253,849.38,397.78,1113.88,-264.5000000000001,2767.55,United Kingdom
16725,110,7,781.02,294,110,179,111.57428571428571,42.0,1.0047846889952152,0.0,0.0,781.02,-781.02,0.0,United Kingdom
16726,4,4,795.19,541,71,169,198.7975,135.25,0.6030150753768844,191.4,191.4,603.79,-412.39,586.83,United Kingdom
16727,172,1,272.82,177,41,172,272.82,177.0,0.1485148514851485,0.0,0.0,272.82,-272.82,0.0,United Kingdom
16728,44,2,326.93,210,82,72,163.465,105.0,0.5882352941176471,326.93,0.0,0.0,326.93,727.74,United Kingdom
16729,8,9,2834.13,2118,114,49,314.90333333333336,235.33333333333334,3.4177215189873418,2834.13,1444.17,0.0,2834.13,4405.79,United Kingdom
16730,42,2,480.94,750,35,127,240.47,375.0,0.38216560509554137,293.92,0.0,187.01999999999998,106.90000000000003,262.17,United Kingdom
16735,47,2,1097.92,689,47,142,548.96,344.5,0.3488372093023256,437.56,0.0,660.36,-222.8,1202.64,United Kingdom
16738,105,1,3.75,3,1,105,3.75,3.0,0.2222222222222222,0.0,0.0,3.75,-3.75,0.0,United Kingdom
16743,19,3,1061.75,863,54,166,353.9166666666667,287.6666666666667,0.45918367346938777,631.47,270.69,430.28000000000003,201.19,1176.34,United Kingdom
16745,19,9,3588.03,3873,117,119,398.67,430.3333333333333,1.8120805369127517,2353.61,1029.51,1234.42,1119.19,3606.27,United Kingdom
16746,2,8,2889.18,1560,139,166,361.1475,195.0,1.2244897959183674,1626.29,803.6,1262.89,363.39999999999986,3808.48,United Kingdom
16748,25,3,910.2,492,27,142,303.40000000000003,164.0,0.5232558139534884,300.4,300.4,609.8,-309.4,605.7,United Kingdom
16750,40,1,118.7,18,10,40,118.7,18.0,0.4285714285714286,118.7,0.0,0.0,118.7,505.23,United Kingdom
16752,180,1,207.5,54,9,180,207.5,54.0,0.14285714285714285,0.0,0.0,0.0,0.0,0.0,United Kingdom
16754,180,1,2002.4,4280,2,180,2002.4,4280.0,0.14285714285714285,0.0,0.0,0.0,0.0,0.0,United Kingdom
16755,34,2,908.47,684,80,123,454.235,342.0,0.3921568627450981,592.41,0.0,316.06,276.34999999999997,588.36,United Kingdom
16756,22,1,239.4,106,13,22,239.4,106.0,0.5769230769230769,239.4,239.4,0.0,239.4,0.0,United Kingdom
16757,126,1,106.83000000000001,81,7,126,106.83000000000001,81.0,0.1923076923076923,0.0,0.0,106.83000000000001,-106.83000000000001,0.0,United Kingdom
16763,6,1,611.8499999999999,319,23,6,611.8499999999999,319.0,0.8333333333333334,611.8499999999999,611.8499999999999,0.0,611.8499999999999,0.0,United Kingdom
16765,102,1,34.0,4,1,102,34.0,4.0,0.22727272727272727,0.0,0.0,34.0,-34.0,0.0,United Kingdom
16766,81,2,1145.6,536,17,81,572.8,268.0,0.5405405405405405,1145.6,0.0,0.0,1145.6,0.0,United Kingdom
16767,27,3,2649.06,1988,82,124,883.02,662.6666666666666,0.5844155844155844,783.04,418.2,1866.02,-1082.98,2931.54,United Kingdom
16768,79,1,183.25,47,23,79,183.25,47.0,0.27522935779816515,183.25,0.0,0.0,183.25,294.84000000000003,United Kingdom
16769,68,1,380.39,83,33,68,380.39,83.0,0.30612244897959184,380.39,0.0,0.0,380.39,0.0,United Kingdom
16770,44,4,656.48,371,82,180,164.12,92.75,0.5714285714285714,124.98,0.0,400.7,-275.71999999999997,113.62,United Kingdom
16771,83,3,1655.95,1052,154,146,551.9833333333333,350.6666666666667,0.5113636363636364,704.33,0.0,951.62,-247.28999999999996,590.86,United Kingdom
16775,13,4,691.8,146,41,175,172.95,36.5,0.5853658536585367,114.7,114.7,577.1,-462.40000000000003,1003.86,United Kingdom
16777,65,1,177.25,50,35,65,177.25,50.0,0.31578947368421056,177.25,0.0,0.0,177.25,49.1,United Kingdom
16778,82,1,93.18,66,5,82,93.18,66.0,0.26785714285714285,93.18,0.0,0.0,93.18,152.76,United Kingdom
16779,27,10,3780.76,2089,102,174,378.076,208.9,1.4705882352941178,1714.61,500.09,2066.15,-351.5400000000002,6848.96,United Kingdom
16780,67,1,161.89,99,15,67,161.89,99.0,0.30927835051546393,161.89,0.0,0.0,161.89,263.3,United Kingdom
16781,180,1,311.25,113,17,180,311.25,113.0,0.14285714285714285,0.0,0.0,0.0,0.0,0.0,United Kingdom
16782,12,7,1348.3,411,87,173,192.6142857142857,58.714285714285715,1.0344827586206897,430.71000000000004,129.95000000000002,917.59,-486.88,931.6,United Kingdom
16788,62,1,297.17,187,61,62,297.17,187.0,0.32608695652173914,297.17,0.0,0.0,297.17,300.31,United Kingdom
16791,21,4,576.15,268,85,140,144.0375,67.0,0.7058823529411764,320.77,168.87,255.38,65.38999999999999,1145.63,United Kingdom
16792,90,2,110.38,44,11,90,55.19,22.0,0.5,0.0,0.0,110.38,-110.38,0.0,United Kingdom
16795,173,1,414.88,239,64,173,414.88,239.0,0.1477832512315271,0.0,0.0,414.88,-414.88,0.0,United Kingdom
16801,0,3,1478.88,484,70,81,492.96000000000004,161.33333333333334,0.8108108108108107,1478.88,726.98,0.0,1478.88,140.85,United Kingdom
16804,78,1,118.05,34,19,78,118.05,34.0,0.2777777777777778,118.05,0.0,0.0,118.05,418.94,United Kingdom
16805,168,1,214.76999999999998,270,55,168,214.76999999999998,270.0,0.15151515151515152,0.0,0.0,214.76999999999998,-214.76999999999998,245.82,United Kingdom
16806,28,2,414.37,199,28,47,207.185,99.5,0.7792207792207793,414.37,173.07999999999998,0.0,414.37,387.12,United Kingdom
16807,23,2,651.83,479,37,78,325.915,239.5,0.5555555555555556,651.83,280.6,0.0,651.83,469.76,United Kingdom
16808,82,1,166.5,116,19,82,166.5,116.0,0.26785714285714285,166.5,0.0,0.0,166.5,121.92,United Kingdom
16809,16,2,343.08,276,55,70,171.54,138.0,0.6,343.08,128.8,0.0,343.08,571.61,United Kingdom
16810,0,1,309.54,114,15,0,309.54,114.0,1.0,309.54,309.54,0.0,309.54,0.0,United Kingdom
16812,168,1,479.35,81,15,168,479.35,81.0,0.15151515151515152,0.0,0.0,479.35,-479.35,0.0,United Kingdom
16813,12,1,206.25,151,87,12,206.25,151.0,0.7142857142857143,206.25,206.25,0.0,206.25,1486.73,United Kingdom
16814,0,12,4172.86,1645,95,177,347.7383333333333,137.08333333333334,1.7391304347826086,2052.75,1020.8199999999999,2120.11,-67.36000000000013,2336.24,United Kingdom
16816,121,2,325.45,191,20,166,162.725,95.5,0.30612244897959184,0.0,0.0,325.45,-325.45,91.61,United Kingdom
16817,26,6,949.25,451,41,176,158.20833333333334,75.16666666666667,0.8737864077669903,581.95,217.8,367.3,214.65000000000003,655.5,United Kingdom
16818,9,2,726.24,398,45,13,363.12,199.0,1.3953488372093024,726.24,726.24,0.0,726.24,2623.33,United Kingdom
16823,35,1,358.38,136,34,35,358.38,136.0,0.46153846153846145,358.38,0.0,0.0,358.38,0.0,United Kingdom
16832,11,2,136.65,28,11,25,68.325,14.0,1.0909090909090908,136.65,136.65,0.0,136.65,62.5,United Kingdom
16833,67,3,671.2900000000001,306,32,142,223.76333333333335,102.0,0.5232558139534884,361.81,0.0,309.48,52.329999999999984,435.24,United Kingdom
16834,35,1,413.46,358,24,35,413.46,358.0,0.46153846153846145,413.46,0.0,0.0,413.46,0.0,United Kingdom
16835,181,1,81.75,19,5,181,81.75,19.0,0.14218009478672985,0.0,0.0,0.0,0.0,99.1,United Kingdom
16837,5,8,1814.74,707,76,53,226.8425,88.375,2.891566265060241,1814.74,1451.8,0.0,1814.74,1356.24,United Kingdom
16838,5,2,588.85,185,24,96,294.425,92.5,0.47619047619047616,196.73000000000002,196.73000000000002,392.12,-195.39,0.0,United Kingdom
16839,4,13,6641.1900000000005,3555,70,177,510.8607692307693,273.46153846153845,1.8840579710144927,3342.54,1716.5700000000002,3298.65,43.88999999999987,9953.16,United Kingdom
16841,21,2,636.5,462,40,95,318.25,231.0,0.4800000000000001,319.12,319.12,317.38,1.740000000000009,1233.32,United Kingdom
16842,110,1,520.5699999999999,370,30,110,520.5699999999999,370.0,0.2142857142857143,0.0,0.0,520.5699999999999,-520.5699999999999,743.62,United Kingdom
16843,5,6,3841.9,2138,81,135,640.3166666666667,356.3333333333333,1.0909090909090908,1842.44,1447.88,1999.46,-157.01999999999998,6354.67,United Kingdom
16850,141,1,332.41,249,19,141,332.41,249.0,0.17543859649122806,0.0,0.0,332.41,-332.41,0.0,United Kingdom
16858,176,1,375.69000000000005,91,9,176,375.69000000000005,91.0,0.14563106796116507,0.0,0.0,375.69000000000005,-375.69000000000005,0.0,United Kingdom
16859,69,1,259.84,376,18,69,259.84,376.0,0.30303030303030304,259.84,0.0,0.0,259.84,487.97,United Kingdom
16863,174,1,164.25,105,9,174,164.25,105.0,0.14705882352941177,0.0,0.0,164.25,-164.25,338.55,United Kingdom
16871,18,4,2037.82,861,104,78,509.455,215.25,1.1111111111111112,2037.82,1110.51,0.0,2037.82,774.52,United Kingdom
16873,5,3,3233.45,1599,90,172,1077.8166666666666,533.0,0.44554455445544555,1075.81,546.88,2157.64,-1081.83,3890.17,United Kingdom
16875,104,3,805.09,391,41,147,268.36333333333334,130.33333333333334,0.5084745762711864,0.0,0.0,805.09,-805.09,1290.44,United Kingdom
16877,16,1,77.75,35,25,16,77.75,35.0,0.6521739130434783,77.75,77.75,0.0,77.75,775.97,United Kingdom
16882,47,2,215.70000000000002,102,15,125,107.85000000000001,51.0,0.3870967741935484,205.8,0.0,9.9,195.9,489.42,United Kingdom
16883,179,1,128.03,54,17,179,128.03,54.0,0.14354066985645933,0.0,0.0,128.03,-128.03,148.7,United Kingdom
16885,165,1,190.65,37,27,165,190.65,37.0,0.15384615384615385,0.0,0.0,190.65,-190.65,280.86,United Kingdom
16889,2,3,1578.67,925,112,144,526.2233333333334,308.3333333333333,0.5172413793103449,1055.62,350.06,523.05,532.5699999999999,0.0,United Kingdom
16891,179,1,232.26,92,63,179,232.26,92.0,0.14354066985645933,0.0,0.0,232.26,-232.26,577.44,United Kingdom
16893,174,1,145.93,62,44,174,145.93,62.0,0.14705882352941177,0.0,0.0,145.93,-145.93,0.0,United Kingdom
16897,107,2,289.78,73,37,121,144.89,36.5,0.3973509933774835,0.0,0.0,289.78,-289.78,0.0,United Kingdom
16898,176,1,116.08,98,29,176,116.08,98.0,0.14563106796116507,0.0,0.0,116.08,-116.08,392.73,United Kingdom
16899,15,2,347.55,139,37,168,173.775,69.5,0.30303030303030304,177.0,177.0,170.55,6.449999999999989,934.01,United Kingdom
16904,33,6,1288.17,587,190,175,214.69500000000002,97.83333333333333,0.8780487804878049,655.76,0.0,632.41,23.350000000000023,2466.1,United Kingdom
16905,44,3,853.9300000000001,267,44,179,284.6433333333334,89.0,0.43062200956937796,599.53,0.0,254.4,345.13,2248.5,United Kingdom
16906,13,2,213.64000000000001,66,29,56,106.82000000000001,33.0,0.6976744186046512,213.64000000000001,99.0,0.0,213.64000000000001,366.13,United Kingdom
16907,42,3,584.0,179,68,173,194.66666666666666,59.666666666666664,0.4433497536945813,151.3,0.0,432.7,-281.4,397.65,United Kingdom
16912,15,5,1165.66,477,42,131,233.132,95.4,0.9316770186335405,408.02,408.02,757.64,-349.62,1409.72,United Kingdom
16913,98,1,113.44,82,8,98,113.44,82.0,0.234375,0.0,0.0,113.44,-113.44,0.0,United Kingdom
16915,56,2,166.79,47,26,91,83.395,23.5,0.49586776859504134,112.49,0.0,54.300000000000004,58.18999999999999,454.89000000000004,United Kingdom
16916,180,1,198.08,103,48,180,198.08,103.0,0.14285714285714285,0.0,0.0,0.0,0.0,378.18,United Kingdom
16917,84,1,391.52,232,9,84,391.52,232.0,0.2631578947368421,391.52,0.0,0.0,391.52,0.0,United Kingdom
16918,125,1,275.78,173,31,125,275.78,173.0,0.1935483870967742,0.0,0.0,275.78,-275.78,793.04,United Kingdom
16919,0,9,2055.35,961,122,176,228.3722222222222,106.77777777777777,1.3106796116504855,1515.34,580.29,540.01,975.3299999999999,541.1,United Kingdom
16923,7,9,3160.52,1412,159,170,351.1688888888889,156.88888888888889,1.3499999999999999,1934.21,566.72,1226.31,707.9000000000001,4087.09,United Kingdom
16926,179,1,230.25,35,14,179,230.25,35.0,0.14354066985645933,0.0,0.0,230.25,-230.25,0.0,United Kingdom
16927,84,2,341.45,513,5,169,170.725,256.5,0.3015075376884422,123.35,0.0,218.1,-94.75,201.6,United Kingdom
16928,23,6,950.11,657,55,181,158.35166666666666,109.5,0.8530805687203792,620.11,105.55,213.75,406.36,1897.49,United Kingdom
16931,2,9,1903.11,1221,256,177,211.45666666666665,135.66666666666666,1.3043478260869565,1020.92,392.19,882.19,138.7299999999999,2701.11,United Kingdom
16933,47,1,224.73,127,19,47,224.73,127.0,0.38961038961038963,224.73,0.0,0.0,224.73,338.5,United Kingdom
16938,116,1,267.6,120,14,116,267.6,120.0,0.2054794520547945,0.0,0.0,267.6,-267.6,2468.78,United Kingdom
16940,97,1,757.68,549,82,97,757.68,549.0,0.23622047244094488,0.0,0.0,757.68,-757.68,2292.2,United Kingdom
16942,27,3,577.96,243,54,35,192.65333333333334,81.0,1.3846153846153844,577.96,292.92,0.0,577.96,1342.63,United Kingdom
16943,19,3,816.73,145,23,126,272.24333333333334,48.333333333333336,0.5769230769230769,365.7,172.1,451.03,-85.32999999999998,0.0,United Kingdom
16945,9,8,1773.68,1119,81,166,221.71,139.875,1.2244897959183674,993.04,317.1,780.64,212.39999999999998,2571.82,United Kingdom
16947,43,1,406.48,312,21,43,406.48,312.0,0.410958904109589,406.48,0.0,0.0,406.48,0.0,United Kingdom
16948,69,2,240.54,246,8,133,120.27,123.0,0.36809815950920244,170.94,0.0,69.6,101.34,194.48,United Kingdom
16949,26,3,505.75,189,22,124,168.58333333333334,63.0,0.5844155844155844,431.33,303.54,74.42,356.90999999999997,780.52,United Kingdom
16950,175,1,172.0,32,3,175,172.0,32.0,0.14634146341463417,0.0,0.0,172.0,-172.0,1006.56,United Kingdom
16951,112,1,1053.79,1066,70,112,1053.79,1066.0,0.2112676056338028,0.0,0.0,1053.79,-1053.79,223.96,United Kingdom
16954,62,3,941.48,590,31,167,313.82666666666665,196.66666666666666,0.4568527918781726,594.68,0.0,346.8,247.87999999999994,1143.6,United Kingdom
16955,144,3,354.98,194,14,181,118.32666666666667,64.66666666666667,0.4265402843601896,0.0,0.0,198.88,-198.88,163.69,United Kingdom
16957,47,2,416.64,172,15,89,208.32,86.0,0.5042016806722689,416.64,0.0,0.0,416.64,0.0,United Kingdom
16960,60,1,201.53,95,45,60,201.53,95.0,0.3333333333333333,201.53,0.0,0.0,201.53,305.52,United Kingdom
16965,34,1,201.19,291,26,34,201.19,291.0,0.46875,201.19,0.0,0.0,201.19,0.0,United Kingdom
16966,5,3,1154.4,1176,8,48,384.8,392.0,1.1538461538461537,1154.4,745.1999999999999,0.0,1154.4,1000.5699999999999,United Kingdom
16976,75,1,251.51999999999998,88,2,75,251.51999999999998,88.0,0.2857142857142857,251.51999999999998,0.0,0.0,251.51999999999998,0.0,United Kingdom
16979,105,1,347.15,93,11,105,347.15,93.0,0.2222222222222222,0.0,0.0,347.15,-347.15,1504.85,United Kingdom
16980,63,2,1078.96,788,71,99,539.48,394.0,0.46511627906976744,346.6,0.0,732.36,-385.76,0.0,United Kingdom
16983,79,3,622.34,448,38,177,207.4466666666667,149.33333333333334,0.43478260869565216,263.59000000000003,0.0,358.75,-95.15999999999997,1308.91,United Kingdom
16985,19,6,2915.36,1081,46,166,485.8933333333334,180.16666666666666,0.9183673469387755,1641.8,812.9,1273.56,368.24,2548.7599999999998,United Kingdom
16987,13,1,213.05,47,22,13,213.05,47.0,0.6976744186046512,213.05,213.05,0.0,213.05,1412.0,United Kingdom
16990,26,1,179.0,100,1,26,179.0,100.0,0.5357142857142857,179.0,179.0,0.0,179.0,0.0,United Kingdom
16992,7,2,671.15,356,41,92,335.575,178.0,0.49180327868852464,249.55,249.55,421.6,-172.05,943.1600000000001,United Kingdom
16996,53,4,700.8800000000001,256,11,161,175.22000000000003,64.0,0.6282722513089005,573.34,0.0,127.54000000000002,445.8,756.08,United Kingdom
16997,96,3,702.0,360,7,133,234.0,120.0,0.5521472392638036,0.0,0.0,702.0,-702.0,0.0,United Kingdom
16998,12,3,287.1,74,1,112,95.7,24.666666666666668,0.6338028169014085,197.1,197.1,90.0,107.1,7.9,United Kingdom
17001,15,5,1801.94,964,50,166,360.38800000000003,192.8,0.7653061224489796,1029.05,382.35,772.89,256.15999999999997,2187.63,United Kingdom
17002,23,2,993.52,422,24,98,496.76,211.0,0.46875,480.46000000000004,480.46000000000004,513.06,-32.59999999999991,500.21,United Kingdom
17007,9,4,462.73,287,26,165,115.6825,71.75,0.6153846153846154,255.61,255.61,207.12,48.49000000000001,427.2,United Kingdom
17017,12,11,4493.82,3521,71,180,408.5290909090909,320.09090909090907,1.5714285714285714,1607.8600000000001,591.14,2008.64,-400.78,4200.44,United Kingdom
17018,133,1,405.0,60,6,133,405.0,60.0,0.18404907975460122,0.0,0.0,405.0,-405.0,515.1,United Kingdom
17019,69,3,995.93,658,114,176,331.97666666666663,219.33333333333334,0.4368932038834952,366.02,0.0,629.91,-263.89,276.68,United Kingdom
17025,181,2,160.97,139,5,181,80.485,69.5,0.2843601895734597,0.0,0.0,0.0,0.0,196.8,United Kingdom
17026,177,1,33.15,25,3,177,33.15,25.0,0.14492753623188406,0.0,0.0,33.15,-33.15,121.68,United Kingdom
17027,91,3,443.88,194,68,125,147.96,64.66666666666667,0.5806451612903225,0.0,0.0,443.88,-443.88,446.41,United Kingdom
17029,44,1,358.0,200,1,44,358.0,200.0,0.4054054054054054,358.0,0.0,0.0,358.0,358.0,United Kingdom
17033,22,2,608.1,190,12,167,304.05,95.0,0.30456852791878175,300.29999999999995,300.29999999999995,307.8,-7.500000000000057,422.04,United Kingdom
17034,95,1,141.79999999999998,98,6,95,141.79999999999998,98.0,0.24000000000000005,0.0,0.0,141.79999999999998,-141.79999999999998,603.72,United Kingdom
17035,53,2,433.53000000000003,229,27,119,216.76500000000001,114.5,0.40268456375838924,174.02,0.0,259.51,-85.48999999999998,0.0,United Kingdom
17041,168,1,304.5,190,17,168,304.5,190.0,0.15151515151515152,0.0,0.0,304.5,-304.5,777.07,United Kingdom
17042,4,2,495.39,449,51,55,247.695,224.5,0.7058823529411765,495.39,222.18,0.0,495.39,548.99,United Kingdom
17043,74,1,174.6,162,12,74,174.6,162.0,0.28846153846153844,174.6,0.0,0.0,174.6,1560.58,United Kingdom
17045,55,1,39.95,1,1,55,39.95,1.0,0.35294117647058826,39.95,0.0,0.0,39.95,299.49,United Kingdom
17047,13,2,749.4300000000001,352,40,13,374.71500000000003,176.0,1.3953488372093024,749.4300000000001,749.4300000000001,0.0,749.4300000000001,351.47,United Kingdom
17048,90,2,760.4000000000001,424,36,139,380.20000000000005,212.0,0.35502958579881655,0.0,0.0,760.4000000000001,-760.4000000000001,164.95000000000002,United Kingdom
17049,22,3,1581.8,616,65,83,527.2666666666667,205.33333333333334,0.7964601769911505,1581.8,657.26,0.0,1581.8,4078.1800000000003,United Kingdom
17050,58,4,2200.84,1047,146,107,550.21,261.75,0.8759124087591241,1528.5,0.0,672.34,856.16,1028.0,United Kingdom
17051,2,1,247.14,184,40,2,247.14,184.0,0.9375,247.14,247.14,0.0,247.14,0.0,United Kingdom
17054,15,3,918.82,544,46,53,306.27333333333337,181.33333333333334,1.0843373493975903,918.82,306.45,0.0,918.82,437.51,United Kingdom
17058,7,2,819.6600000000001,455,42,47,409.83000000000004,227.5,0.7792207792207793,819.6600000000001,236.94,0.0,819.6600000000001,360.23,United Kingdom
17059,5,3,1510.67,844,181,177,503.5566666666667,281.3333333333333,0.43478260869565216,788.31,329.01,722.36,65.94999999999993,1584.37,United Kingdom
17060,74,1,234.24,216,5,74,234.24,216.0,0.28846153846153844,234.24,0.0,0.0,234.24,0.0,United Kingdom
17061,0,7,3250.23,1050,46,40,464.31857142857143,150.0,3.0000000000000004,3250.23,1250.8200000000002,0.0,3250.23,1982.0,United Kingdom
17062,121,4,538.37,430,52,177,134.5925,107.5,0.5797101449275363,0.0,0.0,538.37,-538.37,0.0,United Kingdom
17063,97,2,319.37,185,20,97,159.685,92.5,0.47244094488188976,0.0,0.0,319.37,-319.37,1141.77,United Kingdom
17064,135,1,147.85,74,21,135,147.85,74.0,0.18181818181818182,0.0,0.0,147.85,-147.85,711.5,United Kingdom
17068,12,10,2336.1,1024,81,176,233.60999999999999,102.4,1.4563106796116505,1298.25,304.35,1037.85,260.4000000000001,2216.04,United Kingdom
17069,34,4,1073.07,467,46,181,268.2675,116.75,0.5687203791469194,489.87,0.0,306.15000000000003,183.71999999999997,1636.63,United Kingdom
17071,47,3,791.83,400,41,117,263.9433333333333,133.33333333333334,0.6122448979591836,483.28000000000003,0.0,308.55,174.73000000000002,1637.2,United Kingdom
17075,61,3,696.07,241,49,125,232.02333333333334,80.33333333333333,0.5806451612903225,133.47,0.0,562.6,-429.13,138.05,United Kingdom
17076,81,2,334.2,112,11,172,167.1,56.0,0.297029702970297,182.7,0.0,151.5,31.19999999999999,506.88,United Kingdom
17080,77,1,76.32000000000001,72,1,77,76.32000000000001,72.0,0.2803738317757009,76.32000000000001,0.0,0.0,76.32000000000001,211.3,United Kingdom
17082,126,1,636.94,316,24,126,636.94,316.0,0.1923076923076923,0.0,0.0,636.94,-636.94,1366.91,United Kingdom
17083,103,2,996.02,562,22,111,498.01,281.0,0.425531914893617,0.0,0.0,996.02,-996.02,409.76,United Kingdom
17085,58,4,1218.9,629,92,170,304.725,157.25,0.6,244.5,0.0,974.4,-729.9,347.75,United Kingdom
17088,61,1,1015.83,355,55,61,1015.83,355.0,0.32967032967032966,1015.83,0.0,0.0,1015.83,975.1800000000001,United Kingdom
17090,35,3,649.05,313,13,162,216.35,104.33333333333333,0.46875,187.05,0.0,462.0,-274.95,1394.9,United Kingdom
17091,48,3,1393.72,664,75,175,464.5733333333333,221.33333333333334,0.43902439024390244,505.57,0.0,888.15,-382.58,2434.04,United Kingdom
17092,85,1,134.9,109,10,85,134.9,109.0,0.2608695652173913,134.9,0.0,0.0,134.9,1642.88,United Kingdom
17094,130,1,302.0,152,14,130,302.0,152.0,0.1875,0.0,0.0,302.0,-302.0,0.0,United Kingdom
17095,107,2,543.96,234,33,142,271.98,117.0,0.3488372093023256,0.0,0.0,543.96,-543.96,780.1999999999999,United Kingdom
17096,69,1,133.49,115,9,69,133.49,115.0,0.30303030303030304,133.49,0.0,0.0,133.49,888.64,United Kingdom
17097,132,2,287.64,115,60,173,143.82,57.5,0.2955665024630542,0.0,0.0,287.64,-287.64,666.78,Spain
17102,69,1,25.5,2,1,69,25.5,2.0,0.30303030303030304,25.5,0.0,0.0,25.5,0.0,United Kingdom
17105,114,1,319.4,359,38,114,319.4,359.0,0.20833333333333334,0.0,0.0,319.4,-319.4,346.38,United Kingdom
17107,16,2,4118.81,1851,146,86,2059.405,925.5,0.5172413793103449,4118.81,2423.6,0.0,4118.81,6696.62,United Kingdom
17109,40,2,464.59000000000003,248,52,40,232.29500000000002,124.0,0.8571428571428572,464.59000000000003,0.0,0.0,464.59000000000003,420.45,United Kingdom
17114,16,4,446.09,130,59,142,111.5225,32.5,0.6976744186046512,175.9,45.7,270.19,-94.28999999999999,362.53,United Kingdom
17115,41,1,310.02,166,18,41,310.02,166.0,0.4225352112676056,310.02,0.0,0.0,310.02,527.48,United Kingdom
17117,96,1,116.2,68,9,96,116.2,68.0,0.23809523809523808,0.0,0.0,116.2,-116.2,0.0,United Kingdom
17118,125,1,157.02,154,10,125,157.02,154.0,0.1935483870967742,0.0,0.0,157.02,-157.02,0.0,United Kingdom
17120,41,1,307.46,120,18,41,307.46,120.0,0.4225352112676056,307.46,0.0,0.0,307.46,0.0,United Kingdom
17126,107,2,515.27,272,99,170,257.635,136.0,0.3,0.0,0.0,515.27,-515.27,489.48,United Kingdom
17128,142,1,157.09,76,14,142,157.09,76.0,0.1744186046511628,0.0,0.0,157.09,-157.09,0.0,United Kingdom
17133,54,2,1041.67,397,7,74,520.835,198.5,0.5769230769230769,1041.67,0.0,0.0,1041.67,3850.57,United Kingdom
17134,72,1,330.5,80,19,72,330.5,80.0,0.29411764705882354,330.5,0.0,0.0,330.5,94.5,United Kingdom
17135,97,2,500.55,420,19,179,250.275,210.0,0.28708133971291866,0.0,0.0,500.55,-500.55,639.18,United Kingdom
17138,83,1,380.5,126,24,83,380.5,126.0,0.26548672566371684,380.5,0.0,0.0,380.5,0.0,United Kingdom
17139,18,4,4705.9,1977,183,96,1176.475,494.25,0.9523809523809523,2066.52,1357.86,2639.38,-572.8600000000001,5962.57,United Kingdom
17140,55,1,465.32,302,16,55,465.32,302.0,0.35294117647058826,465.32,0.0,0.0,465.32,0.0,United Kingdom
17142,47,1,579.0,81,15,47,579.0,81.0,0.38961038961038963,579.0,0.0,0.0,579.0,0.0,United Kingdom
17146,71,2,563.88,208,31,166,281.94,104.0,0.30612244897959184,265.63,0.0,298.25,-32.620000000000005,185.9,United Kingdom
17147,14,2,973.11,517,42,119,486.555,258.5,0.40268456375838924,563.61,563.61,409.5,154.11,741.48,United Kingdom
17152,2,3,1689.5,517,9,71,563.1666666666666,172.33333333333334,0.8910891089108911,1689.5,1373.6,0.0,1689.5,0.0,United Kingdom
17158,40,2,698.5500000000001,461,36,168,349.27500000000003,230.5,0.30303030303030304,284.76,0.0,413.79,-129.03000000000003,568.42,United Kingdom
17160,33,2,1205.07,951,61,49,602.535,475.5,0.759493670886076,1205.07,0.0,0.0,1205.07,2312.96,United Kingdom
17162,53,5,819.3100000000001,506,53,113,163.86200000000002,101.2,1.048951048951049,394.90000000000003,0.0,424.41,-29.50999999999999,896.15,United Kingdom
17164,20,2,943.22,602,49,81,471.61,301.0,0.5405405405405405,943.22,316.09000000000003,0.0,943.22,1524.13,United Kingdom
17165,92,1,158.68,100,10,92,158.68,100.0,0.24590163934426232,0.0,0.0,158.68,-158.68,0.0,United Kingdom
17166,11,1,127.59,57,10,11,127.59,57.0,0.7317073170731707,127.59,127.59,0.0,127.59,78.75,United Kingdom
17171,97,1,224.91,185,16,97,224.91,185.0,0.23622047244094488,0.0,0.0,224.91,-224.91,0.0,United Kingdom
17174,25,1,59.9,41,4,25,59.9,41.0,0.5454545454545454,59.9,59.9,0.0,59.9,0.0,United Kingdom
17175,104,1,519.08,332,27,104,519.08,332.0,0.22388059701492538,0.0,0.0,519.08,-519.08,924.61,United Kingdom
17176,9,1,306.13,170,15,9,306.13,170.0,0.7692307692307692,306.13,306.13,0.0,306.13,0.0,United Kingdom
17179,40,2,488.31,208,50,169,244.155,104.0,0.3015075376884422,245.31,0.0,243.0,2.3100000000000023,223.48000000000002,United Kingdom
17180,49,3,564.86,529,77,124,188.28666666666666,176.33333333333334,0.5844155844155844,317.32,0.0,247.54,69.78,231.17,United Kingdom
17181,181,1,155.52,216,2,181,155.52,216.0,0.14218009478672985,0.0,0.0,0.0,0.0,84.39999999999999,United Kingdom
17187,34,1,203.95,144,10,34,203.95,144.0,0.46875,203.95,0.0,0.0,203.95,0.0,United Kingdom
17188,123,3,1424.44,710,33,170,474.81333333333333,236.66666666666666,0.44999999999999996,0.0,0.0,1424.44,-1424.44,1049.79,United Kingdom
17189,167,1,227.22,103,36,167,227.22,103.0,0.15228426395939088,0.0,0.0,227.22,-227.22,157.18,United Kingdom
17190,15,1,195.0,1,1,15,195.0,1.0,0.6666666666666666,195.0,195.0,0.0,195.0,249.74,United Kingdom
17191,88,4,820.88,479,90,176,205.22,119.75,0.5825242718446603,310.77,0.0,510.11,-199.34000000000003,1274.25,United Kingdom
17194,81,2,262.62,119,26,168,131.31,59.5,0.30303030303030304,10.0,0.0,252.62,-242.62,0.0,United Kingdom
17198,173,2,521.66,242,73,179,260.83,121.0,0.28708133971291866,0.0,0.0,521.66,-521.66,170.56,United Kingdom
17204,49,2,1250.16,508,38,71,625.08,254.0,0.594059405940594,1250.16,0.0,0.0,1250.16,314.4,United Kingdom
17211,41,5,1253.94,745,96,177,250.788,149.0,0.7246376811594203,474.23,0.0,779.71,-305.48,1063.28,United Kingdom
17212,61,1,226.85,147,4,61,226.85,147.0,0.32967032967032966,226.85,0.0,0.0,226.85,0.0,United Kingdom
17213,124,3,936.95,323,40,174,312.31666666666666,107.66666666666667,0.4411764705882353,0.0,0.0,936.95,-936.95,1844.28,United Kingdom
17214,57,4,613.67,179,56,167,153.4175,44.75,0.6091370558375635,160.57,0.0,453.1,-292.53000000000003,455.45,United Kingdom
17217,42,1,113.5,24,9,42,113.5,24.0,0.4166666666666667,113.5,0.0,0.0,113.5,0.0,United Kingdom
17218,22,5,948.58,396,85,176,189.716,79.2,0.7281553398058253,172.95,172.95,775.63,-602.6800000000001,1012.14,United Kingdom
17220,14,5,1464.78,698,152,172,292.956,139.6,0.7425742574257426,827.28,409.53,637.5,189.77999999999997,1733.47,United Kingdom
17223,118,2,426.79,112,43,176,213.395,56.0,0.29126213592233013,0.0,0.0,426.79,-426.79,0.0,United Kingdom
17226,116,1,393.49,406,21,116,393.49,406.0,0.2054794520547945,0.0,0.0,393.49,-393.49,0.0,United Kingdom
17227,64,2,366.15,192,14,176,183.075,96.0,0.29126213592233013,223.9,0.0,142.25,81.65,573.17,United Kingdom
17228,15,4,687.58,611,69,180,171.895,152.75,0.5714285714285714,208.2,208.2,296.08,-87.88,1218.51,United Kingdom
17230,72,8,3638.41,1651,51,167,454.80125,206.375,1.218274111675127,203.4,0.0,3435.01,-3231.61,0.0,United Kingdom
17231,23,5,1339.86,653,168,169,267.972,130.6,0.7537688442211055,624.28,377.36,715.58,-91.30000000000007,1834.46,United Kingdom
17235,180,1,341.90000000000003,126,10,180,341.90000000000003,126.0,0.14285714285714285,0.0,0.0,0.0,0.0,208.16,United Kingdom
17236,50,4,563.82,317,46,170,140.955,79.25,0.6,118.45,0.0,445.37,-326.92,352.31,United Kingdom
17238,14,8,1363.6,605,177,179,170.45,75.625,1.1483253588516746,854.96,366.08,508.64,346.32000000000005,2381.05,United Kingdom
17239,120,1,382.5,150,15,120,382.5,150.0,0.2,0.0,0.0,382.5,-382.5,0.0,United Kingdom
17243,44,11,2864.1,1083,91,177,260.3727272727273,98.45454545454545,1.5942028985507246,941.0,0.0,1923.1000000000001,-982.1000000000001,5812.75,United Kingdom
17245,12,1,171.45000000000002,75,9,12,171.45000000000002,75.0,0.7142857142857143,171.45000000000002,171.45000000000002,0.0,171.45000000000002,0.0,United Kingdom
17250,69,1,162.65,70,23,69,162.65,70.0,0.30303030303030304,162.65,0.0,0.0,162.65,221.87,United Kingdom
17251,170,1,283.28000000000003,110,37,170,283.28000000000003,110.0,0.15,0.0,0.0,283.28000000000003,-283.28000000000003,0.0,United Kingdom
17255,107,1,112.46,75,36,107,112.46,75.0,0.21897810218978103,0.0,0.0,112.46,-112.46,185.95,United Kingdom
17256,120,1,127.9,68,9,120,127.9,68.0,0.2,0.0,0.0,127.9,-127.9,112.10000000000001,United Kingdom
17259,176,1,381.64,275,74,176,381.64,275.0,0.14563106796116507,0.0,0.0,381.64,-381.64,221.73000000000002,United Kingdom
17262,35,4,955.3600000000001,327,7,174,238.84000000000003,81.75,0.5882352941176471,686.5,0.0,268.86,417.64,298.0,United Kingdom
17263,16,1,63.440000000000005,36,23,16,63.440000000000005,36.0,0.6521739130434783,63.440000000000005,63.440000000000005,0.0,63.440000000000005,0.0,United Kingdom
17268,51,2,276.48,384,1,53,138.24,192.0,0.7228915662650602,276.48,0.0,0.0,276.48,487.15999999999997,United Kingdom
17272,7,2,1409.44,1161,59,70,704.72,580.5,0.6,1409.44,751.76,0.0,1409.44,739.1899999999999,United Kingdom
17277,35,2,1065.3500000000001,430,67,130,532.6750000000001,215.0,0.375,348.33000000000004,0.0,717.02,-368.68999999999994,0.0,United Kingdom
17278,49,1,246.04000000000002,179,15,49,246.04000000000002,179.0,0.379746835443038,246.04000000000002,0.0,0.0,246.04000000000002,0.0,United Kingdom
17282,107,1,741.85,617,78,107,741.85,617.0,0.21897810218978103,0.0,0.0,741.85,-741.85,961.5600000000001,United Kingdom
17284,43,2,928.4499999999999,773,160,144,464.22499999999997,386.5,0.3448275862068966,212.34,0.0,716.11,-503.77,724.13,United Kingdom
17287,13,4,500.34,240,39,180,125.085,60.0,0.5714285714285714,277.64,132.4,108.78,168.85999999999999,563.77,United Kingdom
17288,15,5,663.7,662,13,166,132.74,132.4,0.7653061224489796,373.18,245.88,290.52,82.66000000000003,756.03,United Kingdom
17291,116,1,550.8000000000001,72,1,116,550.8000000000001,72.0,0.2054794520547945,0.0,0.0,550.8000000000001,-550.8000000000001,0.0,United Kingdom
17293,116,2,469.35,303,23,169,234.675,151.5,0.3015075376884422,0.0,0.0,469.35,-469.35,1405.76,United Kingdom
17302,16,2,303.12,190,35,113,151.56,95.0,0.4195804195804196,120.27,120.27,182.85,-62.58,832.51,United Kingdom
17303,169,1,250.04,144,53,169,250.04,144.0,0.1507537688442211,0.0,0.0,250.04,-250.04,0.0,United Kingdom
17306,12,8,3195.66,5006,7,161,399.4575,625.75,1.256544502617801,1520.78,451.70000000000005,1674.88,-154.10000000000014,5435.65,United Kingdom
17311,124,1,556.46,410,24,124,556.46,410.0,0.1948051948051948,0.0,0.0,556.46,-556.46,828.39,United Kingdom
17314,64,3,787.0,380,31,120,262.3333333333333,126.66666666666667,0.6,220.8,0.0,566.2,-345.40000000000003,1740.92,United Kingdom
17315,9,19,2639.79,1685,163,165,138.9363157894737,88.6842105263158,2.923076923076923,1569.8,529.27,1069.99,499.80999999999995,3652.4700000000003,United Kingdom
17320,44,2,910.1,466,36,176,455.05,233.0,0.29126213592233013,459.18,0.0,450.92,8.259999999999991,290.52,United Kingdom
17323,23,2,297.37,257,63,100,148.685,128.5,0.46153846153846145,155.68,155.68,141.69,13.990000000000009,623.7,United Kingdom
17324,139,2,702.23,606,17,174,351.115,303.0,0.29411764705882354,0.0,0.0,702.23,-702.23,288.0,United Kingdom
17325,88,1,96.8,60,6,88,96.8,60.0,0.2542372881355932,96.8,0.0,0.0,96.8,0.0,United Kingdom
17329,123,1,243.36,67,16,123,243.36,67.0,0.19607843137254904,0.0,0.0,243.36,-243.36,279.75,United Kingdom
17334,110,2,307.02000000000004,315,11,116,153.51000000000002,157.5,0.410958904109589,0.0,0.0,307.02000000000004,-307.02000000000004,0.0,United Kingdom
17337,19,3,1994.92,1244,421,118,664.9733333333334,414.6666666666667,0.6081081081081081,968.2,500.9,1026.72,-58.51999999999998,32.95,United Kingdom
17338,13,5,3643.25,1595,227,169,728.65,319.0,0.7537688442211055,987.1,300.05,2656.15,-1669.0500000000002,3000.68,United Kingdom
17339,173,1,60.0,16,4,173,60.0,16.0,0.1477832512315271,0.0,0.0,60.0,-60.0,183.36,United Kingdom
17340,0,4,5802.81,3198,133,174,1450.7025,799.5,0.5882352941176471,1442.42,607.74,4360.39,-2917.9700000000003,6550.4800000000005,United Kingdom
17341,174,1,513.6,291,127,174,513.6,291.0,0.14705882352941177,0.0,0.0,513.6,-513.6,267.76,United Kingdom
17343,163,1,193.64,56,17,163,193.64,56.0,0.15544041450777202,0.0,0.0,193.64,-193.64,0.0,United Kingdom
17345,4,2,128.33,62,19,4,64.165,31.0,1.7647058823529411,128.33,128.33,0.0,128.33,409.41,United Kingdom
17346,12,5,799.14,493,110,181,159.828,98.6,0.7109004739336493,445.73,222.31,206.8,238.93,1877.42,United Kingdom
17348,105,1,160.15,199,36,105,160.15,199.0,0.2222222222222222,0.0,0.0,160.15,-160.15,999.37,United Kingdom
17351,81,1,198.6,28,3,81,198.6,28.0,0.27027027027027023,198.6,0.0,0.0,198.6,388.55,United Kingdom
17356,119,1,178.22,166,19,119,178.22,166.0,0.20134228187919462,0.0,0.0,178.22,-178.22,0.0,United Kingdom
17358,111,2,365.85,202,55,163,182.925,101.0,0.31088082901554404,0.0,0.0,365.85,-365.85,0.0,United Kingdom
17361,99,1,45.0,12,1,99,45.0,12.0,0.23255813953488372,0.0,0.0,45.0,-45.0,443.2,United Kingdom
17362,47,2,312.23,191,30,117,156.115,95.5,0.4081632653061224,162.23000000000002,0.0,150.0,12.230000000000018,0.0,United Kingdom
17364,12,5,2101.85,1247,142,139,420.37,249.4,0.8875739644970414,1161.06,913.61,940.79,220.26999999999998,2379.33,United Kingdom
17365,7,4,1897.19,2008,158,140,474.2975,502.0,0.7058823529411764,1154.53,610.93,742.66,411.87,2904.37,United Kingdom
17367,46,1,168.4,150,33,46,168.4,150.0,0.39473684210526316,168.4,0.0,0.0,168.4,0.0,United Kingdom
17368,67,3,888.92,1081,33,145,296.3066666666667,360.3333333333333,0.5142857142857143,194.92000000000002,0.0,694.0,-499.08,1023.75,United Kingdom
17371,169,1,97.63,40,7,169,97.63,40.0,0.1507537688442211,0.0,0.0,97.63,-97.63,326.26,United Kingdom
17372,51,4,745.3000000000001,415,133,170,186.32500000000002,103.75,0.6,212.12,0.0,533.1800000000001,-321.06000000000006,597.38,United Kingdom
17373,120,1,145.25,89,17,120,145.25,89.0,0.2,0.0,0.0,145.25,-145.25,501.67,United Kingdom
17374,26,2,495.77,85,24,89,247.885,42.5,0.5042016806722689,495.77,303.82,0.0,495.77,0.0,United Kingdom
17375,7,3,400.1,367,63,169,133.36666666666667,122.33333333333333,0.4522613065326633,113.73,113.73,286.37,-172.64,0.0,United Kingdom
17376,119,1,105.85,35,13,119,105.85,35.0,0.20134228187919462,0.0,0.0,105.85,-105.85,97.35,United Kingdom
17377,63,7,1597.6200000000001,663,66,181,228.23142857142858,94.71428571428571,0.9952606635071091,463.79,0.0,909.9300000000001,-446.14000000000004,2503.3,United Kingdom
17381,11,16,13818.13,16515,39,180,863.633125,1032.1875,2.2857142857142856,6638.67,2269.32,6143.38,495.28999999999996,6457.48,United Kingdom
17384,27,1,227.64999999999998,43,3,27,227.64999999999998,43.0,0.5263157894736842,227.64999999999998,227.64999999999998,0.0,227.64999999999998,108.75,United Kingdom
17388,19,2,763.2,720,1,95,381.6,360.0,0.4800000000000001,381.6,381.6,381.6,0.0,496.36,United Kingdom
17389,7,13,4979.92,1198,34,139,383.07076923076926,92.15384615384616,2.3076923076923075,4205.68,956.46,774.24,3431.4400000000005,26853.76,United Kingdom
17392,114,2,457.91,320,53,166,228.955,160.0,0.30612244897959184,0.0,0.0,457.91,-457.91,0.0,United Kingdom
17394,27,1,203.86999999999998,241,4,27,203.86999999999998,241.0,0.5263157894736842,203.86999999999998,203.86999999999998,0.0,203.86999999999998,0.0,United Kingdom
17396,179,1,397.5,106,3,179,397.5,106.0,0.14354066985645933,0.0,0.0,397.5,-397.5,6933.3,United Kingdom
17398,18,2,528.45,259,26,63,264.225,129.5,0.6451612903225806,528.45,222.77,0.0,528.45,124.92999999999999,United Kingdom
17400,18,4,1312.52,603,98,161,328.13,150.75,0.6282722513089005,888.35,243.75,424.17,464.18,817.44,United Kingdom
17402,41,4,784.37,174,26,177,196.0925,43.5,0.5797101449275363,212.5,0.0,571.87,-359.37,1849.48,United Kingdom
17404,19,6,13853.62,14852,64,168,2308.936666666667,2475.3333333333335,0.9090909090909092,7080.56,2557.88,6773.06,307.5,18053.2,Sweden
17406,141,3,2200.42,787,99,174,733.4733333333334,262.3333333333333,0.4411764705882353,0.0,0.0,2200.42,-2200.42,0.0,United Kingdom
17409,56,1,260.55,41,5,56,260.55,41.0,0.3488372093023256,260.55,0.0,0.0,260.55,511.29999999999995,United Kingdom
17410,23,1,302.4,100,15,23,302.4,100.0,0.5660377358490566,302.4,302.4,0.0,302.4,912.3199999999999,United Kingdom
17411,69,1,285.58,126,16,69,285.58,126.0,0.30303030303030304,285.58,0.0,0.0,285.58,493.36,United Kingdom
17412,4,4,709.82,358,30,180,177.455,89.5,0.5714285714285714,120.7,120.7,391.82,-271.12,548.24,United Kingdom
17416,5,3,3448.01,2023,119,89,1149.3366666666668,674.3333333333334,0.7563025210084033,3448.01,1333.3,0.0,3448.01,3445.41,United Kingdom
17418,131,1,167.39000000000001,139,12,131,167.39000000000001,139.0,0.1863354037267081,0.0,0.0,167.39000000000001,-167.39000000000001,296.07,United Kingdom
17419,57,7,2045.8,972,87,175,292.25714285714287,138.85714285714286,1.024390243902439,1008.33,0.0,1037.47,-29.139999999999986,2180.77,United Kingdom
17420,181,1,130.85,53,7,181,130.85,53.0,0.14218009478672985,0.0,0.0,0.0,0.0,467.98,United Kingdom
17422,28,2,628.07,347,33,104,314.035,173.5,0.44776119402985076,306.82,306.82,321.25,-14.430000000000007,1351.3,United Kingdom
17423,25,1,449.42,314,11,25,449.42,314.0,0.5454545454545454,449.42,449.42,0.0,449.42,248.99,United Kingdom
17426,90,1,1193.88,546,66,90,1193.88,546.0,0.25,0.0,0.0,1193.88,-1193.88,3843.38,United Kingdom
17428,20,13,7288.82,4770,139,176,560.6784615384615,366.9230769230769,1.8932038834951457,4178.7,2111.66,3110.12,1068.58,9968.03,United Kingdom
17429,26,1,186.86,256,17,26,186.86,256.0,0.5357142857142857,186.86,186.86,0.0,186.86,338.06,United Kingdom
17430,173,1,112.6,60,5,173,112.6,60.0,0.1477832512315271,0.0,0.0,112.6,-112.6,153.16,United Kingdom
17431,121,1,403.3,292,41,121,403.3,292.0,0.19867549668874174,0.0,0.0,403.3,-403.3,0.0,United Kingdom
17436,34,1,122.4,48,4,34,122.4,48.0,0.46875,122.4,0.0,0.0,122.4,93.9,United Kingdom
17438,61,1,388.45000000000005,103,17,61,388.45000000000005,103.0,0.32967032967032966,388.45000000000005,0.0,0.0,388.45000000000005,0.0,United Kingdom
17440,55,2,124.62,162,3,55,62.31,81.0,0.7058823529411765,124.62,0.0,0.0,124.62,61.800000000000004,United Kingdom
17442,28,2,814.83,532,42,98,407.415,266.0,0.46875,374.0,374.0,440.83,-66.82999999999998,1433.73,United Kingdom
17443,27,1,534.24,504,1,27,534.24,504.0,0.5263157894736842,534.24,534.24,0.0,534.24,0.0,Canada
17446,118,1,68.1,102,5,118,68.1,102.0,0.2027027027027027,0.0,0.0,68.1,-68.1,52.8,United Kingdom
17449,42,3,1322.69,606,118,167,440.8966666666667,202.0,0.4568527918781726,300.09000000000003,0.0,1022.6,-722.51,1198.17,United Kingdom
17450,0,14,55760.26,19928,75,175,3982.8757142857144,1423.4285714285713,2.048780487804878,35111.22,18025.68,20649.04,14462.18,138790.53,United Kingdom
17454,0,4,517.53,243,57,167,129.3825,60.75,0.6091370558375635,219.43,104.0,298.1,-78.67000000000002,0.0,United Kingdom
17455,11,1,131.7,66,8,11,131.7,66.0,0.7317073170731707,131.7,131.7,0.0,131.7,0.0,United Kingdom
17456,173,1,249.86,222,17,173,249.86,222.0,0.1477832512315271,0.0,0.0,249.86,-249.86,0.0,United Kingdom
17457,12,4,1397.6399999999999,672,7,147,349.40999999999997,168.0,0.6779661016949152,680.5799999999999,367.2,717.0600000000001,-36.48000000000013,340.06,United Kingdom
17460,33,5,462.58000000000004,177,14,181,92.516,35.4,0.7109004739336493,258.78000000000003,0.0,133.5,125.28000000000003,159.85000000000002,United Kingdom
17462,92,1,463.40999999999997,155,14,92,463.40999999999997,155.0,0.24590163934426232,0.0,0.0,463.40999999999997,-463.40999999999997,212.28,United Kingdom
17463,41,2,943.76,526,92,121,471.88,263.0,0.3973509933774835,234.25,0.0,709.51,-475.26,952.65,United Kingdom
17469,12,1,305.36,130,14,12,305.36,130.0,0.7142857142857143,305.36,305.36,0.0,305.36,1565.6100000000001,United Kingdom
17470,25,3,623.11,883,42,175,207.70333333333335,294.3333333333333,0.43902439024390244,444.71,140.57999999999998,178.4,266.30999999999995,501.96,United Kingdom
17472,96,2,451.02,293,95,107,225.51,146.5,0.43795620437956206,0.0,0.0,451.02,-451.02,259.27,United Kingdom
17486,69,1,396.87,191,24,69,396.87,191.0,0.30303030303030304,396.87,0.0,0.0,396.87,0.0,United Kingdom
17489,20,1,208.56,232,16,20,208.56,232.0,0.6000000000000001,208.56,208.56,0.0,208.56,168.07999999999998,United Kingdom
17491,68,3,1189.86,869,32,175,396.61999999999995,289.6666666666667,0.43902439024390244,556.94,0.0,632.92,-75.9799999999999,2369.01,United Kingdom
17492,56,1,374.57,155,12,56,374.57,155.0,0.3488372093023256,374.57,0.0,0.0,374.57,0.0,United Kingdom
17496,166,1,271.05,79,10,166,271.05,79.0,0.15306122448979592,0.0,0.0,271.05,-271.05,0.0,United Kingdom
17499,97,1,622.88,711,40,97,622.88,711.0,0.23622047244094488,0.0,0.0,622.88,-622.88,0.0,United Kingdom
17501,28,2,288.6,160,18,28,144.3,80.0,1.0344827586206897,288.6,288.6,0.0,288.6,0.0,United Kingdom
17504,14,9,2997.03,1664,112,130,333.00333333333333,184.88888888888889,1.6875,2209.6,1350.59,787.4300000000001,1422.1699999999998,0.0,United Kingdom
17505,13,1,486.99,269,26,13,486.99,269.0,0.6976744186046512,486.99,486.99,0.0,486.99,658.85,United Kingdom
17507,69,2,605.58,359,79,117,302.79,179.5,0.4081632653061224,265.02,0.0,340.56,-75.54000000000002,0.0,United Kingdom
17508,88,1,387.31,289,22,88,387.31,289.0,0.2542372881355932,387.31,0.0,0.0,387.31,0.0,Greece
17511,14,15,35750.4,24836,254,181,2383.36,1655.7333333333333,2.132701421800948,17393.54,7213.16,16531.12,862.4200000000019,55311.98,United Kingdom
17512,8,6,1302.42,1242,31,109,217.07000000000002,207.0,1.2949640287769786,651.21,209.4,651.21,0.0,1622.57,United Kingdom
17515,14,3,571.37,220,47,126,190.45666666666668,73.33333333333333,0.5769230769230769,339.89,139.19,231.48,108.41,67.65,United Kingdom
17516,25,3,455.21,309,77,93,151.73666666666665,103.0,0.7317073170731708,127.38,127.38,327.83,-200.45,312.87,United Kingdom
17517,116,1,153.94,102,11,116,153.94,102.0,0.2054794520547945,0.0,0.0,153.94,-153.94,0.0,United Kingdom
17519,14,3,955.6,566,41,176,318.53333333333336,188.66666666666666,0.4368932038834952,620.3000000000001,306.85,335.3,285.00000000000006,888.4200000000001,United Kingdom
17521,7,1,159.56,116,8,7,159.56,116.0,0.8108108108108107,159.56,159.56,0.0,159.56,563.65,United Kingdom
17522,14,2,248.42,210,11,26,124.21,105.0,1.0714285714285714,248.42,248.42,0.0,248.42,822.29,United Kingdom
17524,169,1,145.0,90,6,169,145.0,90.0,0.1507537688442211,0.0,0.0,145.0,-145.0,0.0,United Kingdom
17525,167,1,422.7,82,9,167,422.7,82.0,0.15228426395939088,0.0,0.0,422.7,-422.7,0.0,United Kingdom
17526,98,3,872.8,140,9,173,290.93333333333334,46.666666666666664,0.4433497536945813,0.0,0.0,872.8,-872.8,323.1,United Kingdom
17527,26,1,292.11,57,7,26,292.11,57.0,0.5357142857142857,292.11,292.11,0.0,292.11,647.26,United Kingdom
17530,14,6,1367.86,796,216,173,227.97666666666666,132.66666666666666,0.8866995073891626,722.53,246.89,645.33,77.19999999999993,1017.14,United Kingdom
17535,88,1,164.4,136,13,88,164.4,136.0,0.2542372881355932,164.4,0.0,0.0,164.4,0.0,United Kingdom
17537,111,1,630.7,370,60,111,630.7,370.0,0.2127659574468085,0.0,0.0,630.7,-630.7,266.92,United Kingdom
17540,124,1,268.8,64,8,124,268.8,64.0,0.1948051948051948,0.0,0.0,268.8,-268.8,310.1,United Kingdom
17542,77,1,170.75,134,24,77,170.75,134.0,0.2803738317757009,170.75,0.0,0.0,170.75,0.0,United Kingdom
17548,41,1,103.3,58,5,41,103.3,58.0,0.4225352112676056,103.3,0.0,0.0,103.3,0.0,United Kingdom
17550,5,3,267.16,86,42,51,89.05333333333334,28.666666666666668,1.111111111111111,267.16,110.94,0.0,267.16,0.0,United Kingdom
17551,167,1,306.84,150,39,167,306.84,150.0,0.15228426395939088,0.0,0.0,306.84,-306.84,0.0,United Kingdom
17552,180,2,298.52,144,13,180,149.26,72.0,0.2857142857142857,0.0,0.0,0.0,0.0,631.89,United Kingdom
17555,142,1,195.45,156,48,142,195.45,156.0,0.1744186046511628,0.0,0.0,195.45,-195.45,287.81,United Kingdom
17556,13,1,157.9,101,6,13,157.9,101.0,0.6976744186046512,157.9,157.9,0.0,157.9,0.0,United Kingdom
17560,12,2,486.05,279,16,118,243.025,139.5,0.4054054054054054,323.95,323.95,162.1,161.85,368.9,United Kingdom
17567,41,4,1873.97,1009,77,180,468.4925,252.25,0.5714285714285714,931.1700000000001,0.0,424.85,506.32000000000005,2457.5099999999998,United Kingdom
17569,140,1,344.14,159,29,140,344.14,159.0,0.1764705882352941,0.0,0.0,344.14,-344.14,0.0,United Kingdom
17571,85,2,359.95,250,44,106,179.975,125.0,0.4411764705882353,75.6,0.0,284.35,-208.75000000000003,1138.56,United Kingdom
17572,46,2,152.20000000000002,56,7,181,76.10000000000001,28.0,0.2843601895734597,81.4,0.0,0.0,81.4,74.55000000000001,United Kingdom
17574,50,1,185.65,77,8,50,185.65,77.0,0.37499999999999994,185.65,0.0,0.0,185.65,0.0,United Kingdom
17576,22,9,1440.03,864,113,173,160.00333333333333,96.0,1.3300492610837438,700.94,147.15,739.09,-38.14999999999998,2182.65,United Kingdom
17578,26,1,143.45999999999998,138,5,26,143.45999999999998,138.0,0.5357142857142857,143.45999999999998,143.45999999999998,0.0,143.45999999999998,0.0,United Kingdom
17580,60,3,215.72,88,43,166,71.90666666666667,29.333333333333332,0.45918367346938777,47.7,0.0,168.02,-120.32000000000001,0.0,United Kingdom
17581,21,10,3419.56,1579,118,180,341.956,157.9,1.4285714285714286,2183.83,1354.58,448.95,1734.8799999999999,7625.48,United Kingdom
17582,44,1,175.27,123,28,44,175.27,123.0,0.4054054054054054,175.27,0.0,0.0,175.27,0.0,United Kingdom
17585,71,2,521.53,653,70,146,260.765,326.5,0.34090909090909094,103.72,0.0,417.81,-314.09000000000003,611.54,United Kingdom
17588,40,1,397.20000000000005,56,10,40,397.20000000000005,56.0,0.4285714285714286,397.20000000000005,0.0,0.0,397.20000000000005,843.0,United Kingdom
17589,48,1,590.77,446,70,48,590.77,446.0,0.3846153846153846,590.77,0.0,0.0,590.77,1813.4,United Kingdom
17591,11,5,1649.5700000000002,825,81,175,329.91400000000004,165.0,0.7317073170731707,781.86,455.82000000000005,867.71,-85.85000000000002,576.4,United Kingdom
17593,160,1,662.9,374,26,160,662.9,374.0,0.15789473684210528,0.0,0.0,662.9,-662.9,3264.44,United Kingdom
17594,62,1,315.0,220,14,62,315.0,220.0,0.32608695652173914,315.0,0.0,0.0,315.0,678.1800000000001,United Kingdom
17596,56,2,746.91,1259,63,176,373.455,629.5,0.29126213592233013,354.29,0.0,392.62,-38.329999999999984,2081.02,United Kingdom
17597,21,1,2044.3700000000001,1176,55,21,2044.3700000000001,1176.0,0.5882352941176471,2044.3700000000001,2044.3700000000001,0.0,2044.3700000000001,0.0,United Kingdom
17601,47,1,116.00999999999999,103,9,47,116.00999999999999,103.0,0.38961038961038963,116.00999999999999,0.0,0.0,116.00999999999999,0.0,United Kingdom
17602,132,1,767.0500000000001,799,101,132,767.0500000000001,799.0,0.18518518518518517,0.0,0.0,767.0500000000001,-767.0500000000001,4335.92,United Kingdom
17604,25,2,309.36,169,57,120,154.68,84.5,0.4,173.12,173.12,136.24,36.879999999999995,0.0,United Kingdom
17609,110,2,537.6899999999999,271,103,135,268.84499999999997,135.5,0.36363636363636365,0.0,0.0,537.6899999999999,-537.6899999999999,574.53,United Kingdom
17611,9,6,2021.94,1421,335,169,336.99,236.83333333333334,0.9045226130653266,958.87,305.1,1063.07,-104.19999999999993,1962.28,United Kingdom
17612,22,2,665.75,487,47,105,332.875,243.5,0.4444444444444444,360.29,360.29,305.46,54.83000000000004,1382.7,United Kingdom
17613,2,7,2527.01,1466,163,113,361.0014285714286,209.42857142857142,1.4685314685314685,1629.5,470.24,897.51,731.99,2032.14,United Kingdom
17615,11,2,272.3,110,10,30,136.15,55.0,1.0,272.3,118.55,0.0,272.3,57.3,United Kingdom
17616,62,2,408.0,160,1,175,204.0,80.0,0.29268292682926833,81.6,0.0,326.4,-244.79999999999998,163.2,United Kingdom
17618,56,2,666.78,247,48,170,333.39,123.5,0.3,346.5,0.0,320.28,26.220000000000027,304.8,United Kingdom
17619,120,1,218.52,127,71,120,218.52,127.0,0.2,0.0,0.0,218.52,-218.52,0.0,United Kingdom
17621,120,2,901.7800000000001,310,15,162,450.89000000000004,155.0,0.3125,0.0,0.0,901.7800000000001,-901.7800000000001,478.12,United Kingdom
17624,26,1,400.3,312,25,26,400.3,312.0,0.5357142857142857,400.3,400.3,0.0,400.3,443.18,United Kingdom
17625,65,1,549.6800000000001,382,89,65,549.6800000000001,382.0,0.31578947368421056,549.6800000000001,0.0,0.0,549.6800000000001,1497.32,United Kingdom
17629,22,3,606.1899999999999,444,55,167,202.0633333333333,148.0,0.4568527918781726,367.53999999999996,101.17999999999999,238.65,128.88999999999996,1207.93,United Kingdom
17630,40,1,335.5,112,19,40,335.5,112.0,0.4285714285714286,335.5,0.0,0.0,335.5,168.1,United Kingdom
17631,40,1,302.55,92,21,40,302.55,92.0,0.4285714285714286,302.55,0.0,0.0,302.55,225.78,United Kingdom
17634,20,5,1814.67,457,131,145,362.934,91.4,0.8571428571428572,1029.02,409.23,785.65,243.37,547.3,United Kingdom
17639,84,1,108.5,49,7,84,108.5,49.0,0.2631578947368421,108.5,0.0,0.0,108.5,0.0,United Kingdom
17643,181,1,101.55,71,8,181,101.55,71.0,0.14218009478672985,0.0,0.0,0.0,0.0,0.0,United Kingdom
17644,11,3,921.77,512,53,68,307.25666666666666,170.66666666666666,0.9183673469387755,921.77,479.3,0.0,921.77,1973.8700000000001,United Kingdom
17646,27,3,1008.39,323,46,173,336.13,107.66666666666667,0.4433497536945813,757.39,411.54,251.0,506.39,0.0,United Kingdom
17648,0,3,1107.39,289,62,57,369.13000000000005,96.33333333333333,1.0344827586206897,1107.39,523.52,0.0,1107.39,690.11,United Kingdom
17652,41,2,632.24,410,29,89,316.12,205.0,0.5042016806722689,632.24,0.0,0.0,632.24,4235.4800000000005,United Kingdom
17654,85,1,117.55,41,22,85,117.55,41.0,0.2608695652173913,117.55,0.0,0.0,117.55,0.0,United Kingdom
17655,18,4,1602.7,728,45,174,400.675,182.0,0.5882352941176471,306.0,306.0,1296.7,-990.7,1036.24,United Kingdom
17658,19,1,317.6,216,9,19,317.6,216.0,0.6122448979591837,317.6,317.6,0.0,317.6,277.82,United Kingdom
17659,7,4,1070.24,564,47,180,267.56,141.0,0.5714285714285714,595.29,595.29,227.15,368.14,1929.22,United Kingdom
17663,6,3,790.8100000000001,345,27,95,263.60333333333335,115.0,0.7200000000000001,419.42,230.55,371.39,48.03000000000003,1012.1,United Kingdom
17664,20,1,326.19,409,23,20,326.19,409.0,0.6000000000000001,326.19,326.19,0.0,326.19,278.45,United Kingdom
17667,19,3,1356.67,721,74,106,452.22333333333336,240.33333333333334,0.6617647058823529,428.62,428.62,928.05,-499.42999999999995,698.84,United Kingdom
17669,18,3,1611.0,892,20,57,537.0,297.3333333333333,1.0344827586206897,1611.0,619.5,0.0,1611.0,1795.72,United Kingdom
17670,35,1,205.7,110,11,35,205.7,110.0,0.46153846153846145,205.7,0.0,0.0,205.7,0.0,United Kingdom
17671,19,2,786.73,311,26,173,393.365,155.5,0.2955665024630542,392.55,392.55,394.18,-1.6299999999999955,785.98,United Kingdom
17672,117,1,1177.84,643,41,117,1177.84,643.0,0.2040816326530612,0.0,0.0,1177.84,-1177.84,2000.33,United Kingdom
17673,74,2,780.06,755,81,128,390.03,377.5,0.379746835443038,377.64,0.0,402.41999999999996,-24.779999999999973,849.06,United Kingdom
17674,176,1,300.66,349,11,176,300.66,349.0,0.14563106796116507,0.0,0.0,300.66,-300.66,250.38,United Kingdom
17675,12,12,7506.150000000001,2866,98,175,625.5125,238.83333333333334,1.7560975609756098,3859.41,1191.3,3646.7400000000002,212.66999999999962,12868.130000000001,United Kingdom
17676,174,1,300.7,158,15,174,300.7,158.0,0.14705882352941177,0.0,0.0,300.7,-300.7,1086.98,United Kingdom
17677,20,11,6262.93,3727,88,176,569.3572727272727,338.8181818181818,1.6019417475728157,3533.98,1815.28,2728.95,805.0300000000002,10100.3,United Kingdom
17678,71,1,298.11,207,16,71,298.11,207.0,0.297029702970297,298.11,0.0,0.0,298.11,0.0,United Kingdom
17682,0,3,1107.41,575,35,176,369.1366666666667,191.66666666666666,0.4368932038834952,715.91,350.12,391.5,324.40999999999997,1366.92,United Kingdom
17685,74,5,1512.72,888,39,180,302.544,177.6,0.7142857142857143,326.5,0.0,733.7,-407.20000000000005,1678.81,United Kingdom
17686,8,4,3036.75,1223,125,110,759.1875,305.75,0.8571428571428572,1444.14,1444.14,1592.61,-148.4699999999998,2702.71,United Kingdom
17690,9,8,2132.3,745,97,181,266.5375,93.125,1.1374407582938388,548.9,142.65,1206.6000000000001,-657.7000000000002,2625.65,United Kingdom
17691,166,2,290.40000000000003,134,18,176,145.20000000000002,67.0,0.29126213592233013,0.0,0.0,290.40000000000003,-290.40000000000003,0.0,United Kingdom
17692,34,3,623.46,564,32,167,207.82000000000002,188.0,0.4568527918781726,169.5,0.0,453.96,-284.46,117.48,United Kingdom
17696,85,3,493.84000000000003,389,22,172,164.61333333333334,129.66666666666666,0.44554455445544555,318.24,0.0,175.6,142.64000000000001,1791.8700000000001,United Kingdom
17697,44,1,338.95,93,19,44,338.95,93.0,0.4054054054054054,338.95,0.0,0.0,338.95,0.0,United Kingdom
17698,68,1,154.95,93,8,68,154.95,93.0,0.30612244897959184,154.95,0.0,0.0,154.95,0.0,United Kingdom
17700,21,2,1125.57,499,57,89,562.785,249.5,0.5042016806722689,1125.57,522.96,0.0,1125.57,1409.07,United Kingdom
17701,60,1,417.95,109,24,60,417.95,109.0,0.3333333333333333,417.95,0.0,0.0,417.95,0.0,United Kingdom
17702,14,1,439.8,484,30,14,439.8,484.0,0.6818181818181818,439.8,439.8,0.0,439.8,1384.57,United Kingdom
17704,47,1,387.29,175,16,47,387.29,175.0,0.38961038961038963,387.29,0.0,0.0,387.29,497.9,United Kingdom
17705,23,3,357.3,229,23,109,119.10000000000001,76.33333333333333,0.6474820143884893,221.0,107.0,136.3,84.69999999999999,1466.22,United Kingdom
17706,97,4,888.85,427,51,174,222.2125,106.75,0.5882352941176471,0.0,0.0,888.85,-888.85,9615.64,United Kingdom
17707,144,1,83.7,78,3,144,83.7,78.0,0.1724137931034483,0.0,0.0,83.7,-83.7,68.7,United Kingdom
17708,132,1,110.6,33,25,132,110.6,33.0,0.18518518518518517,0.0,0.0,110.6,-110.6,156.48,United Kingdom
17711,97,1,220.53000000000003,107,13,97,220.53000000000003,107.0,0.23622047244094488,0.0,0.0,220.53000000000003,-220.53000000000003,164.57,United Kingdom
17714,128,1,153.0,92,10,128,153.0,92.0,0.189873417721519,0.0,0.0,153.0,-153.0,0.0,United Kingdom
17715,8,1,326.4,384,1,8,326.4,384.0,0.7894736842105263,326.4,326.4,0.0,326.4,0.0,United Kingdom
17716,57,2,1451.62,821,79,75,725.81,410.5,0.5714285714285714,1451.62,0.0,0.0,1451.62,4204.37,United Kingdom
17718,40,1,139.35,83,6,40,139.35,83.0,0.4285714285714286,139.35,0.0,0.0,139.35,0.0,United Kingdom
17719,7,4,1665.61,1179,64,63,416.4025,294.75,1.2903225806451613,1665.61,304.4,0.0,1665.61,3730.43,United Kingdom
17720,33,2,532.38,202,16,175,266.19,101.0,0.29268292682926833,430.38,0.0,102.0,328.38,663.5600000000001,United Kingdom
17722,132,2,1743.58,1333,74,174,871.79,666.5,0.29411764705882354,0.0,0.0,1743.58,-1743.58,680.46,United Kingdom
17723,8,2,746.8000000000001,184,4,22,373.40000000000003,92.0,1.1538461538461537,746.8000000000001,746.8000000000001,0.0,746.8000000000001,2529.6000000000004,United Kingdom
17725,0,4,1269.63,685,53,75,317.4075,171.25,1.1428571428571428,1269.63,314.47,0.0,1269.63,2169.45,United Kingdom
17730,41,4,1445.39,896,46,134,361.3475,224.0,0.7317073170731707,758.35,0.0,687.04,71.31000000000006,3853.09,United Kingdom
17732,180,1,303.97,93,18,180,303.97,93.0,0.14285714285714285,0.0,0.0,0.0,0.0,0.0,United Kingdom
17733,69,1,216.95000000000002,87,12,69,216.95000000000002,87.0,0.30303030303030304,216.95000000000002,0.0,0.0,216.95000000000002,475.24,United Kingdom
17734,41,1,112.98,66,9,41,112.98,66.0,0.4225352112676056,112.98,0.0,0.0,112.98,587.65,United Kingdom
17735,26,8,5019.01,3233,203,175,627.37625,404.125,1.1707317073170733,3122.9900000000002,562.29,1896.02,1226.9700000000003,8091.01,United Kingdom
17738,90,1,779.9200000000001,292,41,90,779.9200000000001,292.0,0.25,0.0,0.0,779.9200000000001,-779.9200000000001,1099.13,United Kingdom
17739,4,3,1070.77,411,16,168,356.92333333333335,137.0,0.4545454545454546,388.18,388.18,682.59,-294.41,1720.58,United Kingdom
17742,140,1,302.57,71,13,140,302.57,71.0,0.1764705882352941,0.0,0.0,302.57,-302.57,52.54,United Kingdom
17744,58,4,1288.96,1686,50,166,322.24,421.5,0.6122448979591837,280.56,0.0,1008.4,-727.8399999999999,1033.44,United Kingdom
17746,48,1,110.25,29,6,48,110.25,29.0,0.3846153846153846,110.25,0.0,0.0,110.25,0.0,United Kingdom
17749,64,1,369.01,257,22,64,369.01,257.0,0.3191489361702128,369.01,0.0,0.0,369.01,305.51,United Kingdom
17752,167,1,80.64,192,1,167,80.64,192.0,0.15228426395939088,0.0,0.0,80.64,-80.64,0.0,United Kingdom
17754,68,1,264.24,348,26,68,264.24,348.0,0.30612244897959184,264.24,0.0,0.0,264.24,1508.02,United Kingdom
17757,11,14,2318.9,1298,148,180,165.6357142857143,92.71428571428571,2.0,1178.95,329.02,996.5,182.45000000000005,3286.39,United Kingdom
17758,16,3,1054.83,665,122,58,351.60999999999996,221.66666666666666,1.0227272727272727,1054.83,471.04,0.0,1054.83,2401.87,United Kingdom
17760,181,1,172.54,165,9,181,172.54,165.0,0.14218009478672985,0.0,0.0,0.0,0.0,115.05,United Kingdom
17763,71,1,15.0,12,1,71,15.0,12.0,0.297029702970297,15.0,0.0,0.0,15.0,0.0,United Kingdom
17764,19,1,261.97,148,17,19,261.97,148.0,0.6122448979591837,261.97,261.97,0.0,261.97,556.85,United Kingdom
17765,18,2,262.55,104,40,64,131.275,52.0,0.6382978723404256,262.55,141.3,0.0,262.55,109.33,United Kingdom
17769,86,2,884.76,545,94,128,442.38,272.5,0.379746835443038,508.45,0.0,376.31,132.14,3113.2200000000003,United Kingdom
17770,6,5,1143.27,365,33,90,228.654,73.0,1.25,540.1,278.5,603.17,-63.069999999999936,0.0,United Kingdom
17771,131,1,115.8,110,22,131,115.8,110.0,0.1863354037267081,0.0,0.0,115.8,-115.8,130.01,United Kingdom
17774,57,2,594.99,212,63,113,297.495,106.0,0.4195804195804196,375.0,0.0,219.99,155.01,630.42,United Kingdom
17775,62,1,56.4,72,3,62,56.4,72.0,0.32608695652173914,56.4,0.0,0.0,56.4,0.0,United Kingdom
17781,61,1,102.0,8,2,61,102.0,8.0,0.32967032967032966,102.0,0.0,0.0,102.0,86.02,United Kingdom
17783,55,1,112.41,53,30,55,112.41,53.0,0.35294117647058826,112.41,0.0,0.0,112.41,171.06,United Kingdom
17786,125,1,114.85,56,24,125,114.85,56.0,0.1935483870967742,0.0,0.0,114.85,-114.85,163.89,United Kingdom
17787,112,3,1716.17,843,87,179,572.0566666666667,281.0,0.43062200956937796,0.0,0.0,1716.17,-1716.17,149.02,United Kingdom
17789,89,1,225.9,74,14,89,225.9,74.0,0.25210084033613445,225.9,0.0,0.0,225.9,0.0,United Kingdom
17790,6,9,897.01,377,47,172,99.66777777777777,41.888888888888886,1.3366336633663367,380.66,273.59000000000003,516.35,-135.69,1068.54,United Kingdom
17795,72,1,163.25,191,15,72,163.25,191.0,0.29411764705882354,163.25,0.0,0.0,163.25,187.14000000000001,United Kingdom
17796,121,3,622.0,160,60,177,207.33333333333334,53.333333333333336,0.43478260869565216,0.0,0.0,622.0,-622.0,75.9,United Kingdom
17799,50,6,1388.33,753,146,169,231.38833333333332,125.5,0.9045226130653266,377.62,0.0,1010.71,-633.09,1667.6,United Kingdom
17800,25,3,354.85,222,18,142,118.28333333333335,74.0,0.5232558139534884,218.8,115.15,136.05,82.75,844.16,United Kingdom
17802,180,1,100.2,75,12,180,100.2,75.0,0.14285714285714285,0.0,0.0,0.0,0.0,1184.84,United Kingdom
17809,25,6,2650.7000000000003,582,18,181,441.78333333333336,97.0,0.8530805687203792,789.0,519.0,1826.9,-1037.9,2761.21,United Kingdom
17811,7,17,3918.48,1745,228,141,230.49882352941177,102.6470588235294,2.982456140350877,1148.71,532.07,2769.77,-1621.06,3919.25,United Kingdom
17812,176,1,217.54999999999998,144,27,176,217.54999999999998,144.0,0.14563106796116507,0.0,0.0,217.54999999999998,-217.54999999999998,514.61,United Kingdom
17816,77,2,21.31,22,11,173,10.655,11.0,0.2955665024630542,5.1,0.0,16.21,-11.110000000000001,15.25,United Kingdom
17817,85,2,269.7,26,12,85,134.85,13.0,0.5217391304347826,269.7,0.0,0.0,269.7,117.98,United Kingdom
17819,2,5,2869.02,876,35,179,573.804,175.2,0.7177033492822966,1032.8999999999999,843.06,1836.12,-803.22,835.85,United Kingdom
17827,50,4,1583.81,961,140,172,395.9525,240.25,0.594059405940594,312.01,0.0,1271.8,-959.79,411.65,United Kingdom
17829,106,1,889.24,496,30,106,889.24,496.0,0.22058823529411764,0.0,0.0,889.24,-889.24,0.0,United Arab Emirates
17830,69,2,287.65000000000003,65,15,96,143.82500000000002,32.5,0.47619047619047616,99.15,0.0,188.5,-89.35,111.05,United Kingdom
17838,100,3,1687.7,1040,64,180,562.5666666666667,346.6666666666667,0.42857142857142855,0.0,0.0,970.54,-970.54,1091.6,United Kingdom
17841,0,47,11529.62,5677,744,181,245.31106382978726,120.7872340425532,6.682464454976303,6085.03,2840.02,4907.21,1177.8199999999997,29461.95,United Kingdom
17843,111,1,205.48,113,36,111,205.48,113.0,0.2127659574468085,0.0,0.0,205.48,-205.48,0.0,United Kingdom
17848,57,4,388.37,244,24,166,97.0925,61.0,0.6122448979591837,174.46,0.0,213.91,-39.44999999999999,512.8299999999999,United Kingdom
17849,26,4,605.8000000000001,114,14,141,151.45000000000002,28.5,0.7017543859649122,260.70000000000005,109.25,345.1,-84.39999999999998,0.0,United Kingdom
17850,180,34,5391.21,1733,21,181,158.565,50.970588235294116,4.834123222748815,0.0,0.0,0.0,0.0,0.0,United Kingdom
17854,35,1,111.76,64,12,35,111.76,64.0,0.46153846153846145,111.76,0.0,0.0,111.76,199.5,United Kingdom
17855,180,1,208.97,197,17,180,208.97,197.0,0.14285714285714285,0.0,0.0,0.0,0.0,0.0,United Kingdom
17856,41,3,1142.63,577,6,89,380.8766666666667,192.33333333333334,0.7563025210084033,1142.63,0.0,0.0,1142.63,275.4,United Kingdom
17857,14,9,8783.84,5116,10,173,975.9822222222223,568.4444444444445,1.3300492610837438,6656.3,180.6,2127.54,4528.76,18095.2,United Kingdom
17858,69,6,2619.7999999999997,2152,29,177,436.63333333333327,358.6666666666667,0.8695652173913043,511.8,0.0,2108.0,-1596.2,2535.86,United Kingdom
17859,112,1,148.21,127,23,112,148.21,127.0,0.2112676056338028,0.0,0.0,148.21,-148.21,0.0,United Kingdom
17860,176,1,252.8,104,49,176,252.8,104.0,0.14563106796116507,0.0,0.0,252.8,-252.8,0.0,United Kingdom
17861,61,2,457.98,357,42,127,228.99,178.5,0.38216560509554137,216.12,0.0,241.86,-25.74000000000001,1642.82,United Kingdom
17862,131,1,330.9,100,11,131,330.9,100.0,0.1863354037267081,0.0,0.0,330.9,-330.9,0.0,United Kingdom
17863,62,3,1371.9,1118,48,177,457.3,372.6666666666667,0.43478260869565216,481.2,0.0,890.7,-409.50000000000006,1788.1000000000001,United Kingdom
17864,83,1,208.41,383,29,83,208.41,383.0,0.26548672566371684,208.41,0.0,0.0,208.41,389.09000000000003,United Kingdom
17865,12,7,4161.66,2380,109,172,594.5228571428571,340.0,1.0396039603960396,1830.31,862.89,2331.35,-501.03999999999996,6364.66,United Kingdom
17867,11,2,604.0500000000001,293,5,96,302.02500000000003,146.5,0.47619047619047616,578.5500000000001,578.5500000000001,25.5,553.0500000000001,593.0500000000001,United Kingdom
17869,23,3,310.96,89,28,176,103.65333333333332,29.666666666666668,0.4368932038834952,96.64,5.55,214.32,-117.67999999999999,117.22,United Kingdom
17870,174,1,326.4,128,1,174,326.4,128.0,0.14705882352941177,0.0,0.0,326.4,-326.4,1567.95,United Kingdom
17871,12,1,155.9,182,10,12,155.9,182.0,0.7142857142857143,155.9,155.9,0.0,155.9,0.0,United Kingdom
17873,48,3,1190.98,746,19,181,396.99333333333334,248.66666666666666,0.4265402843601896,975.83,0.0,0.0,975.83,668.1800000000001,United Kingdom
17874,33,5,560.7,199,34,63,112.14000000000001,39.8,1.6129032258064515,560.7,0.0,0.0,560.7,122.76,United Kingdom
17880,172,1,458.92,314,26,172,458.92,314.0,0.1485148514851485,0.0,0.0,458.92,-458.92,0.0,United Kingdom
17881,112,1,133.35,32,8,112,133.35,32.0,0.2112676056338028,0.0,0.0,133.35,-133.35,0.0,United Kingdom
17883,54,1,119.35,48,19,54,119.35,48.0,0.35714285714285715,119.35,0.0,0.0,119.35,552.42,United Kingdom
17884,119,3,602.84,555,86,179,200.9466666666667,185.0,0.43062200956937796,0.0,0.0,602.84,-602.84,114.61,United Kingdom
17886,18,2,396.26,225,44,57,198.13,112.5,0.6896551724137931,396.26,173.07,0.0,396.26,503.35,United Kingdom
17888,20,3,178.78,196,22,165,59.593333333333334,65.33333333333333,0.46153846153846156,56.65,56.65,122.13,-65.47999999999999,547.27,United Kingdom
17889,20,2,203.87,79,20,130,101.935,39.5,0.375,102.02,102.02,101.85,0.1700000000000017,0.0,United Kingdom
17890,130,2,602.09,416,88,169,301.045,208.0,0.3015075376884422,0.0,0.0,602.09,-602.09,0.0,United Kingdom
17893,33,1,112.25,161,15,33,112.25,161.0,0.47619047619047616,112.25,0.0,0.0,112.25,0.0,United Kingdom
17894,93,6,867.85,321,95,174,144.64166666666668,53.5,0.8823529411764706,0.0,0.0,867.85,-867.85,251.96,United Kingdom
17897,175,2,434.62,156,63,181,217.31,78.0,0.2843601895734597,0.0,0.0,268.73,-268.73,131.98,United Kingdom
17898,15,1,99.84,124,20,15,99.84,124.0,0.6666666666666666,99.84,99.84,0.0,99.84,52.22,United Kingdom
17905,160,2,394.15,172,27,181,197.075,86.0,0.2843601895734597,0.0,0.0,192.4,-192.4,406.09000000000003,United Kingdom
17906,55,1,72.9,26,12,55,72.9,26.0,0.35294117647058826,72.9,0.0,0.0,72.9,0.0,United Kingdom
17908,181,1,243.28,173,51,181,243.28,173.0,0.14218009478672985,0.0,0.0,0.0,0.0,0.0,United Kingdom
17912,118,5,311.01,185,35,172,62.202,37.0,0.7425742574257426,0.0,0.0,311.01,-311.01,0.0,United Kingdom
17913,163,1,218.05,100,31,163,218.05,100.0,0.15544041450777202,0.0,0.0,218.05,-218.05,193.55,United Kingdom
17917,64,2,230.46,131,57,170,115.23,65.5,0.3,119.55,0.0,110.91,8.64,110.82,United Kingdom
17920,8,5,1573.59,1039,106,181,314.71799999999996,207.8,0.7109004739336493,677.83,259.90000000000003,381.35,296.48,2630.51,United Kingdom
17921,74,1,280.57,139,43,74,280.57,139.0,0.28846153846153844,280.57,0.0,0.0,280.57,545.95,United Kingdom
17923,90,1,207.50000000000003,50,1,90,207.50000000000003,50.0,0.25,0.0,0.0,207.50000000000003,-207.50000000000003,0.0,United Kingdom
17924,109,2,502.2,108,2,181,251.1,54.0,0.2843601895734597,0.0,0.0,223.2,-223.2,2460.3,United Kingdom
17925,180,1,244.08,72,1,180,244.08,72.0,0.14285714285714285,0.0,0.0,0.0,0.0,0.0,United Kingdom
17926,11,1,211.73000000000002,134,11,11,211.73000000000002,134.0,0.7317073170731707,211.73000000000002,211.73000000000002,0.0,211.73000000000002,185.56,United Kingdom
17928,54,1,78.25999999999999,46,17,54,78.25999999999999,46.0,0.35714285714285715,78.25999999999999,0.0,0.0,78.25999999999999,134.28,United Kingdom
17929,62,2,435.0,60,3,116,217.5,30.0,0.410958904109589,238.8,0.0,196.2,42.60000000000002,408.0,United Kingdom
17930,47,1,390.6,172,5,47,390.6,172.0,0.38961038961038963,390.6,0.0,0.0,390.6,1349.8799999999999,United Kingdom
17931,63,1,297.2,164,49,63,297.2,164.0,0.3225806451612903,297.2,0.0,0.0,297.2,111.16000000000001,United Kingdom
17932,19,1,589.01,391,42,19,589.01,391.0,0.6122448979591837,589.01,589.01,0.0,589.01,742.5600000000001,United Kingdom
17937,65,4,3327.48,1248,19,170,831.87,312.0,0.6,633.6,0.0,2693.88,-2060.28,973.74,United Kingdom
17940,26,5,3461.94,7345,6,110,692.388,1469.0,1.0714285714285716,2416.5,108.0,1045.44,1371.06,644.5,United Kingdom
17946,41,2,149.57999999999998,75,18,67,74.78999999999999,37.5,0.6185567010309279,149.57999999999998,0.0,0.0,149.57999999999998,0.0,United Kingdom
17949,0,13,9058.8,2856,7,179,696.8307692307692,219.69230769230768,1.8660287081339713,5238.3,3250.2,3820.5,1417.8000000000002,49451.68,United Kingdom
17950,173,2,263.17,186,36,173,131.585,93.0,0.2955665024630542,0.0,0.0,263.17,-263.17,219.03,United Kingdom
17951,166,2,409.50000000000006,220,9,181,204.75000000000003,110.0,0.2843601895734597,0.0,0.0,114.0,-114.0,599.0400000000001,United Kingdom
17954,34,7,1181.3,1356,186,179,168.75714285714284,193.71428571428572,1.0047846889952152,471.69,0.0,709.61,-237.92000000000002,1151.42,United Kingdom
17955,6,4,557.3,273,14,27,139.325,68.25,2.1052631578947367,557.3,557.3,0.0,557.3,0.0,United Kingdom
17956,57,1,12.75,1,1,57,12.75,1.0,0.3448275862068966,12.75,0.0,0.0,12.75,0.0,United Kingdom
17961,4,20,874.39,303,145,180,43.7195,15.15,2.857142857142857,261.46,142.45,485.38,-223.92000000000002,422.05,United Kingdom
17964,180,1,261.76,195,35,180,261.76,195.0,0.14285714285714285,0.0,0.0,0.0,0.0,209.94,United Kingdom
17965,60,6,1330.03,691,131,177,221.67166666666665,115.16666666666667,0.8695652173913043,270.1,0.0,1059.93,-789.83,1292.54,United Kingdom
17966,69,1,147.0,350,6,69,147.0,350.0,0.30303030303030304,147.0,0.0,0.0,147.0,951.43,United Kingdom
17967,179,1,123.07,80,41,179,123.07,80.0,0.14354066985645933,0.0,0.0,123.07,-123.07,0.0,United Kingdom
17968,181,1,277.35,160,74,181,277.35,160.0,0.14218009478672985,0.0,0.0,0.0,0.0,0.0,United Kingdom
17969,169,1,125.2,131,7,169,125.2,131.0,0.1507537688442211,0.0,0.0,125.2,-125.2,103.0,United Kingdom
17970,19,1,582.59,525,27,19,582.59,525.0,0.6122448979591837,582.59,582.59,0.0,582.59,0.0,United Kingdom
17972,49,1,136.04,37,30,49,136.04,37.0,0.379746835443038,136.04,0.0,0.0,136.04,0.0,United Kingdom
17974,27,1,172.77,87,18,27,172.77,87.0,0.5263157894736842,172.77,172.77,0.0,172.77,568.02,United Kingdom
17975,0,7,2781.12,895,99,174,397.30285714285714,127.85714285714286,1.0294117647058825,1401.39,147.48,1379.73,21.660000000000082,1707.69,United Kingdom
17976,180,1,353.19,106,56,180,353.19,106.0,0.14285714285714285,0.0,0.0,0.0,0.0,0.0,United Kingdom
17978,173,1,300.91999999999996,499,12,173,300.91999999999996,499.0,0.1477832512315271,0.0,0.0,300.91999999999996,-300.91999999999996,0.0,United Kingdom
17979,67,2,241.67,83,53,67,120.835,41.5,0.6185567010309279,241.67,0.0,0.0,241.67,516.04,United Kingdom
17980,12,2,562.75,456,22,167,281.375,228.0,0.30456852791878175,267.55,267.55,295.2,-27.649999999999977,248.7,United Kingdom
17988,134,1,64.99000000000001,14,13,134,64.99000000000001,14.0,0.18292682926829268,0.0,0.0,64.99000000000001,-64.99000000000001,136.13,United Kingdom
17990,44,3,630.84,414,27,169,210.28,138.0,0.4522613065326633,314.84000000000003,0.0,316.0,-1.1599999999999682,0.0,United Kingdom
17991,33,2,93.35,25,4,34,46.675,12.5,0.9375,93.35,0.0,0.0,93.35,0.0,United Kingdom
17994,81,2,329.15,201,44,98,164.575,100.5,0.46875,21.9,0.0,307.25,-285.35,349.34,United Kingdom
17995,89,1,76.1,133,2,89,76.1,133.0,0.25210084033613445,76.1,0.0,0.0,76.1,0.0,United Kingdom
17999,174,1,190.34,94,37,174,190.34,94.0,0.14705882352941177,0.0,0.0,190.34,-190.34,191.72,United Kingdom
18004,170,1,169.47,78,32,170,169.47,78.0,0.15,0.0,0.0,169.47,-169.47,0.0,United Kingdom
18008,11,7,2065.41,1517,22,126,295.0585714285714,216.71428571428572,1.346153846153846,1934.6,397.0,130.81,1803.79,50.78,United Kingdom
18009,43,1,257.34,126,31,43,257.34,126.0,0.410958904109589,257.34,0.0,0.0,257.34,0.0,United Kingdom
18010,64,1,174.8,60,14,64,174.8,60.0,0.3191489361702128,174.8,0.0,0.0,174.8,0.0,United Kingdom
18011,181,1,102.78999999999999,71,28,181,102.78999999999999,71.0,0.14218009478672985,0.0,0.0,0.0,0.0,0.0,United Kingdom
18016,123,2,324.75,120,37,172,162.375,60.0,0.297029702970297,0.0,0.0,324.75,-324.75,1158.81,United Kingdom
18017,118,1,165.0,100,1,118,165.0,100.0,0.2027027027027027,0.0,0.0,165.0,-165.0,358.0,United Kingdom
18018,7,1,37.45,3,2,7,37.45,3.0,0.8108108108108107,37.45,37.45,0.0,37.45,84.69,United Kingdom
18032,142,1,73.5,42,5,142,73.5,42.0,0.1744186046511628,0.0,0.0,73.5,-73.5,0.0,United Kingdom
18036,53,1,110.8,83,38,53,110.8,83.0,0.3614457831325301,110.8,0.0,0.0,110.8,294.82,United Kingdom
18037,33,5,60.82,18,17,170,12.164,3.6,0.75,21.27,0.0,39.55,-18.279999999999998,9.2,United Kingdom
18040,53,1,239.00000000000003,96,12,53,239.00000000000003,96.0,0.3614457831325301,239.00000000000003,0.0,0.0,239.00000000000003,118.2,United Kingdom
18041,21,13,2631.0099999999998,2462,147,180,202.3853846153846,189.3846153846154,1.8571428571428572,1073.43,384.16999999999996,1128.64,-55.210000000000036,1552.38,United Kingdom
18043,14,2,451.81,246,87,174,225.905,123.0,0.29411764705882354,135.35,135.35,316.46,-181.10999999999999,107.7,United Kingdom
18044,6,6,883.21,509,53,168,147.20166666666668,84.83333333333333,0.9090909090909092,736.84,323.44,146.37,590.47,1205.39,United Kingdom
18048,11,2,172.29000000000002,127,6,11,86.14500000000001,63.5,1.4634146341463414,172.29000000000002,172.29000000000002,0.0,172.29000000000002,0.0,United Kingdom
18050,167,1,74.4,40,5,167,74.4,40.0,0.15228426395939088,0.0,0.0,74.4,-74.4,0.0,United Kingdom
18055,11,6,3362.53,1113,119,177,560.4216666666667,185.5,0.8695652173913043,968.5,968.5,2394.03,-1425.5300000000002,3421.66,United Kingdom
18056,96,1,363.65,211,19,96,363.65,211.0,0.23809523809523808,0.0,0.0,363.65,-363.65,0.0,United Kingdom
18061,14,5,1190.6200000000001,706,13,174,238.12400000000002,141.2,0.7352941176470589,373.29,159.49,817.33,-444.04,928.79,United Kingdom
18062,28,2,485.92,356,20,145,242.96,178.0,0.34285714285714286,316.12,316.12,169.8,146.32,234.6,United Kingdom
18064,43,1,408.0,160,2,43,408.0,160.0,0.410958904109589,408.0,0.0,0.0,408.0,406.0,United Kingdom
18065,27,6,1147.73,461,56,172,191.28833333333333,76.83333333333333,0.8910891089108911,397.68,397.68,750.0500000000001,-352.37000000000006,1245.1,United Kingdom
18068,97,1,101.7,6,1,97,101.7,6.0,0.23622047244094488,0.0,0.0,101.7,-101.7,0.0,United Kingdom
18069,43,2,689.56,455,158,135,344.78,227.5,0.36363636363636365,391.9,0.0,297.66,94.23999999999995,1347.11,United Kingdom
18071,65,2,453.0,260,23,173,226.5,130.0,0.2955665024630542,194.05,0.0,258.95,-64.89999999999998,0.0,United Kingdom
18073,4,2,241.08,196,4,5,120.54,98.0,1.7142857142857142,241.08,241.08,0.0,241.08,3636.44,United Kingdom
18074,181,1,489.6,190,13,181,489.6,190.0,0.14218009478672985,0.0,0.0,0.0,0.0,0.0,United Kingdom
18075,12,6,1270.72,652,50,168,211.78666666666666,108.66666666666667,0.9090909090909092,403.22,141.54000000000002,867.5,-464.28,1341.03,United Kingdom
18077,34,4,879.38,675,55,174,219.845,168.75,0.5882352941176471,167.92,0.0,711.46,-543.5400000000001,1753.63,United Kingdom
18078,25,2,336.13,145,27,67,168.065,72.5,0.6185567010309279,336.13,138.19,0.0,336.13,0.0,United Kingdom
18079,46,1,1612.83,3843,28,46,1612.83,3843.0,0.39473684210526316,1612.83,0.0,0.0,1612.83,2039.1399999999999,United Kingdom
18080,50,1,841.4999999999999,330,1,50,841.4999999999999,330.0,0.37499999999999994,841.4999999999999,0.0,0.0,841.4999999999999,390.0,United Kingdom
18085,138,2,689.95,265,25,181,344.975,132.5,0.2843601895734597,0.0,0.0,386.05,-386.05,0.0,United Kingdom
18086,82,1,101.34,106,7,82,101.34,106.0,0.26785714285714285,101.34,0.0,0.0,101.34,0.0,United Kingdom
18087,98,1,3202.92,3906,1,98,3202.92,3906.0,0.234375,0.0,0.0,3202.92,-3202.92,852.8,United Kingdom
18092,35,5,3996.24,2112,12,173,799.2479999999999,422.4,0.7389162561576355,884.4,0.0,3111.84,-2227.44,5072.02,United Kingdom
18093,105,2,1117.52,724,21,110,558.76,362.0,0.4285714285714286,0.0,0.0,1117.52,-1117.52,989.0,United Kingdom
18094,26,3,1777.2,1904,26,99,592.4,634.6666666666666,0.6976744186046512,1272.48,633.0,504.72,767.76,1240.1000000000001,United Kingdom
18095,120,2,580.05,419,20,140,290.025,209.5,0.3529411764705882,0.0,0.0,580.05,-580.05,0.0,United Kingdom
18097,13,3,1456.56,1086,54,162,485.52,362.0,0.46875,799.38,799.38,657.1800000000001,142.19999999999993,1241.24,United Kingdom
18102,14,15,64642.11,15095,53,175,4309.474,1006.3333333333334,2.1951219512195124,26272.02,18165.74,38370.09,-12098.069999999996,195015.19,United Kingdom
18106,137,1,430.7,128,33,137,430.7,128.0,0.17964071856287425,0.0,0.0,430.7,-430.7,0.0,United Kingdom
18108,62,1,271.0,84,17,62,271.0,84.0,0.32608695652173914,271.0,0.0,0.0,271.0,0.0,United Kingdom
18109,2,11,2484.43,860,92,177,225.85727272727271,78.18181818181819,1.5942028985507246,1270.86,618.28,1213.57,57.289999999999964,5568.54,United Kingdom
18113,176,1,76.32000000000001,72,1,176,76.32000000000001,72.0,0.14563106796116507,0.0,0.0,76.32000000000001,-76.32000000000001,0.0,United Kingdom
18114,98,1,220.1,55,28,98,220.1,55.0,0.234375,0.0,0.0,220.1,-220.1,0.0,United Kingdom
18116,42,7,1254.47,678,220,172,179.21,96.85714285714286,1.0396039603960396,426.95,0.0,827.52,-400.57,163.56,United Kingdom
18118,15,14,3327.93,1662,315,177,237.7092857142857,118.71428571428571,2.0289855072463765,1877.38,701.66,1450.55,426.83000000000015,2325.89,United Kingdom
18119,175,1,181.12,125,29,175,181.12,125.0,0.14634146341463417,0.0,0.0,181.12,-181.12,0.0,United Kingdom
18120,22,1,111.15,31,17,22,111.15,31.0,0.5769230769230769,111.15,111.15,0.0,111.15,0.0,United Kingdom
18125,9,3,945.14,695,146,124,315.0466666666667,231.66666666666666,0.5844155844155844,212.93,212.93,732.21,-519.28,197.85,United Kingdom
18129,51,1,112.55000000000001,48,13,51,112.55000000000001,48.0,0.37037037037037035,112.55000000000001,0.0,0.0,112.55000000000001,0.0,United Kingdom
18133,20,1,931.5,1350,1,20,931.5,1350.0,0.6000000000000001,931.5,931.5,0.0,931.5,0.0,United Kingdom
18136,19,2,600.85,295,30,127,300.425,147.5,0.38216560509554137,311.86,311.86,288.99,22.870000000000005,183.48000000000002,United Kingdom
18138,103,1,152.65,38,8,103,152.65,38.0,0.22556390977443608,0.0,0.0,152.65,-152.65,0.0,United Kingdom
18142,23,1,282.48,292,9,23,282.48,292.0,0.5660377358490566,282.48,282.48,0.0,282.48,737.04,United Kingdom
18144,20,7,1605.65,783,22,181,229.37857142857143,111.85714285714286,0.9952606635071091,945.6,288.7,495.0,450.6,1283.1,United Kingdom
18145,12,2,1023.78,863,60,120,511.89,431.5,0.4,414.77,414.77,609.01,-194.24,1837.77,United Kingdom
18146,28,1,76.65,27,4,28,76.65,27.0,0.5172413793103449,76.65,76.65,0.0,76.65,83.7,United Kingdom
18149,23,2,549.68,280,9,81,274.84,140.0,0.5405405405405405,549.68,321.9,0.0,549.68,62.400000000000006,United Kingdom
18150,9,1,227.57999999999998,140,14,9,227.57999999999998,140.0,0.7692307692307692,227.57999999999998,227.57999999999998,0.0,227.57999999999998,339.0,United Kingdom
18151,97,1,312.55,111,17,97,312.55,111.0,0.23622047244094488,0.0,0.0,312.55,-312.55,340.8,United Kingdom
18155,99,1,113.93,91,8,99,113.93,91.0,0.23255813953488372,0.0,0.0,113.93,-113.93,257.69,United Kingdom
18156,177,1,206.23000000000002,73,50,177,206.23000000000002,73.0,0.14492753623188406,0.0,0.0,206.23000000000002,-206.23000000000002,528.71,United Kingdom
18159,109,1,530.15,139,23,109,530.15,139.0,0.21582733812949642,0.0,0.0,530.15,-530.15,0.0,United Kingdom
18160,8,1,318.55,147,19,8,318.55,147.0,0.7894736842105263,318.55,318.55,0.0,318.55,319.51,United Kingdom
18161,60,2,546.32,317,21,127,273.16,158.5,0.38216560509554137,244.79,0.0,301.53,-56.73999999999998,1072.3700000000001,United Kingdom
18168,12,5,1054.79,511,94,180,210.958,102.2,0.7142857142857143,410.5,191.67,380.99,29.50999999999999,115.15,United Kingdom
18170,25,1,304.21,119,11,25,304.21,119.0,0.5454545454545454,304.21,304.21,0.0,304.21,676.1,United Kingdom
18171,46,2,464.59000000000003,167,25,141,232.29500000000002,83.5,0.3508771929824561,224.14000000000001,0.0,240.45000000000002,-16.310000000000002,766.72,United Kingdom
18172,19,7,3720.16,1412,70,97,531.4514285714286,201.71428571428572,1.6535433070866141,1741.78,1312.96,1978.38,-236.60000000000014,3841.52,United Kingdom
18173,7,3,1728.8400000000001,1028,20,82,576.2800000000001,342.6666666666667,0.8035714285714286,1728.8400000000001,452.0,0.0,1728.8400000000001,378.0,United Kingdom
18176,166,1,476.35,283,30,166,476.35,283.0,0.15306122448979592,0.0,0.0,476.35,-476.35,0.0,United Kingdom
18177,12,4,713.65,363,39,63,178.4125,90.75,1.2903225806451613,713.65,311.3,0.0,713.65,627.77,United Kingdom
18178,27,3,1099.94,696,64,172,366.6466666666667,232.0,0.44554455445544555,465.99,465.99,633.95,-167.96000000000004,490.87,United Kingdom
18179,60,4,1103.16,729,54,144,275.79,182.25,0.6896551724137931,480.26,0.0,622.9,-142.64,690.01,United Kingdom
18183,35,2,632.07,371,36,82,316.035,185.5,0.5357142857142857,632.07,0.0,0.0,632.07,0.0,United Kingdom
18185,57,1,304.25,183,17,57,304.25,183.0,0.3448275862068966,304.25,0.0,0.0,304.25,0.0,United Kingdom
18188,98,1,426.6,164,16,98,426.6,164.0,0.234375,0.0,0.0,426.6,-426.6,1574.44,United Kingdom
18189,75,1,633.1,352,40,75,633.1,352.0,0.2857142857142857,633.1,0.0,0.0,633.1,457.14,United Kingdom
18190,0,2,284.46000000000004,140,14,138,142.23000000000002,70.0,0.35714285714285715,113.0,113.0,171.46,-58.46000000000001,0.0,United Kingdom
18191,69,1,207.8,140,7,69,207.8,140.0,0.30303030303030304,207.8,0.0,0.0,207.8,0.0,United Kingdom
18196,98,1,450.78,241,78,98,450.78,241.0,0.234375,0.0,0.0,450.78,-450.78,238.35,United Kingdom
18198,11,10,3175.11,2613,48,144,317.511,261.3,1.7241379310344829,2267.79,1032.46,907.32,1360.4699999999998,2250.4500000000003,United Kingdom
18202,7,3,1396.99,581,55,119,465.66333333333336,193.66666666666666,0.6040268456375839,911.26,911.26,485.73,425.53,0.0,United Kingdom
18204,0,1,549.4300000000001,392,84,0,549.4300000000001,392.0,1.0,549.4300000000001,549.4300000000001,0.0,549.4300000000001,1444.27,United Kingdom
18210,75,1,142.4,62,5,75,142.4,62.0,0.2857142857142857,142.4,0.0,0.0,142.4,2478.98,United Kingdom
18211,86,1,137.9,56,8,86,137.9,56.0,0.25862068965517243,137.9,0.0,0.0,137.9,462.17,United Kingdom
18212,134,1,248.42,101,30,134,248.42,101.0,0.18292682926829268,0.0,0.0,248.42,-248.42,0.0,United Kingdom
18213,44,1,232.48000000000002,232,15,44,232.48000000000002,232.0,0.4054054054054054,232.48000000000002,0.0,0.0,232.48000000000002,0.0,United Kingdom
18218,19,2,662.08,584,17,89,331.04,292.0,0.5042016806722689,662.08,352.7,0.0,662.08,0.0,United Kingdom
18219,22,5,912.3100000000001,395,39,176,182.46200000000002,79.0,0.7281553398058253,427.94,227.62,484.37,-56.43000000000001,1157.46,United Kingdom
18220,34,1,305.28,288,2,34,305.28,288.0,0.46875,305.28,0.0,0.0,305.28,0.0,United Kingdom
18221,19,1,234.47,123,15,19,234.47,123.0,0.6122448979591837,234.47,234.47,0.0,234.47,807.14,United Kingdom
18223,13,7,2757.48,1256,78,166,393.92571428571426,179.42857142857142,1.0714285714285714,1097.64,591.65,1659.8400000000001,-562.2,3727.06,United Kingdom
18224,71,1,158.95000000000002,69,10,71,158.95000000000002,69.0,0.297029702970297,158.95000000000002,0.0,0.0,158.95000000000002,0.0,United Kingdom
18225,12,5,1668.07,942,75,173,333.614,188.4,0.7389162561576355,1199.25,587.21,468.82,730.4300000000001,3841.05,United Kingdom
18226,6,5,2212.92,1483,74,145,442.584,296.6,0.8571428571428572,1795.6200000000001,317.6,417.3,1378.3200000000002,3015.13,United Kingdom
18227,25,1,93.75,21,5,25,93.75,21.0,0.5454545454545454,93.75,93.75,0.0,93.75,0.0,United Kingdom
18229,6,8,2858.7,550,33,181,357.3375,68.75,1.1374407582938388,1485.8,776.0,1028.7,457.0999999999999,4418.2,United Kingdom
18230,15,3,1254.3,662,29,110,418.09999999999997,220.66666666666666,0.6428571428571429,789.48,403.26000000000005,464.82,324.66,1555.9,United Kingdom
18231,0,5,2083.27,821,106,96,416.654,164.2,1.1904761904761905,1792.27,671.02,291.0,1501.27,0.0,United Kingdom
18232,0,2,370.98,170,24,5,185.49,85.0,1.7142857142857142,370.98,370.98,0.0,370.98,221.99,United Kingdom
18233,133,1,440.0,4,1,133,440.0,4.0,0.18404907975460122,0.0,0.0,440.0,-440.0,0.0,United Kingdom
18235,25,1,430.46000000000004,332,29,25,430.46000000000004,332.0,0.5454545454545454,430.46000000000004,430.46000000000004,0.0,430.46000000000004,1366.02,United Kingdom
18236,48,1,123.2,52,8,48,123.2,52.0,0.3846153846153846,123.2,0.0,0.0,123.2,759.04,United Kingdom
18239,26,5,1561.6100000000001,795,80,180,312.322,159.0,0.7142857142857143,643.09,466.71000000000004,480.42,162.67000000000002,0.0,United Kingdom
18241,25,1,365.83,241,24,25,365.83,241.0,0.5454545454545454,365.83,365.83,0.0,365.83,1707.26,United Kingdom
18242,4,2,694.08,408,26,21,347.04,204.0,1.1764705882352942,694.08,694.08,0.0,694.08,1538.41,United Kingdom
18245,19,4,1306.29,1023,82,163,326.5725,255.75,0.6217616580310881,501.38,501.38,804.91,-303.53,1260.77,United Kingdom
18246,41,1,232.9,70,2,41,232.9,70.0,0.4225352112676056,232.9,0.0,0.0,232.9,363.2,United Kingdom
18250,118,1,349.27,199,21,118,349.27,199.0,0.2027027027027027,0.0,0.0,349.27,-349.27,0.0,United Kingdom
18257,14,3,721.2,316,32,104,240.4,105.33333333333333,0.6716417910447761,357.4,357.4,363.8,-6.400000000000034,1616.43,United Kingdom
18259,174,1,376.3,116,7,174,376.3,116.0,0.14705882352941177,0.0,0.0,376.3,-376.3,1962.3000000000002,United Kingdom
18260,13,5,2216.07,1301,79,166,443.21400000000006,260.2,0.7653061224489796,1428.3,427.97,787.77,640.53,427.13,United Kingdom
18263,60,1,307.6,328,15,60,307.6,328.0,0.3333333333333333,307.6,0.0,0.0,307.6,905.56,United Kingdom
18269,174,1,168.60000000000002,76,7,174,168.60000000000002,76.0,0.14705882352941177,0.0,0.0,168.60000000000002,-168.60000000000002,0.0,United Kingdom
18270,74,1,111.95,41,5,74,111.95,41.0,0.28846153846153844,111.95,0.0,0.0,111.95,171.20000000000002,United Kingdom
18272,33,2,980.54,788,47,54,490.27,394.0,0.7142857142857143,980.54,0.0,0.0,980.54,2098.04,United Kingdom
18273,65,1,51.0,20,1,65,51.0,20.0,0.31578947368421056,51.0,0.0,0.0,51.0,153.0,United Kingdom
18280,85,1,180.60000000000002,45,10,85,180.60000000000002,45.0,0.2608695652173913,180.60000000000002,0.0,0.0,180.60000000000002,0.0,United Kingdom
18283,8,5,535.05,336,142,145,107.00999999999999,67.2,0.8571428571428572,217.15,99.47,317.9,-100.74999999999997,1559.83,United Kingdom
18287,9,1,765.28,488,27,9,765.28,488.0,0.7692307692307692,765.28,765.28,0.0,765.28,1072.0,United Kingdom
